,timestamp,EngineSpeed ,ThreshingSpeed ,SeparatorDrive 
0,0.003293,1200.0,0.0,0.0
1,0.003579,1200.0,0.0,0.0
2,0.009986,1200.0,0.0,0.0
3,0.01028,1200.0,0.0,0.0
4,0.013541,1200.0,0.0,0.0
5,0.013844,1200.0,0.0,0.0
6,0.023265,1199.75,0.0,0.0
7,0.023552,1199.75,0.0,0.0
8,0.033366,1199.25,0.0,0.0
9,0.033669,1199.25,0.0,0.0
10,0.04286,1200.25,0.0,0.0
11,0.043155,1200.25,0.0,0.0
12,0.054403,1200.5,0.0,0.0
13,0.055164,1200.5,0.0,0.0
14,0.063086,1200.5,0.0,0.0
15,0.063381,1200.5,0.0,0.0
16,0.073752,1200.0,0.0,0.0
17,0.074326,1200.0,0.0,0.0
18,0.082984,1200.25,0.0,0.0
19,0.083271,1200.25,0.0,0.0
20,0.093421,1201.0,0.0,0.0
21,0.094003,1201.0,0.0,0.0
22,0.103358,1200.25,0.0,0.0
23,0.103645,1200.25,0.0,0.0
24,0.110002,1199.5,0.0,0.0
25,0.110313,1199.5,0.0,0.0
26,0.113532,1199.5,0.0,0.0
27,0.113836,1199.5,0.0,0.0
28,0.123248,1199.5,0.0,0.0
29,0.123543,1199.5,0.0,0.0
30,0.133349,1199.75,0.0,0.0
31,0.133816,1199.75,0.0,0.0
32,0.142974,1200.5,0.0,0.0
33,0.143261,1200.5,0.0,0.0
34,0.153976,1200.5,0.0,0.0
35,0.15491,1200.5,0.0,0.0
36,0.162955,1200.5,0.0,0.0
37,0.163241,1200.5,0.0,0.0
38,0.174055,1200.5,0.0,0.0
39,0.174342,1200.5,0.0,0.0
40,0.183033,1200.5,0.0,0.0
41,0.18332,1200.5,0.0,0.0
42,0.193363,1200.5,0.0,0.0
43,0.194019,1200.5,0.0,0.0
44,0.203235,1200.0,0.0,0.0
45,0.203522,1200.0,0.0,0.0
46,0.210329,1199.75,0.0,0.0
47,0.210624,1199.75,0.0,0.0
48,0.214016,1199.75,0.0,0.0
49,0.214302,1199.75,0.0,0.0
50,0.223207,1199.75,0.0,0.0
51,0.223494,1199.75,0.0,0.0
52,0.233308,1199.75,0.0,0.0
53,0.233611,1199.75,0.0,0.0
54,0.24286,1200.25,0.0,0.0
55,0.243146,1200.25,0.0,0.0
56,0.254345,1200.25,0.0,0.0
57,0.255123,1200.25,0.0,0.0
58,0.263045,1200.25,0.0,0.0
59,0.268533,1200.25,0.0,0.0
60,0.273858,1200.0,0.0,0.0
61,0.274489,1200.0,0.0,0.0
62,0.282918,1199.75,0.0,0.0
63,0.283205,1199.75,0.0,0.0
64,0.293568,1200.25,0.0,0.0
65,0.29415,1200.25,0.0,0.0
66,0.303316,1200.0,0.0,0.0
67,0.303874,1200.0,0.0,0.0
68,0.310165,1199.75,0.0,0.0
69,0.31046,1199.75,0.0,0.0
70,0.313565,1199.75,0.0,0.0
71,0.313868,1199.75,0.0,0.0
72,0.323076,1199.5,0.0,0.0
73,0.323371,1199.5,0.0,0.0
74,0.333971,1199.5,0.0,0.0
75,0.334258,1199.5,0.0,0.0
76,0.343048,1200.0,0.0,0.0
77,0.343343,1200.0,0.0,0.0
78,0.353918,1200.0,0.0,0.0
79,0.35477,1200.0,0.0,0.0
80,0.362938,1200.0,0.0,0.0
81,0.363233,1200.0,0.0,0.0
82,0.374267,1200.0,0.0,0.0
83,0.374571,1200.0,0.0,0.0
84,0.383377,1200.0,0.0,0.0
85,0.38368,1200.0,0.0,0.0
86,0.39374,1200.25,0.0,0.0
87,0.394043,1200.25,0.0,0.0
88,0.403251,1199.5,0.0,0.0
89,0.403537,1199.5,0.0,0.0
90,0.410157,1199.25,0.0,0.0
91,0.410451,1199.25,0.0,0.0
92,0.413597,1199.25,0.0,0.0
93,0.4139,1199.25,0.0,0.0
94,0.423239,1199.25,0.0,0.0
95,0.423526,1199.25,0.0,0.0
96,0.433364,1199.25,0.0,0.0
97,0.433668,1199.25,0.0,0.0
98,0.44317,1200.0,0.0,0.0
99,0.443465,1200.0,0.0,0.0
100,0.454393,1200.0,0.0,0.0
101,0.455229,1200.0,0.0,0.0
102,0.462987,1200.25,0.0,0.0
103,0.463273,1200.25,0.0,0.0
104,0.473923,1200.25,0.0,0.0
105,0.474734,1200.25,0.0,0.0
106,0.483024,1200.25,0.0,0.0
107,0.483311,1200.25,0.0,0.0
108,0.493453,1200.5,0.0,0.0
109,0.494034,1200.5,0.0,0.0
110,0.503357,1200.0,0.0,0.0
111,0.503644,1200.0,0.0,0.0
112,0.509992,1199.75,0.0,0.0
113,0.510296,1199.75,0.0,0.0
114,0.513564,1199.75,0.0,0.0
115,0.513867,1199.75,0.0,0.0
116,0.523255,1199.5,0.0,0.0
117,0.52355,1199.5,0.0,0.0
118,0.533463,1199.25,0.0,0.0
119,0.534134,1199.25,0.0,0.0
120,0.54308,1200.0,0.0,0.0
121,0.543375,1200.0,0.0,0.0
122,0.553992,1200.25,0.0,0.0
123,0.554852,1200.25,0.0,0.0
124,0.563003,1200.25,0.0,0.0
125,0.563453,1200.25,0.0,0.0
126,0.574234,1200.0,0.0,0.0
127,0.574791,1200.0,0.0,0.0
128,0.583008,1200.25,0.0,0.0
129,0.583294,1200.25,0.0,0.0
130,0.593567,1200.5,0.0,0.0
131,0.594141,1200.5,0.0,0.0
132,0.603275,1200.25,0.0,0.0
133,0.603561,1200.25,0.0,0.0
134,0.610009,1200.0,0.0,0.0
135,0.610312,1200.0,0.0,0.0
136,0.613597,1200.0,0.0,0.0
137,0.6139,1200.0,0.0,0.0
138,0.623271,1199.5,0.0,0.0
139,0.623558,1199.5,0.0,0.0
140,0.633339,1199.5,0.0,0.0
141,0.633921,1199.5,0.0,0.0
142,0.64294,1200.25,0.0,0.0
143,0.643227,1200.25,0.0,0.0
144,0.654311,1200.0,0.0,0.0
145,0.655147,1200.0,0.0,0.0
146,0.663101,1200.0,0.0,0.0
147,0.663396,1200.0,0.0,0.0
148,0.673816,1200.25,0.0,0.0
149,0.674668,1200.25,0.0,0.0
150,0.682868,1200.25,0.0,0.0
151,0.683155,1200.25,0.0,0.0
152,0.693542,1200.25,0.0,0.0
153,0.694124,1200.25,0.0,0.0
154,0.703299,1199.5,0.0,0.0
155,0.703586,1199.5,0.0,0.0
156,0.710033,1199.75,0.0,0.0
157,0.710328,1199.75,0.0,0.0
158,0.713482,1199.75,0.0,0.0
159,0.713785,1199.75,0.0,0.0
160,0.723099,1199.75,0.0,0.0
161,0.723386,1199.75,0.0,0.0
162,0.733388,1199.75,0.0,0.0
163,0.734248,1199.75,0.0,0.0
164,0.742973,1200.5,0.0,0.0
165,0.74326,1200.5,0.0,0.0
166,0.753942,1200.5,0.0,0.0
167,0.754794,1200.5,0.0,0.0
168,0.762986,1200.5,0.0,0.0
169,0.763273,1200.5,0.0,0.0
170,0.774225,1200.5,0.0,0.0
171,0.774529,1200.5,0.0,0.0
172,0.783015,1200.25,0.0,0.0
173,0.783302,1200.25,0.0,0.0
174,0.793419,1200.75,0.0,0.0
175,0.794009,1200.75,0.0,0.0
176,0.803364,1200.25,0.0,0.0
177,0.803643,1200.25,0.0,0.0
178,0.810008,1200.0,0.0,0.0
179,0.810303,1200.0,0.0,0.0
180,0.813547,1200.0,0.0,0.0
181,0.81385,1200.0,0.0,0.0
182,0.823369,1199.75,0.0,0.0
183,0.823656,1199.75,0.0,0.0
184,0.833339,1199.5,0.0,0.0
185,0.833634,1199.5,0.0,0.0
186,0.842907,1200.5,0.0,0.0
187,0.843194,1200.5,0.0,0.0
188,0.854564,1200.75,0.0,0.0
189,0.855629,1200.75,0.0,0.0
190,0.863084,1200.5,0.0,0.0
191,0.863371,1200.5,0.0,0.0
192,0.873857,1200.75,0.0,0.0
193,0.874201,1200.75,0.0,0.0
194,0.882884,1200.5,0.0,0.0
195,0.883171,1200.5,0.0,0.0
196,0.893419,1200.5,0.0,0.0
197,0.893992,1200.5,0.0,0.0
198,0.90352,1200.0,0.0,0.0
199,0.903806,1200.0,0.0,0.0
200,0.910008,1199.5,0.0,0.0
201,0.910319,1199.5,0.0,0.0
202,0.913498,1199.5,0.0,0.0
203,0.914087,1199.5,0.0,0.0
204,0.923254,1199.25,0.0,0.0
205,0.923541,1199.25,0.0,0.0
206,0.933462,1199.25,0.0,0.0
207,0.933789,1199.25,0.0,0.0
208,0.942989,1200.5,0.0,0.0
209,0.943276,1200.5,0.0,0.0
210,0.954056,1200.0,0.0,0.0
211,0.955154,1200.0,0.0,0.0
212,0.963002,1200.0,0.0,0.0
213,0.963289,1200.0,0.0,0.0
214,0.97411,1200.25,0.0,0.0
215,0.974405,1200.25,0.0,0.0
216,0.983097,1200.25,0.0,0.0
217,0.983384,1200.25,0.0,0.0
218,0.993435,1200.25,0.0,0.0
219,0.994025,1200.25,0.0,0.0
220,1.003388,1200.0,0.0,0.0
221,1.003675,1200.0,0.0,0.0
222,1.01004,1200.0,0.0,0.0
223,1.010335,1200.0,0.0,0.0
224,1.013628,1200.0,0.0,0.0
225,1.013932,1200.0,0.0,0.0
226,1.023303,1199.75,0.0,0.0
227,1.02359,1199.75,0.0,0.0
228,1.033338,1199.25,0.0,0.0
229,1.033641,1199.25,0.0,0.0
230,1.043038,1200.0,0.0,0.0
231,1.043324,1200.0,0.0,0.0
232,1.054351,1200.0,0.0,0.0
233,1.055195,1200.0,0.0,0.0
234,1.063051,1200.0,0.0,0.0
235,1.063337,1200.0,0.0,0.0
236,1.073815,1199.75,0.0,0.0
237,1.074388,1199.75,0.0,0.0
238,1.083088,1199.75,0.0,0.0
239,1.083375,1199.75,0.0,0.0
240,1.093492,1200.25,0.0,0.0
241,1.094082,1200.25,0.0,0.0
242,1.103413,1200.25,0.0,0.0
243,1.103978,1200.25,0.0,0.0
244,1.110016,1200.0,0.0,0.0
245,1.11031,1200.0,0.0,0.0
246,1.113587,1200.0,0.0,0.0
247,1.113899,1200.0,0.0,0.0
248,1.12318,1199.75,0.0,0.0
249,1.123467,1199.75,0.0,0.0
250,1.133469,1199.75,0.0,0.0
251,1.133764,1199.75,0.0,0.0
252,1.143054,1200.75,0.0,0.0
253,1.143332,1200.75,0.0,0.0
254,1.153941,1200.25,0.0,0.0
255,1.154826,1200.25,0.0,0.0
256,1.163001,1199.75,0.0,0.0
257,1.163296,1199.75,0.0,0.0
258,1.174233,1200.0,0.0,0.0
259,1.174536,1200.0,0.0,0.0
260,1.183121,1200.0,0.0,0.0
261,1.183408,1200.0,0.0,0.0
262,1.193451,1200.0,0.0,0.0
263,1.194033,1200.0,0.0,0.0
264,1.203265,1199.25,0.0,0.0
265,1.203552,1199.25,0.0,0.0
266,1.210195,1199.25,0.0,0.0
267,1.21049,1199.25,0.0,0.0
268,1.213554,1199.25,0.0,0.0
269,1.213849,1199.25,0.0,0.0
270,1.223319,1199.0,0.0,0.0
271,1.223606,1199.0,0.0,0.0
272,1.233444,1198.75,0.0,0.0
273,1.233747,1198.75,0.0,0.0
274,1.242906,1199.5,0.0,0.0
275,1.243193,1199.5,0.0,0.0
276,1.254375,1199.75,0.0,0.0
277,1.254965,1199.75,0.0,0.0
278,1.263091,1200.0,0.0,0.0
279,1.263665,1200.0,0.0,0.0
280,1.273683,1200.5,0.0,0.0
281,1.274552,1200.5,0.0,0.0
282,1.283006,1200.25,0.0,0.0
283,1.283293,1200.25,0.0,0.0
284,1.293484,1200.25,0.0,0.0
285,1.294073,1200.25,0.0,0.0
286,1.303388,1199.75,0.0,0.0
287,1.303674,1199.75,0.0,0.0
288,1.310031,1199.5,0.0,0.0
289,1.310334,1199.5,0.0,0.0
290,1.313751,1199.5,0.0,0.0
291,1.314045,1199.5,0.0,0.0
292,1.323188,1199.25,0.0,0.0
293,1.323474,1199.25,0.0,0.0
294,1.334018,1198.75,0.0,0.0
295,1.334296,1198.75,0.0,0.0
296,1.343078,1199.75,0.0,0.0
297,1.343365,1199.75,0.0,0.0
298,1.353981,1200.25,0.0,0.0
299,1.354842,1200.25,0.0,0.0
300,1.363124,1200.0,0.0,0.0
301,1.36341,1200.0,0.0,0.0
302,1.374126,1200.0,0.0,0.0
303,1.374412,1200.0,0.0,0.0
304,1.383284,1200.5,0.0,0.0
305,1.383596,1200.5,0.0,0.0
306,1.393524,1200.75,0.0,0.0
307,1.394098,1200.75,0.0,0.0
308,1.403355,1200.25,0.0,0.0
309,1.403863,1200.25,0.0,0.0
310,1.410351,1200.0,0.0,0.0
311,1.410646,1200.0,0.0,0.0
312,1.414045,1200.0,0.0,0.0
313,1.414332,1200.0,0.0,0.0
314,1.42331,1199.5,0.0,0.0
315,1.423597,1199.5,0.0,0.0
316,1.433411,1199.25,0.0,0.0
317,1.433714,1199.25,0.0,0.0
318,1.44302,1200.0,0.0,0.0
319,1.443315,1200.0,0.0,0.0
320,1.454555,1199.75,0.0,0.0
321,1.455505,1199.75,0.0,0.0
322,1.463148,1199.75,0.0,0.0
323,1.463435,1199.75,0.0,0.0
324,1.474174,1200.0,0.0,0.0
325,1.47451,1200.0,0.0,0.0
326,1.48303,1200.25,0.0,0.0
327,1.483317,1200.25,0.0,0.0
328,1.493581,1200.5,0.0,0.0
329,1.494163,1200.5,0.0,0.0
330,1.50351,1199.75,0.0,0.0
331,1.503797,1199.75,0.0,0.0
332,1.510023,1200.0,0.0,0.0
333,1.510334,1200.0,0.0,0.0
334,1.513684,1200.0,0.0,0.0
335,1.513979,1200.0,0.0,0.0
336,1.523138,1200.0,0.0,0.0
337,1.523425,1200.0,0.0,0.0
338,1.533599,1199.5,0.0,0.0
339,1.533902,1199.5,0.0,0.0
340,1.543127,1200.25,0.0,0.0
341,1.543413,1200.25,0.0,0.0
342,1.554055,1200.5,0.0,0.0
343,1.554907,1200.5,0.0,0.0
344,1.563099,1200.25,0.0,0.0
345,1.563385,1200.25,0.0,0.0
346,1.574158,1200.25,0.0,0.0
347,1.574445,1200.25,0.0,0.0
348,1.583046,1200.25,0.0,0.0
349,1.583333,1200.25,0.0,0.0
350,1.593565,1200.5,0.0,0.0
351,1.594138,1200.5,0.0,0.0
352,1.603461,1200.0,0.0,0.0
353,1.603993,1200.0,0.0,0.0
354,1.610039,1200.0,0.0,0.0
355,1.610334,1200.0,0.0,0.0
356,1.613619,1200.0,0.0,0.0
357,1.613922,1200.0,0.0,0.0
358,1.623449,1199.5,0.0,0.0
359,1.623736,1199.5,0.0,0.0
360,1.633386,1199.25,0.0,0.0
361,1.633968,1199.25,0.0,0.0
362,1.642913,1200.25,0.0,0.0
363,1.6432,1200.25,0.0,0.0
364,1.654554,1200.5,0.0,0.0
365,1.655619,1200.5,0.0,0.0
366,1.66309,1200.25,0.0,0.0
367,1.665236,1200.25,0.0,0.0
368,1.673846,1200.75,0.0,0.0
369,1.675255,1200.75,0.0,0.0
370,1.683038,1200.75,0.0,0.0
371,1.68348,1200.75,0.0,0.0
372,1.693573,1200.75,0.0,0.0
373,1.694425,1200.75,0.0,0.0
374,1.703387,1200.0,0.0,0.0
375,1.703682,1200.0,0.0,0.0
376,1.710112,1199.5,0.0,0.0
377,1.710407,1199.5,0.0,0.0
378,1.71361,1199.5,0.0,0.0
379,1.713913,1199.5,0.0,0.0
380,1.723252,1199.25,0.0,0.0
381,1.723539,1199.25,0.0,0.0
382,1.733509,1199.5,0.0,0.0
383,1.734361,1199.5,0.0,0.0
384,1.743126,1200.25,0.0,0.0
385,1.743405,1200.25,0.0,0.0
386,1.754013,1200.0,0.0,0.0
387,1.755127,1200.0,0.0,0.0
388,1.762992,1200.25,0.0,0.0
389,1.763278,1200.25,0.0,0.0
390,1.774182,1200.25,0.0,0.0
391,1.77451,1200.25,0.0,0.0
392,1.783021,1200.25,0.0,0.0
393,1.783308,1200.25,0.0,0.0
394,1.793523,1200.5,0.0,0.0
395,1.794097,1200.5,0.0,0.0
396,1.803419,1200.0,0.0,0.0
397,1.803706,1200.0,0.0,0.0
398,1.810022,1199.75,0.0,0.0
399,1.810317,1199.75,0.0,0.0
400,1.813995,1199.75,0.0,0.0
401,1.814282,1199.75,0.0,0.0
402,1.823236,1199.75,0.0,0.0
403,1.823522,1199.75,0.0,0.0
404,1.833394,1199.5,0.0,0.0
405,1.833689,1199.5,0.0,0.0
406,1.842978,1200.25,0.0,0.0
407,1.843265,1200.25,0.0,0.0
408,1.85439,1200.5,0.0,0.0
409,1.855234,1200.5,0.0,0.0
410,1.863237,1200.5,0.0,0.0
411,1.863516,1200.5,0.0,0.0
412,1.87419,1200.25,0.0,0.0
413,1.874518,1200.25,0.0,0.0
414,1.883004,1200.25,0.0,0.0
415,1.883291,1200.25,0.0,0.0
416,1.89399,1200.5,0.0,0.0
417,1.894563,1200.5,0.0,0.0
418,1.903378,1200.25,0.0,0.0
419,1.903665,1200.25,0.0,0.0
420,1.910087,1199.75,0.0,0.0
421,1.910382,1199.75,0.0,0.0
422,1.913503,1199.75,0.0,0.0
423,1.913806,1199.75,0.0,0.0
424,1.923375,1199.5,0.0,0.0
425,1.92367,1199.5,0.0,0.0
426,1.933451,1199.75,0.0,0.0
427,1.933746,1199.75,0.0,0.0
428,1.943076,1200.5,0.0,0.0
429,1.943355,1200.5,0.0,0.0
430,1.954045,1200.0,0.0,0.0
431,1.954906,1200.0,0.0,0.0
432,1.963024,1200.0,0.0,0.0
433,1.963319,1200.0,0.0,0.0
434,1.974296,1200.0,0.0,0.0
435,1.974599,1200.0,0.0,0.0
436,1.98307,1200.0,0.0,0.0
437,1.983356,1200.0,0.0,0.0
438,1.993482,1200.25,0.0,0.0
439,1.994072,1200.25,0.0,0.0
440,2.003296,1199.75,0.0,0.0
441,2.003582,1199.75,0.0,0.0
442,2.01003,1199.5,0.0,0.0
443,2.010357,1199.5,0.0,0.0
444,2.013667,1199.5,0.0,0.0
445,2.013962,1199.5,0.0,0.0
446,2.023366,1199.5,0.0,0.0
447,2.023661,1199.5,0.0,0.0
448,2.033434,1199.25,0.0,0.0
449,2.033737,1199.25,0.0,0.0
450,2.043101,1200.0,0.0,0.0
451,2.043396,1200.0,0.0,0.0
452,2.054406,1200.25,0.0,0.0
453,2.055135,1200.25,0.0,0.0
454,2.062999,1200.5,0.0,0.0
455,2.063286,1200.5,0.0,0.0
456,2.073944,1200.5,0.0,0.0
457,2.074525,1200.5,0.0,0.0
458,2.082979,1200.25,0.0,0.0
459,2.083266,1200.25,0.0,0.0
460,2.093465,1200.5,0.0,0.0
461,2.093768,1200.5,0.0,0.0
462,2.103435,1200.0,0.0,0.0
463,2.103721,1200.0,0.0,0.0
464,2.110038,1199.5,0.0,0.0
465,2.110341,1199.5,0.0,0.0
466,2.113642,1199.5,0.0,0.0
467,2.113937,1199.5,0.0,0.0
468,2.123276,1199.0,0.0,0.0
469,2.123571,1199.0,0.0,0.0
470,2.133565,1199.0,0.0,0.0
471,2.13386,1199.0,0.0,0.0
472,2.143019,1200.0,0.0,0.0
473,2.143305,1200.0,0.0,0.0
474,2.154078,1199.75,0.0,0.0
475,2.155094,1199.75,0.0,0.0
476,2.162958,1199.5,0.0,0.0
477,2.163253,1199.5,0.0,0.0
478,2.174197,1199.5,0.0,0.0
479,2.174484,1199.5,0.0,0.0
480,2.183184,1199.5,0.0,0.0
481,2.183471,1199.5,0.0,0.0
482,2.193481,1199.75,0.0,0.0
483,2.194055,1199.75,0.0,0.0
484,2.203312,1199.0,0.0,0.0
485,2.203607,1199.0,0.0,0.0
486,2.210062,1198.5,0.0,0.0
487,2.210357,1198.5,0.0,0.0
488,2.21365,1198.5,0.0,0.0
489,2.213953,1198.5,0.0,0.0
490,2.223456,1198.25,0.0,0.0
491,2.22398,1198.25,0.0,0.0
492,2.233417,1198.25,0.0,0.0
493,2.233712,1198.25,0.0,0.0
494,2.242985,1198.75,0.0,0.0
495,2.243272,1198.75,0.0,0.0
496,2.25434,1198.25,0.0,0.0
497,2.255183,1198.25,0.0,0.0
498,2.263064,1198.25,0.0,0.0
499,2.266218,1198.25,0.0,0.0
500,2.273902,1198.25,0.0,0.0
501,2.274484,1198.25,0.0,0.0
502,2.283012,1197.75,0.0,0.0
503,2.283298,1197.75,0.0,0.0
504,2.293604,1197.25,0.0,0.0
505,2.293907,1197.25,0.0,0.0
506,2.303459,1196.75,0.0,0.0
507,2.303737,1196.75,0.0,0.0
508,2.31007,1196.0,0.0,0.0
509,2.310389,1196.0,0.0,0.0
510,2.31365,1196.0,0.0,0.0
511,2.313953,1196.0,0.0,0.0
512,2.323398,1195.25,0.0,0.0
513,2.323677,1195.25,0.0,0.0
514,2.334154,1194.25,0.0,0.0
515,2.334433,1194.25,0.0,0.0
516,2.343124,1194.25,0.0,0.0
517,2.343411,1194.25,0.0,0.0
518,2.354094,1193.25,0.0,0.0
519,2.354954,1193.25,0.0,0.0
520,2.36308,1192.25,0.0,0.0
521,2.363367,1192.25,0.0,0.0
522,2.374336,1191.0,0.0,0.0
523,2.374639,1191.0,0.0,0.0
524,2.38338,1189.75,0.0,0.0
525,2.383953,1189.75,0.0,0.0
526,2.393563,1188.75,0.0,0.0
527,2.393866,1188.75,0.0,0.0
528,2.403295,1187.5,0.0,0.0
529,2.403581,1187.5,0.0,0.0
530,2.410045,1185.75,0.0,0.0
531,2.410348,1185.75,0.0,0.0
532,2.414108,1185.75,0.0,0.0
533,2.414395,1185.75,0.0,0.0
534,2.423365,1183.75,0.0,0.0
535,2.423652,1183.75,0.0,0.0
536,2.433556,1182.5,0.0,0.0
537,2.433859,1182.5,0.0,0.0
538,2.443001,1181.5,0.0,0.0
539,2.443288,1181.5,0.0,0.0
540,2.454339,1179.75,0.0,0.0
541,2.455183,1179.75,0.0,0.0
542,2.463547,1178.25,0.0,0.0
543,2.464063,1178.25,0.0,0.0
544,2.473885,1176.5,0.0,0.0
545,2.474467,1176.5,0.0,0.0
546,2.483109,1174.25,0.0,0.0
547,2.483396,1174.25,0.0,0.0
548,2.493562,1172.25,0.0,0.0
549,2.493857,1172.25,0.0,0.0
550,2.503565,1169.0,0.0,0.0
551,2.503852,1169.0,0.0,0.0
552,2.510209,1165.5,0.0,0.0
553,2.510503,1165.5,0.0,0.0
554,2.5136,1165.5,0.0,0.0
555,2.513903,1165.5,0.0,0.0
556,2.523348,1161.75,0.0,0.0
557,2.523635,1161.75,0.0,0.0
558,2.534055,1157.25,0.0,0.0
559,2.534334,1157.25,0.0,0.0
560,2.543214,1152.0,0.0,0.0
561,2.543501,1152.0,0.0,0.0
562,2.553856,1146.25,0.0,0.0
563,2.554445,1146.25,0.0,0.0
564,2.563055,1137.75,0.0,0.0
565,2.563342,1137.75,0.0,0.0
566,2.574049,1129.25,0.0,0.0
567,2.574336,1129.25,0.0,0.0
568,2.583248,1119.25,0.0,0.0
569,2.583535,1119.25,0.0,0.0
570,2.593906,1107.0,0.0,0.0
571,2.594234,1107.0,0.0,0.0
572,2.603671,1094.75,0.0,0.0
573,2.603958,1094.75,0.0,0.0
574,2.610216,1078.25,0.0,0.0
575,2.610511,1078.25,0.0,0.0
576,2.614239,1078.25,0.0,0.0
577,2.614517,1078.25,0.0,0.0
578,2.623553,1060.25,0.0,0.0
579,2.62384,1060.25,0.0,0.0
580,2.633531,1039.75,0.0,0.0
581,2.634203,1039.75,0.0,0.0
582,2.643132,1018.75,0.0,0.0
583,2.643419,1018.75,0.0,0.0
584,2.654347,1000.75,0.0,0.0
585,2.655191,1000.75,0.0,0.0
586,2.663227,983.5,0.0,0.0
587,2.663522,983.5,0.0,0.0
588,2.674057,968.0,0.0,0.0
589,2.674909,968.0,0.0,0.0
590,2.68315,951.25,0.0,0.0
591,2.683445,951.25,0.0,0.0
592,2.694078,939.0,0.0,0.0
593,2.694373,939.0,0.0,0.0
594,2.703196,927.5,0.0,0.0
595,2.703491,927.5,0.0,0.0
596,2.7102,915.25,0.0,0.0
597,2.710495,915.25,0.0,0.0
598,2.713747,915.25,0.0,0.0
599,2.71405,915.25,0.0,0.0
600,2.723143,902.75,0.0,0.0
601,2.72343,902.75,0.0,0.0
602,2.733539,892.5,0.0,0.0
603,2.734399,892.5,0.0,0.0
604,2.743197,883.5,0.0,0.0
605,2.743492,883.5,0.0,0.0
606,2.753806,872.5,0.0,0.0
607,2.754396,872.5,0.0,0.0
608,2.763268,863.25,0.0,0.0
609,2.763563,863.25,0.0,0.0
610,2.774228,853.0,0.0,0.0
611,2.774515,853.0,0.0,0.0
612,2.7831,846.25,0.0,0.0
613,2.783387,846.25,0.0,0.0
614,2.793512,837.75,0.0,0.0
615,2.793824,837.75,0.0,0.0
616,2.803245,830.5,0.0,0.0
617,2.803531,830.5,0.0,0.0
618,2.810298,822.5,0.0,0.0
619,2.810593,822.5,0.0,0.0
620,2.81364,822.5,0.0,0.0
621,2.813935,822.5,0.0,0.0
622,2.823249,813.5,0.0,0.0
623,2.823544,813.5,0.0,0.0
624,2.833588,805.75,0.0,0.0
625,2.833891,805.75,0.0,0.0
626,2.84314,797.75,0.0,0.0
627,2.843426,797.75,0.0,0.0
628,2.854264,790.5,0.0,0.0
629,2.855108,790.5,0.0,0.0
630,2.863153,782.5,0.0,0.0
631,2.863439,782.5,0.0,0.0
632,2.873917,774.75,0.0,0.0
633,2.874253,774.75,0.0,0.0
634,2.883117,766.25,0.0,0.0
635,2.883411,766.25,0.0,0.0
636,2.894012,757.5,0.0,0.0
637,2.894348,757.5,0.0,0.0
638,2.903212,750.0,0.0,0.0
639,2.903498,750.0,0.0,0.0
640,2.910199,742.0,0.0,0.0
641,2.910502,742.0,0.0,0.0
642,2.913665,742.0,0.0,0.0
643,2.913959,742.0,0.0,0.0
644,2.923192,731.75,0.0,0.0
645,2.923479,731.75,0.0,0.0
646,2.933637,723.75,0.0,0.0
647,2.93394,723.75,0.0,0.0
648,2.943311,716.25,0.0,0.0
649,2.943606,716.25,0.0,0.0
650,2.95383,707.5,0.0,0.0
651,2.95469,707.5,0.0,0.0
652,2.962997,699.25,0.0,0.0
653,2.963283,699.25,0.0,0.0
654,2.97431,689.75,0.0,0.0
655,2.974613,689.75,0.0,0.0
656,2.983247,678.5,0.0,0.0
657,2.983534,678.5,0.0,0.0
658,2.993676,670.5,0.0,0.0
659,2.993979,670.5,0.0,0.0
660,3.00331,661.5,0.0,0.0
661,3.003604,661.5,0.0,0.0
662,3.010371,651.25,0.0,0.0
663,3.010666,651.25,0.0,0.0
664,3.014164,651.25,0.0,0.0
665,3.014451,651.25,0.0,0.0
666,3.02329,640.0,0.0,0.0
667,3.023585,640.0,0.0,0.0
668,3.033563,628.5,0.0,0.0
669,3.033874,628.5,0.0,0.0
670,3.043155,617.75,0.0,0.0
671,3.043442,617.75,0.0,0.0
672,3.054231,606.25,0.0,0.0
673,3.054796,606.25,0.0,0.0
674,3.063103,594.25,0.0,0.0
675,3.06339,594.25,0.0,0.0
676,3.073982,580.75,0.0,0.0
677,3.074285,580.75,0.0,0.0
678,3.083157,565.0,0.0,0.0
679,3.083444,565.0,0.0,0.0
680,3.093659,550.5,0.0,0.0
681,3.093962,550.5,0.0,0.0
682,3.103399,536.75,0.0,0.0
683,3.103678,536.75,0.0,0.0
684,3.110215,519.5,0.0,0.0
685,3.11051,519.5,0.0,0.0
686,3.113648,519.5,0.0,0.0
687,3.113943,519.5,0.0,0.0
688,3.123011,503.75,0.0,0.0
689,3.123298,503.75,0.0,0.0
690,3.133554,502.5,0.0,0.0
691,3.133849,502.5,0.0,0.0
692,3.143049,460.75,0.0,0.0
693,3.143335,460.75,0.0,0.0
694,3.153764,406.25,0.0,0.0
695,3.154624,406.25,0.0,0.0
696,3.162996,413.75,0.0,0.0
697,3.163283,413.75,0.0,0.0
698,3.174203,474.75,0.0,0.0
699,3.174481,474.75,0.0,0.0
700,3.183091,466.25,0.0,0.0
701,3.183378,466.25,0.0,0.0
702,3.193667,431.25,0.0,0.0
703,3.194257,431.25,0.0,0.0
704,3.203047,397.5,0.0,0.0
705,3.203342,397.5,0.0,0.0
706,3.210207,464.0,0.0,0.0
707,3.21051,464.0,0.0,0.0
708,3.213639,464.0,212.0,0.0
709,3.213942,464.0,212.0,0.0
710,3.223207,466.0,212.0,0.0
711,3.223502,466.0,212.0,0.0
712,3.233431,481.25,212.0,0.0
713,3.233734,481.25,212.0,0.0
714,3.242975,444.75,212.0,0.0
715,3.243261,444.75,212.0,0.0
716,3.254288,481.0,212.0,0.0
717,3.255132,481.0,212.0,0.0
718,3.263094,511.0,212.0,0.0
719,3.263643,511.0,212.0,0.0
720,3.273736,488.5,212.0,0.0
721,3.274031,488.5,212.0,0.0
722,3.283263,444.0,212.0,0.0
723,3.283558,444.0,212.0,0.0
724,3.293503,461.25,212.0,0.0
725,3.294093,461.25,212.0,0.0
726,3.303219,484.5,212.0,0.0
727,3.303514,484.5,212.0,0.0
728,3.310223,498.0,212.0,0.0
729,3.310755,498.0,212.0,0.0
730,3.313745,498.0,223.0,0.0
731,3.314049,498.0,223.0,0.0
732,3.32324,458.25,223.0,0.0
733,3.323527,458.25,223.0,0.0
734,3.334168,479.0,223.0,0.0
735,3.334455,479.0,223.0,0.0
736,3.343171,532.5,223.0,0.0
737,3.343458,532.5,223.0,0.0
738,3.353862,502.25,223.0,0.0
739,3.354443,502.25,223.0,0.0
740,3.362996,504.0,223.0,0.0
741,3.363282,504.0,223.0,0.0
742,3.374039,509.5,223.0,0.0
743,3.374325,509.5,223.0,0.0
744,3.383451,514.0,223.0,0.0
745,3.383746,514.0,223.0,0.0
746,3.393462,516.5,223.0,0.0
747,3.394052,516.5,223.0,0.0
748,3.403145,518.75,223.0,0.0
749,3.403431,518.75,223.0,0.0
750,3.410255,521.5,223.0,0.0
751,3.41055,521.5,223.0,0.0
752,3.413737,521.5,241.0,0.0
753,3.414032,521.5,241.0,0.0
754,3.423371,522.5,241.0,0.0
755,3.423657,522.5,241.0,0.0
756,3.433553,524.0,241.0,0.0
757,3.433857,524.0,241.0,0.0
758,3.442982,525.5,241.0,0.0
759,3.44331,525.5,241.0,0.0
760,3.454148,527.5,241.0,0.0
761,3.454443,527.5,241.0,0.0
762,3.463028,530.25,241.0,0.0
763,3.463315,530.25,241.0,0.0
764,3.474006,533.5,241.0,0.0
765,3.474579,533.5,241.0,0.0
766,3.483017,538.25,241.0,0.0
767,3.483303,538.25,241.0,0.0
768,3.493576,543.0,241.0,0.0
769,3.49415,543.0,241.0,0.0
770,3.503284,546.5,241.0,0.0
771,3.50357,546.5,241.0,0.0
772,3.510255,552.25,241.0,0.0
773,3.51055,552.25,241.0,0.0
774,3.513589,552.25,250.0,0.0
775,3.513884,552.25,250.0,0.0
776,3.523092,557.0,250.0,0.0
777,3.523379,557.0,250.0,0.0
778,3.533504,560.5,250.0,0.0
779,3.533807,560.5,250.0,0.0
780,3.543228,563.0,250.0,0.0
781,3.543515,563.0,250.0,0.0
782,3.553976,564.5,250.0,0.0
783,3.554828,564.5,250.0,0.0
784,3.562979,565.5,250.0,0.0
785,3.563266,565.5,250.0,0.0
786,3.574112,566.25,250.0,0.0
787,3.574398,566.25,250.0,0.0
788,3.583254,568.0,250.0,0.0
789,3.583549,568.0,250.0,0.0
790,3.593519,570.25,250.0,0.0
791,3.593822,570.25,250.0,0.0
792,3.603169,575.0,250.0,0.0
793,3.603456,575.0,250.0,0.0
794,3.610222,580.75,250.0,0.0
795,3.610517,580.75,250.0,0.0
796,3.614072,580.75,265.0,0.0
797,3.614351,580.75,265.0,0.0
798,3.623428,588.0,265.0,0.0
799,3.623714,588.0,265.0,0.0
800,3.633471,593.0,265.0,0.0
801,3.634069,593.0,265.0,0.0
802,3.643129,596.25,265.0,0.0
803,3.643408,596.25,265.0,0.0
804,3.654295,598.25,265.0,0.0
805,3.654909,598.25,265.0,0.0
806,3.663233,599.0,265.0,0.0
807,3.663708,599.0,265.0,0.0
808,3.673899,599.5,265.0,0.0
809,3.674243,599.5,265.0,0.0
810,3.683287,600.25,265.0,0.0
811,3.683573,600.25,265.0,0.0
812,3.693576,602.25,265.0,0.0
813,3.693879,602.25,265.0,0.0
814,3.703291,604.25,265.0,0.0
815,3.70357,604.25,265.0,0.0
816,3.710255,607.75,265.0,0.0
817,3.710541,607.75,265.0,0.0
818,3.713662,607.75,281.0,0.0
819,3.713966,607.75,281.0,0.0
820,3.723296,613.25,281.0,0.0
821,3.723583,613.25,281.0,0.0
822,3.734052,618.75,281.0,0.0
823,3.734626,618.75,281.0,0.0
824,3.743277,623.25,281.0,0.0
825,3.743653,623.25,281.0,0.0
826,3.753869,626.5,281.0,0.0
827,3.754459,626.5,281.0,0.0
828,3.763101,629.75,281.0,0.0
829,3.763527,629.75,281.0,0.0
830,3.774136,632.0,281.0,0.0
831,3.774423,632.0,281.0,0.0
832,3.783229,634.0,281.0,0.0
833,3.78372,634.0,281.0,0.0
834,3.793649,635.75,281.0,0.0
835,3.793944,635.75,281.0,0.0
836,3.803209,638.25,281.0,0.0
837,3.803496,638.25,281.0,0.0
838,3.810246,641.0,281.0,0.0
839,3.810533,641.0,281.0,0.0
840,3.81417,641.0,294.0,0.0
841,3.814457,641.0,294.0,0.0
842,3.823468,644.5,294.0,0.0
843,3.823755,644.5,294.0,0.0
844,3.833634,647.0,294.0,0.0
845,3.833937,647.0,294.0,0.0
846,3.843121,650.0,294.0,0.0
847,3.843416,650.0,294.0,0.0
848,3.854295,652.75,294.0,0.0
849,3.855138,652.75,294.0,0.0
850,3.863298,657.0,294.0,0.0
851,3.863584,657.0,294.0,0.0
852,3.873873,660.5,294.0,0.0
853,3.874177,660.5,294.0,0.0
854,3.883278,664.5,294.0,0.0
855,3.883573,664.5,294.0,0.0
856,3.893673,667.5,294.0,0.0
857,3.893968,667.5,294.0,0.0
858,3.903275,669.5,294.0,0.0
859,3.903561,669.5,294.0,0.0
860,3.910254,671.0,294.0,0.0
861,3.910541,671.0,294.0,0.0
862,3.913801,671.0,308.0,0.0
863,3.914104,671.0,308.0,0.0
864,3.923288,672.75,308.0,0.0
865,3.923574,672.75,308.0,0.0
866,3.933642,675.5,308.0,0.0
867,3.933945,675.5,308.0,0.0
868,3.943292,680.25,308.0,0.0
869,3.943579,680.25,308.0,0.0
870,3.953827,684.75,308.0,0.0
871,3.954417,684.75,308.0,0.0
872,3.963297,690.0,308.0,0.0
873,3.963592,690.0,308.0,0.0
874,3.974348,693.5,308.0,0.0
875,3.974651,693.5,308.0,0.0
876,3.983196,697.75,308.0,0.0
877,3.983482,697.75,308.0,0.0
878,3.993608,702.5,308.0,0.0
879,3.993903,702.5,308.0,0.0
880,4.003323,706.5,308.0,0.0
881,4.003708,706.5,308.0,0.0
882,4.010377,709.5,308.0,0.0
883,4.010663,709.5,308.0,0.0
884,4.014292,709.5,322.0,0.0
885,4.014579,709.5,322.0,0.0
886,4.023468,711.0,322.0,0.0
887,4.023754,711.0,322.0,0.0
888,4.033617,712.5,322.0,0.0
889,4.033921,712.5,322.0,0.0
890,4.043268,714.75,322.0,0.0
891,4.043554,714.75,322.0,0.0
892,4.054196,718.25,322.0,0.0
893,4.054499,718.25,322.0,0.0
894,4.063232,721.25,322.0,0.0
895,4.0636,721.25,322.0,0.0
896,4.073816,725.0,322.0,0.0
897,4.074397,725.0,322.0,0.0
898,4.083154,728.5,322.0,0.0
899,4.083441,728.5,322.0,0.0
900,4.093665,733.5,322.0,0.0
901,4.094255,733.5,322.0,0.0
902,4.103266,738.0,322.0,0.0
903,4.103561,738.0,322.0,0.0
904,4.110196,742.5,322.0,0.0
905,4.110483,742.5,322.0,0.0
906,4.113776,742.5,338.0,0.0
907,4.11435,742.5,338.0,0.0
908,4.123312,746.5,338.0,0.0
909,4.123607,746.5,338.0,0.0
910,4.133715,749.5,338.0,0.0
911,4.134019,749.5,338.0,0.0
912,4.143144,752.75,338.0,0.0
913,4.143595,752.75,338.0,0.0
914,4.153925,756.0,338.0,0.0
915,4.154982,756.0,338.0,0.0
916,4.163117,759.75,338.0,0.0
917,4.163411,759.75,338.0,0.0
918,4.174151,762.75,338.0,0.0
919,4.174438,762.75,338.0,0.0
920,4.183261,765.5,338.0,0.0
921,4.183556,765.5,338.0,0.0
922,4.193558,768.75,338.0,0.0
923,4.193861,768.75,338.0,0.0
924,4.203446,773.0,338.0,0.0
925,4.203741,773.0,338.0,0.0
926,4.21027,779.0,338.0,0.0
927,4.210556,779.0,338.0,0.0
928,4.214218,779.0,357.0,0.0
929,4.214505,779.0,357.0,0.0
930,4.223287,783.25,357.0,0.0
931,4.223574,783.25,357.0,0.0
932,4.233625,786.25,357.0,0.0
933,4.233928,786.25,357.0,0.0
934,4.243136,788.25,357.0,0.0
935,4.243431,788.25,357.0,0.0
936,4.254334,790.75,357.0,0.0
937,4.25517,790.75,357.0,0.0
938,4.263305,794.0,357.0,0.0
939,4.265336,794.0,357.0,0.0
940,4.274003,796.75,357.0,0.0
941,4.281638,796.75,357.0,0.0
942,4.283211,799.75,357.0,0.0
943,4.283506,799.75,357.0,0.0
944,4.294131,802.5,357.0,0.0
945,4.294426,802.5,357.0,0.0
946,4.303527,806.75,357.0,0.0
947,4.303814,806.75,357.0,0.0
948,4.310245,812.75,357.0,0.0
949,4.31054,812.75,357.0,0.0
950,4.313866,812.75,369.0,0.0
951,4.314169,812.75,369.0,0.0
952,4.323246,817.5,369.0,0.0
953,4.323532,817.5,369.0,0.0
954,4.334379,822.25,369.0,0.0
955,4.334673,822.25,369.0,0.0
956,4.343201,825.0,369.0,0.0
957,4.343488,825.0,369.0,0.0
958,4.354146,828.25,369.0,0.0
959,4.355006,828.25,369.0,0.0
960,4.363239,831.75,369.0,0.0
961,4.363534,831.75,369.0,0.0
962,4.374495,833.75,369.0,0.0
963,4.374798,833.75,369.0,0.0
964,4.383498,835.0,369.0,0.0
965,4.383784,835.0,369.0,0.0
966,4.393721,836.5,369.0,0.0
967,4.394024,836.5,369.0,0.0
968,4.403355,839.75,369.0,0.0
969,4.40365,839.75,369.0,0.0
970,4.410245,844.25,369.0,0.0
971,4.410531,844.25,369.0,0.0
972,4.414087,844.25,388.0,0.0
973,4.414373,844.25,388.0,0.0
974,4.424015,849.0,388.0,0.0
975,4.424302,849.0,388.0,0.0
976,4.433715,852.25,388.0,0.0
977,4.434018,852.25,388.0,0.0
978,4.443119,856.75,388.0,0.0
979,4.443406,856.75,388.0,0.0
980,4.454465,862.5,388.0,0.0
981,4.455301,862.5,388.0,0.0
982,4.46314,866.5,388.0,0.0
983,4.46391,866.5,388.0,0.0
984,4.474028,870.0,388.0,0.0
985,4.474585,870.0,388.0,0.0
986,4.483538,872.5,388.0,0.0
987,4.483825,872.5,388.0,0.0
988,4.494221,875.25,388.0,0.0
989,4.494524,875.25,388.0,0.0
990,4.503347,880.0,388.0,0.0
991,4.503633,880.0,388.0,0.0
992,4.510244,883.0,388.0,0.0
993,4.510539,883.0,388.0,0.0
994,4.513832,883.0,399.0,0.0
995,4.514283,883.0,399.0,0.0
996,4.523565,885.25,399.0,0.0
997,4.523851,885.25,399.0,0.0
998,4.53419,887.25,399.0,0.0
999,4.534476,887.25,399.0,0.0
1000,4.543299,890.5,399.0,0.0
1001,4.543594,890.5,399.0,0.0
1002,4.553965,894.5,399.0,0.0
1003,4.554547,894.5,399.0,0.0
1004,4.563279,898.75,399.0,0.0
1005,4.563566,898.75,399.0,0.0
1006,4.574265,903.0,399.0,0.0
1007,4.574552,903.0,399.0,0.0
1008,4.583268,907.75,399.0,0.0
1009,4.583555,907.75,399.0,0.0
1010,4.593745,912.5,399.0,0.0
1011,4.59404,912.5,399.0,0.0
1012,4.603781,916.0,399.0,0.0
1013,4.604067,916.0,399.0,0.0
1014,4.610277,918.0,399.0,0.0
1015,4.610564,918.0,399.0,0.0
1016,4.613857,918.0,423.0,0.0
1017,4.614152,918.0,423.0,0.0
1018,4.62336,920.75,423.0,0.0
1019,4.623646,920.75,423.0,0.0
1020,4.633952,925.0,423.0,0.0
1021,4.634525,925.0,423.0,0.0
1022,4.64316,928.0,423.0,0.0
1023,4.643454,928.0,423.0,0.0
1024,4.654235,930.25,423.0,0.0
1025,4.65453,930.25,423.0,0.0
1026,4.663222,933.25,423.0,0.0
1027,4.6635,933.25,423.0,0.0
1028,4.673855,937.75,423.0,0.0
1029,4.67415,937.75,423.0,0.0
1030,4.683169,943.0,423.0,0.0
1031,4.683464,943.0,423.0,0.0
1032,4.694122,947.5,423.0,0.0
1033,4.694417,947.5,423.0,0.0
1034,4.70324,950.25,423.0,0.0
1035,4.703526,950.25,423.0,0.0
1036,4.710252,953.5,423.0,0.0
1037,4.710547,953.5,423.0,0.0
1038,4.71375,953.5,435.0,0.0
1039,4.714053,953.5,435.0,0.0
1040,4.723195,957.25,435.0,0.0
1041,4.723482,957.25,435.0,0.0
1042,4.734124,960.0,435.0,0.0
1043,4.734656,960.0,435.0,0.0
1044,4.743249,962.5,435.0,0.0
1045,4.743544,962.5,435.0,0.0
1046,4.753997,966.25,435.0,0.0
1047,4.754579,966.25,435.0,0.0
1048,4.763164,972.25,435.0,0.0
1049,4.763459,972.25,435.0,0.0
1050,4.774264,977.25,435.0,0.0
1051,4.774551,977.25,435.0,0.0
1052,4.783423,980.5,435.0,0.0
1053,4.78371,980.5,435.0,0.0
1054,4.79386,983.75,435.0,0.0
1055,4.794449,983.75,435.0,0.0
1056,4.803371,987.75,435.0,0.0
1057,4.803657,987.75,435.0,0.0
1058,4.810252,991.25,435.0,0.0
1059,4.810547,991.25,435.0,0.0
1060,4.814331,991.25,457.0,0.0
1061,4.814618,991.25,457.0,0.0
1062,4.823564,993.5,457.0,0.0
1063,4.823859,993.5,457.0,0.0
1064,4.833886,996.25,457.0,0.0
1065,4.834312,996.25,457.0,0.0
1066,4.843298,1000.25,457.0,0.0
1067,4.843585,1000.25,457.0,0.0
1068,4.854603,1003.25,457.0,0.0
1069,4.855635,1003.25,457.0,0.0
1070,4.863287,1005.5,457.0,0.0
1071,4.863614,1005.5,457.0,0.0
1072,4.874027,1009.0,457.0,0.0
1073,4.87433,1009.0,457.0,0.0
1074,4.883357,1013.5,457.0,0.0
1075,4.883652,1013.5,457.0,0.0
1076,4.893687,1017.25,457.0,0.0
1077,4.89431,1017.25,457.0,0.0
1078,4.903362,1020.25,457.0,0.0
1079,4.903657,1020.25,457.0,0.0
1080,4.91026,1024.25,457.0,0.0
1081,4.910555,1024.25,457.0,0.0
1082,4.9137,1024.25,466.0,0.0
1083,4.913995,1024.25,466.0,0.0
1084,4.923277,1029.5,466.0,0.0
1085,4.923572,1029.5,466.0,0.0
1086,4.934311,1035.0,466.0,0.0
1087,4.934606,1035.0,466.0,0.0
1088,4.943142,1038.75,466.0,0.0
1089,4.943429,1038.75,466.0,0.0
1090,4.953907,1042.75,466.0,0.0
1091,4.954497,1042.75,466.0,0.0
1092,4.963147,1046.75,466.0,0.0
1093,4.963434,1046.75,466.0,0.0
1094,4.974272,1050.0,466.0,0.0
1095,4.974567,1050.0,466.0,0.0
1096,4.983291,1052.25,466.0,0.0
1097,4.983578,1052.25,466.0,0.0
1098,4.993679,1055.5,466.0,0.0
1099,4.993982,1055.5,466.0,0.0
1100,5.003182,1058.75,466.0,0.0
1101,5.003468,1058.75,466.0,0.0
1102,5.010407,1061.0,466.0,0.0
1103,5.010702,1061.0,466.0,0.0
1104,5.014126,1061.0,488.0,0.0
1105,5.014413,1061.0,488.0,0.0
1106,5.023473,1064.0,488.0,0.0
1107,5.023768,1064.0,488.0,0.0
1108,5.03382,1068.5,488.0,0.0
1109,5.034115,1068.5,488.0,0.0
1110,5.043945,1073.75,488.0,0.0
1111,5.044297,1073.75,488.0,0.0
1112,5.054267,1077.5,488.0,0.0
1113,5.054832,1077.5,488.0,0.0
1114,5.063196,1082.75,488.0,0.0
1115,5.063491,1082.75,488.0,0.0
1116,5.073911,1089.25,488.0,0.0
1117,5.074493,1089.25,488.0,0.0
1118,5.08348,1094.75,488.0,0.0
1119,5.083774,1094.75,488.0,0.0
1120,5.093687,1097.0,488.0,0.0
1121,5.093982,1097.0,488.0,0.0
1122,5.103362,1099.25,488.0,0.0
1123,5.103648,1099.25,488.0,0.0
1124,5.110267,1102.25,488.0,0.0
1125,5.110571,1102.25,488.0,0.0
1126,5.113757,1102.25,502.0,0.0
1127,5.114052,1102.25,502.0,0.0
1128,5.123276,1104.25,502.0,0.0
1129,5.123563,1104.25,502.0,0.0
1130,5.13377,1105.75,502.0,0.0
1131,5.134721,1105.75,502.0,0.0
1132,5.143429,1108.5,502.0,0.0
1133,5.143715,1108.5,502.0,0.0
1134,5.154168,1113.0,502.0,0.0
1135,5.155241,1113.0,502.0,0.0
1136,5.163253,1117.5,502.0,0.0
1137,5.16354,1117.5,502.0,0.0
1138,5.174452,1123.0,502.0,0.0
1139,5.174747,1123.0,502.0,0.0
1140,5.183275,1126.25,502.0,0.0
1141,5.183561,1126.25,502.0,0.0
1142,5.193654,1126.75,502.0,0.0
1143,5.193957,1126.75,502.0,0.0
1144,5.203189,1126.5,502.0,0.0
1145,5.203476,1126.5,502.0,0.0
1146,5.210284,1127.25,502.0,0.0
1147,5.210578,1127.25,502.0,0.0
1148,5.213691,1127.25,514.0,0.0
1149,5.214273,1127.25,514.0,0.0
1150,5.223841,1128.25,514.0,0.0
1151,5.22412,1128.25,514.0,0.0
1152,5.23386,1130.75,514.0,0.0
1153,5.234155,1130.75,514.0,0.0
1154,5.243371,1134.75,514.0,0.0
1155,5.24365,1134.75,514.0,0.0
1156,5.254324,1140.75,514.0,0.0
1157,5.255069,1140.75,514.0,0.0
1158,5.263253,1146.75,514.0,0.0
1159,5.264195,1146.75,514.0,0.0
1160,5.273927,1149.5,514.0,0.0
1161,5.275066,1149.5,514.0,0.0
1162,5.283176,1150.75,514.0,0.0
1163,5.283463,1150.75,514.0,0.0
1164,5.294448,1149.5,514.0,0.0
1165,5.294751,1149.5,514.0,0.0
1166,5.303451,1146.0,514.0,0.0
1167,5.303738,1146.0,514.0,0.0
1168,5.310275,1143.25,514.0,0.0
1169,5.31057,1143.25,514.0,0.0
1170,5.313929,1143.25,518.0,0.0
1171,5.314289,1143.25,518.0,0.0
1172,5.323579,1143.25,518.0,0.0
1173,5.323866,1143.25,518.0,0.0
1174,5.334335,1145.25,518.0,0.0
1175,5.334614,1145.25,518.0,0.0
1176,5.343264,1149.0,518.0,0.0
1177,5.343551,1149.0,518.0,0.0
1178,5.353947,1153.5,518.0,0.0
1179,5.354536,1153.5,518.0,0.0
1180,5.363572,1158.0,518.0,0.0
1181,5.363851,1158.0,518.0,0.0
1182,5.374296,1159.75,518.0,0.0
1183,5.374582,1159.75,518.0,0.0
1184,5.383675,1161.25,518.0,0.0
1185,5.383962,1161.25,518.0,0.0
1186,5.393719,1162.0,518.0,0.0
1187,5.394014,1162.0,518.0,0.0
1188,5.403156,1160.5,518.0,0.0
1189,5.403443,1160.5,518.0,0.0
1190,5.410422,1158.5,518.0,0.0
1191,5.410709,1158.5,518.0,0.0
1192,5.414313,1158.5,528.0,0.0
1193,5.4146,1158.5,528.0,0.0
1194,5.423529,1158.0,528.0,0.0
1195,5.423816,1158.0,528.0,0.0
1196,5.433819,1159.25,528.0,0.0
1197,5.434122,1159.25,528.0,0.0
1198,5.44328,1161.0,528.0,0.0
1199,5.443567,1161.0,528.0,0.0
1200,5.454397,1162.25,528.0,0.0
1201,5.45506,1162.25,528.0,0.0
1202,5.463171,1164.25,528.0,0.0
1203,5.463449,1164.25,528.0,0.0
1204,5.474091,1166.25,528.0,0.0
1205,5.474394,1166.25,528.0,0.0
1206,5.483479,1168.75,528.0,0.0
1207,5.483757,1168.75,528.0,0.0
1208,5.494448,1171.0,528.0,0.0
1209,5.494816,1171.0,528.0,0.0
1210,5.503549,1172.0,528.0,0.0
1211,5.503836,1172.0,528.0,0.0
1212,5.510299,1171.0,528.0,0.0
1213,5.510594,1171.0,528.0,0.0
1214,5.513756,1171.0,529.0,0.0
1215,5.514059,1171.0,529.0,0.0
1216,5.523341,1169.5,529.0,0.0
1217,5.523619,1169.5,529.0,0.0
1218,5.534195,1167.75,529.0,0.0
1219,5.534482,1167.75,529.0,0.0
1220,5.54351,1167.0,529.0,0.0
1221,5.543796,1167.0,529.0,0.0
1222,5.554061,1167.5,529.0,0.0
1223,5.554651,1167.5,529.0,0.0
1224,5.563236,1170.0,529.0,0.0
1225,5.563523,1170.0,529.0,0.0
1226,5.574254,1173.0,529.0,0.0
1227,5.574541,1173.0,529.0,0.0
1228,5.583282,1175.5,529.0,0.0
1229,5.58356,1175.5,529.0,0.0
1230,5.593808,1179.25,529.0,0.0
1231,5.594267,1179.25,529.0,0.0
1232,5.603745,1180.0,529.0,0.0
1233,5.604114,1180.0,529.0,0.0
1234,5.610381,1179.0,529.0,0.0
1235,5.610668,1179.0,529.0,0.0
1236,5.613748,1179.0,535.0,0.0
1237,5.614043,1179.0,535.0,0.0
1238,5.623627,1177.75,535.0,0.0
1239,5.623906,1177.75,535.0,0.0
1240,5.633646,1177.75,535.0,0.0
1241,5.634269,1177.75,535.0,0.0
1242,5.643288,1178.0,535.0,0.0
1243,5.643575,1178.0,535.0,0.0
1244,5.654847,1177.5,535.0,0.0
1245,5.655691,1177.5,535.0,0.0
1246,5.663358,1178.25,535.0,0.0
1247,5.663637,1178.25,535.0,0.0
1248,5.674024,1180.0,535.0,0.0
1249,5.674876,1180.0,535.0,0.0
1250,5.683183,1181.0,535.0,0.0
1251,5.68347,1181.0,535.0,0.0
1252,5.693718,1183.5,535.0,0.0
1253,5.694013,1183.5,535.0,0.0
1254,5.703467,1184.5,535.0,0.0
1255,5.703753,1184.5,535.0,0.0
1256,5.710315,1183.75,535.0,0.0
1257,5.710602,1183.75,535.0,0.0
1258,5.713838,1183.75,537.0,0.0
1259,5.714132,1183.75,537.0,0.0
1260,5.723537,1183.75,537.0,0.0
1261,5.723832,1183.75,537.0,0.0
1262,5.734162,1184.25,537.0,0.0
1263,5.734449,1184.25,537.0,0.0
1264,5.743353,1184.75,537.0,0.0
1265,5.74364,1184.75,537.0,0.0
1266,5.754052,1185.0,537.0,0.0
1267,5.754912,1185.0,537.0,0.0
1268,5.763244,1186.0,537.0,0.0
1269,5.76353,1186.0,537.0,0.0
1270,5.774336,1188.0,537.0,0.0
1271,5.774622,1188.0,537.0,0.0
1272,5.783306,1188.25,537.0,0.0
1273,5.783592,1188.25,537.0,0.0
1274,5.793841,1190.25,537.0,0.0
1275,5.794136,1190.25,537.0,0.0
1276,5.80327,1192.5,537.0,0.0
1277,5.803556,1192.5,537.0,0.0
1278,5.81029,1193.25,537.0,0.0
1279,5.810585,1193.25,537.0,0.0
1280,5.813829,1193.25,542.0,0.0
1281,5.814272,1193.25,542.0,0.0
1282,5.823733,1194.25,542.0,0.0
1283,5.82402,1194.25,542.0,0.0
1284,5.83367,1195.75,542.0,0.0
1285,5.833973,1195.75,542.0,0.0
1286,5.84332,1196.0,542.0,0.0
1287,5.843607,1196.0,542.0,0.0
1288,5.854453,1194.75,542.0,0.0
1289,5.855297,1194.75,542.0,0.0
1290,5.863432,1193.25,542.0,0.0
1291,5.86371,1193.25,542.0,0.0
1292,5.874171,1192.5,542.0,0.0
1293,5.875023,1192.5,542.0,0.0
1294,5.883314,1191.5,542.0,0.0
1295,5.8836,1191.5,542.0,0.0
1296,5.893783,1194.25,542.0,0.0
1297,5.894078,1194.25,542.0,0.0
1298,5.903376,1197.75,542.0,0.0
1299,5.903663,1197.75,542.0,0.0
1300,5.910323,1199.5,542.0,0.0
1301,5.910609,1199.5,542.0,0.0
1302,5.913796,1199.5,544.0,0.0
1303,5.914091,1199.5,544.0,0.0
1304,5.923643,1201.75,544.0,0.0
1305,5.92393,1201.75,544.0,0.0
1306,5.933727,1205.25,544.0,0.0
1307,5.93403,1205.25,544.0,0.0
1308,5.943443,1205.75,544.0,0.0
1309,5.94373,1205.75,544.0,0.0
1310,5.954158,1204.5,544.0,0.0
1311,5.955018,1204.5,544.0,0.0
1312,5.963177,1202.25,544.0,0.0
1313,5.963464,1202.25,544.0,0.0
1314,5.974622,1202.0,544.0,0.0
1315,5.974917,1202.0,544.0,0.0
1316,5.98333,1201.0,544.0,0.0
1317,5.983617,1201.0,544.0,0.0
1318,5.993791,1202.5,544.0,0.0
1319,5.994094,1202.5,544.0,0.0
1320,6.003367,1203.75,544.0,0.0
1321,6.003654,1203.75,544.0,0.0
1322,6.01038,1204.5,544.0,0.0
1323,6.010675,1204.5,544.0,0.0
1324,6.013747,1204.5,548.0,0.0
1325,6.014042,1204.5,548.0,0.0
1326,6.023716,1206.25,548.0,0.0
1327,6.024003,1206.25,548.0,0.0
1328,6.03367,1208.25,548.0,0.0
1329,6.034276,1208.25,548.0,0.0
1330,6.043385,1208.5,548.0,0.0
1331,6.043664,1208.5,548.0,0.0
1332,6.054395,1207.5,548.0,0.0
1333,6.055239,1207.5,548.0,0.0
1334,6.0633,1207.0,548.0,0.0
1335,6.063751,1207.0,548.0,0.0
1336,6.074032,1207.0,548.0,0.0
1337,6.074621,1207.0,548.0,0.0
1338,6.083198,1205.5,548.0,0.0
1339,6.083485,1205.5,548.0,0.0
1340,6.094118,1206.75,548.0,0.0
1341,6.094405,1206.75,548.0,0.0
1342,6.103973,1208.75,548.0,0.0
1343,6.104276,1208.75,548.0,0.0
1344,6.110306,1210.0,548.0,0.0
1345,6.110593,1210.0,548.0,0.0
1346,6.113705,1210.0,550.0,0.0
1347,6.114557,1210.0,550.0,0.0
1348,6.123544,1211.0,550.0,0.0
1349,6.123831,1211.0,550.0,0.0
1350,6.134095,1212.5,550.0,0.0
1351,6.134382,1212.5,550.0,0.0
1352,6.143303,1212.5,550.0,0.0
1353,6.143598,1212.5,550.0,0.0
1354,6.154084,1212.0,550.0,0.0
1355,6.154944,1212.0,550.0,0.0
1356,6.164094,1212.25,550.0,0.0
1357,6.164398,1212.25,550.0,0.0
1358,6.174334,1212.5,550.0,0.0
1359,6.174621,1212.5,550.0,0.0
1360,6.183313,1211.5,550.0,0.0
1361,6.1836,1211.5,550.0,0.0
1362,6.193774,1212.25,550.0,0.0
1363,6.194069,1212.25,550.0,0.0
1364,6.203416,1212.25,550.0,0.0
1365,6.203703,1212.25,550.0,0.0
1366,6.210502,1211.25,550.0,0.0
1367,6.210797,1211.25,550.0,0.0
1368,6.214631,1211.25,552.0,0.0
1369,6.215204,1211.25,552.0,0.0
1370,6.223699,1211.0,552.0,0.0
1371,6.223986,1211.0,552.0,0.0
1372,6.233645,1212.75,552.0,0.0
1373,6.233939,1212.75,552.0,0.0
1374,6.243155,1214.0,552.0,0.0
1375,6.24345,1214.0,552.0,0.0
1376,6.25446,1214.25,552.0,0.0
1377,6.255304,1214.25,552.0,0.0
1378,6.263406,1216.25,552.0,0.0
1379,6.269313,1216.25,552.0,0.0
1380,6.274105,1217.5,552.0,0.0
1381,6.281191,1217.5,552.0,0.0
1382,6.283296,1217.0,552.0,0.0
1383,6.283583,1217.0,552.0,0.0
1384,6.293774,1217.25,552.0,0.0
1385,6.294069,1217.25,552.0,0.0
1386,6.303637,1216.0,552.0,0.0
1387,6.30412,1216.0,552.0,0.0
1388,6.310297,1214.25,552.0,0.0
1389,6.310584,1214.25,552.0,0.0
1390,6.313934,1214.25,552.0,0.0
1391,6.314541,1214.25,552.0,0.0
1392,6.323429,1214.0,552.0,0.0
1393,6.323716,1214.0,552.0,0.0
1394,6.334324,1214.75,552.0,0.0
1395,6.334619,1214.75,552.0,0.0
1396,6.343401,1216.0,552.0,0.0
1397,6.343688,1216.0,552.0,0.0
1398,6.354231,1216.75,552.0,0.0
1399,6.355083,1216.75,552.0,0.0
1400,6.363332,1217.75,552.0,0.0
1401,6.363619,1217.75,552.0,0.0
1402,6.374498,1217.5,552.0,0.0
1403,6.374793,1217.5,552.0,0.0
1404,6.383624,1217.25,552.0,0.0
1405,6.38391,1217.25,552.0,0.0
1406,6.393733,1218.5,552.0,0.0
1407,6.394028,1218.5,552.0,0.0
1408,6.403407,1217.75,552.0,0.0
1409,6.403694,1217.75,552.0,0.0
1410,6.410297,1215.75,552.0,0.0
1411,6.410584,1215.75,552.0,0.0
1412,6.414417,1215.75,554.0,0.0
1413,6.414893,1215.75,554.0,0.0
1414,6.423445,1215.75,554.0,0.0
1415,6.423732,1215.75,554.0,0.0
1416,6.433792,1216.0,554.0,0.0
1417,6.434095,1216.0,554.0,0.0
1418,6.44345,1216.75,554.0,0.0
1419,6.443761,1216.75,554.0,0.0
1420,6.454534,1216.25,554.0,0.0
1421,6.455369,1216.25,554.0,0.0
1422,6.46343,1216.75,554.0,0.0
1423,6.463717,1216.75,554.0,0.0
1424,6.473949,1217.0,554.0,0.0
1425,6.474997,1217.0,554.0,0.0
1426,6.483394,1218.0,554.0,0.0
1427,6.483681,1218.0,554.0,0.0
1428,6.493806,1219.5,554.0,0.0
1429,6.494101,1219.5,554.0,0.0
1430,6.504054,1219.5,554.0,0.0
1431,6.504333,1219.5,554.0,0.0
1432,6.510403,1217.0,554.0,0.0
1433,6.51069,1217.0,554.0,0.0
1434,6.513868,1217.0,552.0,0.0
1435,6.514171,1217.0,552.0,0.0
1436,6.523281,1215.5,552.0,0.0
1437,6.523568,1215.5,552.0,0.0
1438,6.534504,1214.5,552.0,0.0
1439,6.534799,1214.5,552.0,0.0
1440,6.543351,1213.0,552.0,0.0
1441,6.543638,1213.0,552.0,0.0
1442,6.554157,1212.75,552.0,0.0
1443,6.554746,1212.75,552.0,0.0
1444,6.563373,1214.75,552.0,0.0
1445,6.563659,1214.75,552.0,0.0
1446,6.574252,1216.5,552.0,0.0
1447,6.574538,1216.5,552.0,0.0
1448,6.583607,1219.25,552.0,0.0
1449,6.583885,1219.25,552.0,0.0
1450,6.593789,1222.5,552.0,0.0
1451,6.594379,1222.5,552.0,0.0
1452,6.603464,1223.25,552.0,0.0
1453,6.604005,1223.25,552.0,0.0
1454,6.610305,1221.75,552.0,0.0
1455,6.610591,1221.75,552.0,0.0
1456,6.614335,1221.75,554.0,0.0
1457,6.614614,1221.75,554.0,0.0
1458,6.623526,1219.75,554.0,0.0
1459,6.623813,1219.75,554.0,0.0
1460,6.633857,1217.25,554.0,0.0
1461,6.63416,1217.25,554.0,0.0
1462,6.643253,1215.25,554.0,0.0
1463,6.643679,1215.25,554.0,0.0
1464,6.654451,1214.75,554.0,0.0
1465,6.655082,1214.75,554.0,0.0
1466,6.663618,1215.25,554.0,0.0
1467,6.664151,1215.25,554.0,0.0
1468,6.674227,1215.25,554.0,0.0
1469,6.675496,1215.25,554.0,0.0
1470,6.683451,1218.0,554.0,0.0
1471,6.683844,1218.0,554.0,0.0
1472,6.693765,1219.5,554.0,0.0
1473,6.694846,1219.5,554.0,0.0
1474,6.703276,1217.75,554.0,0.0
1475,6.703554,1217.75,554.0,0.0
1476,6.710321,1215.25,554.0,0.0
1477,6.710607,1215.25,554.0,0.0
1478,6.713942,1215.25,553.0,0.0
1479,6.714236,1215.25,553.0,0.0
1480,6.723485,1214.5,553.0,0.0
1481,6.723764,1214.5,553.0,0.0
1482,6.734159,1214.25,553.0,0.0
1483,6.734733,1214.25,553.0,0.0
1484,6.743293,1214.0,553.0,0.0
1485,6.74358,1214.0,553.0,0.0
1486,6.754009,1215.0,553.0,0.0
1487,6.754598,1215.0,553.0,0.0
1488,6.763552,1217.5,553.0,0.0
1489,6.763839,1217.5,553.0,0.0
1490,6.774407,1217.75,553.0,0.0
1491,6.774685,1217.75,553.0,0.0
1492,6.783418,1218.5,553.0,0.0
1493,6.783713,1218.5,553.0,0.0
1494,6.793756,1219.75,553.0,0.0
1495,6.794502,1219.75,553.0,0.0
1496,6.803333,1218.5,553.0,0.0
1497,6.803611,1218.5,553.0,0.0
1498,6.810443,1217.5,553.0,0.0
1499,6.810746,1217.5,553.0,0.0
1500,6.814351,1217.5,552.0,0.0
1501,6.814629,1217.5,552.0,0.0
1502,6.823452,1217.0,552.0,0.0
1503,6.823739,1217.0,552.0,0.0
1504,6.833848,1216.0,552.0,0.0
1505,6.834151,1216.0,552.0,0.0
1506,6.843359,1215.0,552.0,0.0
1507,6.843645,1215.0,552.0,0.0
1508,6.854459,1214.75,552.0,0.0
1509,6.855303,1214.75,552.0,0.0
1510,6.863413,1214.75,552.0,0.0
1511,6.863691,1214.75,552.0,0.0
1512,6.874095,1214.0,552.0,0.0
1513,6.87439,1214.0,552.0,0.0
1514,6.883229,1215.75,552.0,0.0
1515,6.883516,1215.75,552.0,0.0
1516,6.894157,1217.0,552.0,0.0
1517,6.894444,1217.0,552.0,0.0
1518,6.903644,1217.0,552.0,0.0
1519,6.90393,1217.0,552.0,0.0
1520,6.910328,1217.25,552.0,0.0
1521,6.910615,1217.25,552.0,0.0
1522,6.913982,1217.25,553.0,0.0
1523,6.914293,1217.25,553.0,0.0
1524,6.923485,1218.25,553.0,0.0
1525,6.923771,1218.25,553.0,0.0
1526,6.933807,1217.5,553.0,0.0
1527,6.93411,1217.5,553.0,0.0
1528,6.943432,1215.75,553.0,0.0
1529,6.943711,1215.75,553.0,0.0
1530,6.954221,1214.25,553.0,0.0
1531,6.955245,1214.25,553.0,0.0
1532,6.963388,1213.5,553.0,0.0
1533,6.963675,1213.5,553.0,0.0
1534,6.974423,1213.0,553.0,0.0
1535,6.974717,1213.0,553.0,0.0
1536,6.983385,1215.5,553.0,0.0
1537,6.983671,1215.5,553.0,0.0
1538,6.994173,1216.75,553.0,0.0
1539,6.994747,1216.75,553.0,0.0
1540,7.003365,1217.5,553.0,0.0
1541,7.003652,1217.5,553.0,0.0
1542,7.010369,1217.75,553.0,0.0
1543,7.010664,1217.75,553.0,0.0
1544,7.014293,1217.75,553.0,0.0
1545,7.014572,1217.75,553.0,0.0
1546,7.023525,1217.5,553.0,0.0
1547,7.02405,1217.5,553.0,0.0
1548,7.033765,1214.5,553.0,0.0
1549,7.034068,1214.5,553.0,0.0
1550,7.043506,1210.5,553.0,0.0
1551,7.043784,1210.5,553.0,0.0
1552,7.054352,1209.5,553.0,0.0
1553,7.054647,1209.5,553.0,0.0
1554,7.063437,1209.25,553.0,0.0
1555,7.063715,1209.25,553.0,0.0
1556,7.07416,1209.5,553.0,0.0
1557,7.074455,1209.5,553.0,0.0
1558,7.083311,1213.25,553.0,0.0
1559,7.083597,1213.25,553.0,0.0
1560,7.094304,1216.75,553.0,0.0
1561,7.094583,1216.75,553.0,0.0
1562,7.103504,1217.75,553.0,0.0
1563,7.103791,1217.75,553.0,0.0
1564,7.110492,1217.0,553.0,0.0
1565,7.110795,1217.0,553.0,0.0
1566,7.113859,1217.0,552.0,0.0
1567,7.114244,1217.0,552.0,0.0
1568,7.123476,1216.0,552.0,0.0
1569,7.123763,1216.0,552.0,0.0
1570,7.133847,1214.75,552.0,0.0
1571,7.13415,1214.75,552.0,0.0
1572,7.143481,1212.25,552.0,0.0
1573,7.143768,1212.25,552.0,0.0
1574,7.154049,1211.0,552.0,0.0
1575,7.155187,1211.0,552.0,0.0
1576,7.163305,1209.75,552.0,0.0
1577,7.163584,1209.75,552.0,0.0
1578,7.174553,1210.0,552.0,0.0
1579,7.174848,1210.0,552.0,0.0
1580,7.183564,1212.25,552.0,0.0
1581,7.183851,1212.25,552.0,0.0
1582,7.194001,1212.75,552.0,0.0
1583,7.194304,1212.75,552.0,0.0
1584,7.203274,1211.75,552.0,0.0
1585,7.203553,1211.75,552.0,0.0
1586,7.210311,1212.25,552.0,0.0
1587,7.210606,1212.25,552.0,0.0
1588,7.213801,1212.25,550.0,0.0
1589,7.214096,1212.25,550.0,0.0
1590,7.223795,1212.75,550.0,0.0
1591,7.224082,1212.75,550.0,0.0
1592,7.233945,1212.25,550.0,0.0
1593,7.234289,1212.25,550.0,0.0
1594,7.243358,1212.5,550.0,0.0
1595,7.243644,1212.5,550.0,0.0
1596,7.254409,1213.25,550.0,0.0
1597,7.255261,1213.25,550.0,0.0
1598,7.263404,1213.0,550.0,0.0
1599,7.26564,1213.0,550.0,0.0
1600,7.274496,1213.25,550.0,0.0
1601,7.274799,1213.25,550.0,0.0
1602,7.283458,1214.0,550.0,0.0
1603,7.283752,1214.0,550.0,0.0
1604,7.294238,1214.0,550.0,0.0
1605,7.294689,1214.0,550.0,0.0
1606,7.303421,1213.0,550.0,0.0
1607,7.3037,1213.0,550.0,0.0
1608,7.310327,1214.0,550.0,0.0
1609,7.310622,1214.0,550.0,0.0
1610,7.313915,1214.0,552.0,0.0
1611,7.314219,1214.0,552.0,0.0
1612,7.323877,1214.0,552.0,0.0
1613,7.324164,1214.0,552.0,0.0
1614,7.334445,1212.25,552.0,0.0
1615,7.334985,1212.25,552.0,0.0
1616,7.343472,1210.0,552.0,0.0
1617,7.343759,1210.0,552.0,0.0
1618,7.354056,1208.25,552.0,0.0
1619,7.354646,1208.25,552.0,0.0
1620,7.363272,1206.0,552.0,0.0
1621,7.363559,1206.0,552.0,0.0
1622,7.374643,1206.5,552.0,0.0
1623,7.374946,1206.5,552.0,0.0
1624,7.383728,1209.75,552.0,0.0
1625,7.384014,1209.75,552.0,0.0
1626,7.393869,1212.25,552.0,0.0
1627,7.394459,1212.25,552.0,0.0
1628,7.403257,1213.25,552.0,0.0
1629,7.403536,1213.25,552.0,0.0
1630,7.410573,1214.75,552.0,0.0
1631,7.41086,1214.75,552.0,0.0
1632,7.414358,1214.75,550.0,0.0
1633,7.414661,1214.75,550.0,0.0
1634,7.423836,1214.25,550.0,0.0
1635,7.424122,1214.25,550.0,0.0
1636,7.433879,1212.75,550.0,0.0
1637,7.434182,1212.75,550.0,0.0
1638,7.443316,1211.25,550.0,0.0
1639,7.443775,1211.25,550.0,0.0
1640,7.454457,1210.75,550.0,0.0
1641,7.455072,1210.75,550.0,0.0
1642,7.463346,1209.5,550.0,0.0
1643,7.463624,1209.5,550.0,0.0
1644,7.474282,1209.5,550.0,0.0
1645,7.474864,1209.5,550.0,0.0
1646,7.483359,1209.5,550.0,0.0
1647,7.483637,1209.5,550.0,0.0
1648,7.493836,1208.0,550.0,0.0
1649,7.494139,1208.0,550.0,0.0
1650,7.503618,1206.75,550.0,0.0
1651,7.503896,1206.75,550.0,0.0
1652,7.510319,1207.25,550.0,0.0
1653,7.510663,1207.25,550.0,0.0
1654,7.514284,1207.25,551.0,0.0
1655,7.514603,1207.25,551.0,0.0
1656,7.523524,1207.25,551.0,0.0
1657,7.523827,1207.25,551.0,0.0
1658,7.534198,1207.25,551.0,0.0
1659,7.534477,1207.25,551.0,0.0
1660,7.543439,1208.75,551.0,0.0
1661,7.543726,1208.75,551.0,0.0
1662,7.554342,1210.25,551.0,0.0
1663,7.555203,1210.25,551.0,0.0
1664,7.563501,1209.75,551.0,0.0
1665,7.563788,1209.75,551.0,0.0
1666,7.574683,1209.75,551.0,0.0
1667,7.574986,1209.75,551.0,0.0
1668,7.583596,1210.5,551.0,0.0
1669,7.583875,1210.5,551.0,0.0
1670,7.593762,1209.5,551.0,0.0
1671,7.594065,1209.5,551.0,0.0
1672,7.603494,1208.25,551.0,0.0
1673,7.603773,1208.25,551.0,0.0
1674,7.610359,1209.0,551.0,0.0
1675,7.610654,1209.0,551.0,0.0
1676,7.614488,1209.0,550.0,0.0
1677,7.614767,1209.0,550.0,0.0
1678,7.623933,1209.75,550.0,0.0
1679,7.62422,1209.75,550.0,0.0
1680,7.633813,1209.75,550.0,0.0
1681,7.63478,1209.75,550.0,0.0
1682,7.64325,1210.0,550.0,0.0
1683,7.643529,1210.0,550.0,0.0
1684,7.65458,1210.0,550.0,0.0
1685,7.655415,1210.0,550.0,0.0
1686,7.663534,1208.25,550.0,0.0
1687,7.663951,1208.25,550.0,0.0
1688,7.674183,1208.0,550.0,0.0
1689,7.674486,1208.0,550.0,0.0
1690,7.683506,1208.25,550.0,0.0
1691,7.683784,1208.25,550.0,0.0
1692,7.693762,1206.75,550.0,0.0
1693,7.694065,1206.75,550.0,0.0
1694,7.703822,1206.5,550.0,0.0
1695,7.704109,1206.5,550.0,0.0
1696,7.710515,1207.5,550.0,0.0
1697,7.710801,1207.5,550.0,0.0
1698,7.713865,1207.5,549.0,0.0
1699,7.714168,1207.5,549.0,0.0
1700,7.723802,1208.0,549.0,0.0
1701,7.724089,1208.0,549.0,0.0
1702,7.733837,1207.5,549.0,0.0
1703,7.73414,1207.5,549.0,0.0
1704,7.743381,1206.75,549.0,0.0
1705,7.743709,1206.75,549.0,0.0
1706,7.754391,1207.0,549.0,0.0
1707,7.755243,1207.0,549.0,0.0
1708,7.763271,1207.5,549.0,0.0
1709,7.763558,1207.5,549.0,0.0
1710,7.774494,1209.25,549.0,0.0
1711,7.774797,1209.25,549.0,0.0
1712,7.783579,1211.0,549.0,0.0
1713,7.783866,1211.0,549.0,0.0
1714,7.79377,1210.0,549.0,0.0
1715,7.794073,1210.0,549.0,0.0
1716,7.803699,1209.0,549.0,0.0
1717,7.803985,1209.0,549.0,0.0
1718,7.810351,1207.75,549.0,0.0
1719,7.810637,1207.75,549.0,0.0
1720,7.814299,1207.75,549.0,0.0
1721,7.814594,1207.75,549.0,0.0
1722,7.823638,1204.75,549.0,0.0
1723,7.823917,1204.75,549.0,0.0
1724,7.833739,1202.25,549.0,0.0
1725,7.834042,1202.25,549.0,0.0
1726,7.843405,1201.75,549.0,0.0
1727,7.843692,1201.75,549.0,0.0
1728,7.854727,1203.5,549.0,0.0
1729,7.855816,1203.5,549.0,0.0
1730,7.863394,1204.0,549.0,0.0
1731,7.863672,1204.0,549.0,0.0
1732,7.874281,1206.5,549.0,0.0
1733,7.874609,1206.5,549.0,0.0
1734,7.88353,1209.25,549.0,0.0
1735,7.883808,1209.25,549.0,0.0
1736,7.893803,1209.0,549.0,0.0
1737,7.894106,1209.0,549.0,0.0
1738,7.903772,1207.5,549.0,0.0
1739,7.904051,1207.5,549.0,0.0
1740,7.910334,1206.75,549.0,0.0
1741,7.910621,1206.75,549.0,0.0
1742,7.913963,1206.75,548.0,1.0
1743,7.914299,1206.75,548.0,1.0
1744,7.923531,1205.75,548.0,1.0
1745,7.923818,1205.75,548.0,1.0
1746,7.934164,1204.5,548.0,1.0
1747,7.934451,1204.5,548.0,1.0
1748,7.943487,1204.25,548.0,1.0
1749,7.943766,1204.25,548.0,1.0
1750,7.954087,1205.25,548.0,1.0
1751,7.954669,1205.25,548.0,1.0
1752,7.963271,1205.75,548.0,1.0
1753,7.963557,1205.75,548.0,1.0
1754,7.974428,1207.25,548.0,1.0
1755,7.974707,1207.25,548.0,1.0
1756,7.983489,1207.25,548.0,1.0
1757,7.984013,1207.25,548.0,1.0
1758,7.993868,1205.0,548.0,1.0
1759,7.99431,1205.0,548.0,1.0
1760,8.003543,1202.25,548.0,1.0
1761,8.003829,1202.25,548.0,1.0
1762,8.010514,1201.25,548.0,1.0
1763,8.010809,1201.25,548.0,1.0
1764,8.013832,1201.25,547.0,1.0
1765,8.014135,1201.25,547.0,1.0
1766,8.023515,1200.25,547.0,1.0
1767,8.023801,1200.25,547.0,1.0
1768,8.033968,1199.75,547.0,1.0
1769,8.034541,1199.75,547.0,1.0
1770,8.043528,1201.75,547.0,1.0
1771,8.043814,1201.75,547.0,1.0
1772,8.054587,1205.0,547.0,1.0
1773,8.055431,1205.0,547.0,1.0
1774,8.063467,1206.5,547.0,1.0
1775,8.064294,1206.5,547.0,1.0
1776,8.074084,1208.5,547.0,1.0
1777,8.074387,1208.5,547.0,1.0
1778,8.083431,1209.25,547.0,1.0
1779,8.083709,1209.25,547.0,1.0
1780,8.094351,1207.25,547.0,1.0
1781,8.094867,1207.25,547.0,1.0
1782,8.103673,1204.75,547.0,1.0
1783,8.103952,1204.75,547.0,1.0
1784,8.110342,1203.0,547.0,1.0
1785,8.110751,1203.0,547.0,1.0
1786,8.113872,1203.0,547.0,1.0
1787,8.114176,1203.0,547.0,1.0
1788,8.123596,1201.5,547.0,1.0
1789,8.123883,1201.5,547.0,1.0
1790,8.134197,1200.5,547.0,1.0
1791,8.134483,1200.5,547.0,1.0
1792,8.143683,1200.75,547.0,1.0
1793,8.143962,1200.75,547.0,1.0
1794,8.154243,1201.5,547.0,1.0
1795,8.155242,1201.5,547.0,1.0
1796,8.163278,1201.5,547.0,1.0
1797,8.163565,1201.5,547.0,1.0
1798,8.174354,1203.75,547.0,1.0
1799,8.174632,1203.75,547.0,1.0
1800,8.183791,1205.0,547.0,1.0
1801,8.184078,1205.0,547.0,1.0
1802,8.193867,1204.0,547.0,1.0
1803,8.19417,1204.0,547.0,1.0
1804,8.203632,1202.5,547.0,1.0
1805,8.203911,1202.5,547.0,1.0
1806,8.210325,1202.75,547.0,1.0
1807,8.210612,1202.75,547.0,1.0
1808,8.213921,1202.75,547.0,1.0
1809,8.214306,1202.75,547.0,1.0
1810,8.223547,1202.75,547.0,1.0
1811,8.223825,1202.75,547.0,1.0
1812,8.233844,1202.25,547.0,1.0
1813,8.234147,1202.25,547.0,1.0
1814,8.243511,1202.5,547.0,1.0
1815,8.243798,1202.5,547.0,1.0
1816,8.254619,1203.25,547.0,1.0
1817,8.255463,1203.25,547.0,1.0
1818,8.263426,1203.25,547.0,1.0
1819,8.265768,1203.25,547.0,1.0
1820,8.274198,1204.25,547.0,1.0
1821,8.276893,1204.25,547.0,1.0
1822,8.283471,1204.75,547.0,1.0
1823,8.283758,1204.75,547.0,1.0
1824,8.294563,1204.0,547.0,1.0
1825,8.295153,1204.0,547.0,1.0
1826,8.30373,1203.0,547.0,1.0
1827,8.304017,1203.0,547.0,1.0
1828,8.310505,1201.75,547.0,1.0
1829,8.3108,1201.75,547.0,1.0
1830,8.313921,1201.75,546.0,1.0
1831,8.314224,1201.75,546.0,1.0
1832,8.323596,1199.0,546.0,1.0
1833,8.323883,1199.0,546.0,1.0
1834,8.334581,1196.25,546.0,1.0
1835,8.334876,1196.25,546.0,1.0
1836,8.343601,1195.5,546.0,1.0
1837,8.343887,1195.5,546.0,1.0
1838,8.35439,1195.75,546.0,1.0
1839,8.355241,1195.75,546.0,1.0
1840,8.363335,1196.25,546.0,1.0
1841,8.363622,1196.25,546.0,1.0
1842,8.374468,1200.0,546.0,1.0
1843,8.374771,1200.0,546.0,1.0
1844,8.384184,1202.75,546.0,1.0
1845,8.384765,1202.75,546.0,1.0
1846,8.394178,1202.5,546.0,1.0
1847,8.394481,1202.5,546.0,1.0
1848,8.403615,1200.75,546.0,1.0
1849,8.403894,1200.75,546.0,1.0
1850,8.410349,1200.25,546.0,1.0
1851,8.410636,1200.25,546.0,1.0
1852,8.414257,1200.25,546.0,1.0
1853,8.414543,1200.25,546.0,1.0
1854,8.423636,1199.0,546.0,1.0
1855,8.423923,1199.0,546.0,1.0
1856,8.433795,1198.25,546.0,1.0
1857,8.43436,1198.25,546.0,1.0
1858,8.443584,1198.25,546.0,1.0
1859,8.443871,1198.25,546.0,1.0
1860,8.454701,1199.0,546.0,1.0
1861,8.455553,1199.0,546.0,1.0
1862,8.463392,1199.25,546.0,1.0
1863,8.463671,1199.25,546.0,1.0
1864,8.474247,1200.25,546.0,1.0
1865,8.474542,1200.25,546.0,1.0
1866,8.483528,1200.25,546.0,1.0
1867,8.483815,1200.25,546.0,1.0
1868,8.494407,1198.75,546.0,1.0
1869,8.494751,1198.75,546.0,1.0
1870,8.503795,1196.75,546.0,1.0
1871,8.504082,1196.75,546.0,1.0
1872,8.510332,1196.25,546.0,1.0
1873,8.510627,1196.25,546.0,1.0
1874,8.513929,1196.25,546.0,1.0
1875,8.514232,1196.25,546.0,1.0
1876,8.523669,1195.0,546.0,1.0
1877,8.523956,1195.0,546.0,1.0
1878,8.534425,1194.0,546.0,1.0
1879,8.534712,1194.0,546.0,1.0
1880,8.543666,1194.5,546.0,1.0
1881,8.544215,1194.5,546.0,1.0
1882,8.554479,1196.5,546.0,1.0
1883,8.555331,1196.5,546.0,1.0
1884,8.563367,1197.0,546.0,1.0
1885,8.563646,1197.0,546.0,1.0
1886,8.574435,1198.5,546.0,1.0
1887,8.574713,1198.5,546.0,1.0
1888,8.583733,1199.0,546.0,1.0
1889,8.584019,1199.0,546.0,1.0
1890,8.594178,1197.75,546.0,1.0
1891,8.594481,1197.75,546.0,1.0
1892,8.603713,1196.0,546.0,1.0
1893,8.604,1196.0,546.0,1.0
1894,8.610504,1194.25,546.0,1.0
1895,8.610799,1194.25,546.0,1.0
1896,8.61424,1194.25,542.0,1.0
1897,8.614526,1194.25,542.0,1.0
1898,8.623579,1192.0,542.0,1.0
1899,8.623857,1192.0,542.0,1.0
1900,8.633901,1190.5,542.0,1.0
1901,8.63499,1190.5,542.0,1.0
1902,8.643526,1189.75,542.0,1.0
1903,8.643813,1189.75,542.0,1.0
1904,8.654643,1189.25,542.0,1.0
1905,8.655486,1189.25,542.0,1.0
1906,8.6634,1188.75,542.0,1.0
1907,8.663687,1188.75,542.0,1.0
1908,8.674295,1190.75,542.0,1.0
1909,8.674615,1190.75,542.0,1.0
1910,8.683495,1193.5,542.0,1.0
1911,8.683773,1193.5,542.0,1.0
1912,8.694259,1194.0,542.0,1.0
1913,8.694546,1194.0,542.0,1.0
1914,8.703647,1194.25,542.0,1.0
1915,8.703926,1194.25,542.0,1.0
1916,8.710455,1195.75,542.0,1.0
1917,8.710742,1195.75,542.0,1.0
1918,8.713871,1195.75,542.0,1.0
1919,8.714174,1195.75,542.0,1.0
1920,8.723767,1195.5,542.0,1.0
1921,8.724185,1195.5,542.0,1.0
1922,8.733859,1193.0,542.0,1.0
1923,8.734711,1193.0,542.0,1.0
1924,8.743419,1191.5,542.0,1.0
1925,8.743706,1191.5,542.0,1.0
1926,8.754364,1191.25,542.0,1.0
1927,8.755216,1191.25,542.0,1.0
1928,8.763408,1190.25,542.0,1.0
1929,8.763695,1190.25,542.0,1.0
1930,8.774533,1191.0,542.0,1.0
1931,8.774828,1191.0,542.0,1.0
1932,8.783413,1191.75,542.0,1.0
1933,8.783699,1191.75,542.0,1.0
1934,8.793874,1191.25,542.0,1.0
1935,8.794169,1191.25,542.0,1.0
1936,8.803704,1190.75,542.0,1.0
1937,8.803991,1190.75,542.0,1.0
1938,8.810381,1190.75,542.0,1.0
1939,8.810676,1190.75,542.0,1.0
1940,8.814018,1190.75,542.0,1.0
1941,8.814321,1190.75,542.0,1.0
1942,8.823816,1189.25,542.0,1.0
1943,8.824094,1189.25,542.0,1.0
1944,8.833794,1187.25,542.0,1.0
1945,8.834097,1187.25,542.0,1.0
1946,8.843345,1185.0,542.0,1.0
1947,8.843632,1185.0,542.0,1.0
1948,8.854888,1183.75,542.0,1.0
1949,8.855994,1183.75,542.0,1.0
1950,8.863571,1182.25,542.0,1.0
1951,8.863858,1182.25,542.0,1.0
1952,8.874295,1183.5,542.0,1.0
1953,8.874647,1183.5,542.0,1.0
1954,8.883339,1186.25,542.0,1.0
1955,8.883625,1186.25,542.0,1.0
1956,8.89389,1187.25,542.0,1.0
1957,8.894193,1187.25,542.0,1.0
1958,8.903778,1187.25,542.0,1.0
1959,8.904065,1187.25,542.0,1.0
1960,8.910512,1187.25,542.0,1.0
1961,8.910798,1187.25,542.0,1.0
1962,8.914083,1187.25,540.0,1.0
1963,8.914665,1187.25,540.0,1.0
1964,8.923922,1186.0,540.0,1.0
1965,8.924209,1186.0,540.0,1.0
1966,8.933875,1184.5,540.0,1.0
1967,8.934178,1184.5,540.0,1.0
1968,8.943411,1183.0,540.0,1.0
1969,8.943706,1183.0,540.0,1.0
1970,8.954216,1182.75,540.0,1.0
1971,8.955068,1182.75,540.0,1.0
1972,8.963489,1182.25,540.0,1.0
1973,8.963776,1182.25,540.0,1.0
1974,8.974548,1183.5,540.0,1.0
1975,8.974852,1183.5,540.0,1.0
1976,8.983552,1185.25,540.0,1.0
1977,8.983863,1185.25,540.0,1.0
1978,8.993832,1184.25,540.0,1.0
1979,8.994136,1184.25,540.0,1.0
1980,9.003638,1182.25,540.0,1.0
1981,9.003925,1182.25,540.0,1.0
1982,9.010462,1183.25,540.0,1.0
1983,9.010765,1183.25,540.0,1.0
1984,9.014525,1183.25,538.0,1.0
1985,9.01482,1183.25,538.0,1.0
1986,9.02361,1185.0,538.0,1.0
1987,9.023897,1185.0,538.0,1.0
1988,9.033834,1185.0,538.0,1.0
1989,9.034129,1185.0,538.0,1.0
1990,9.043533,1184.75,538.0,1.0
1991,9.043828,1184.75,538.0,1.0
1992,9.054363,1184.5,538.0,1.0
1993,9.054658,1184.5,538.0,1.0
1994,9.063497,1182.25,538.0,1.0
1995,9.063792,1182.25,538.0,1.0
1996,9.074466,1180.25,538.0,1.0
1997,9.07531,1180.25,538.0,1.0
1998,9.083404,1179.75,538.0,1.0
1999,9.083691,1179.75,538.0,1.0
2000,9.093881,1179.5,538.0,1.0
2001,9.09425,1179.5,538.0,1.0
2002,9.103556,1179.5,538.0,1.0
2003,9.103843,1179.5,538.0,1.0
2004,9.110355,1181.25,538.0,1.0
2005,9.11065,1181.25,538.0,1.0
2006,9.113976,1181.25,537.0,1.0
2007,9.11432,1181.25,537.0,1.0
2008,9.123913,1182.0,537.0,1.0
2009,9.124208,1182.0,537.0,1.0
2010,9.134252,1181.75,537.0,1.0
2011,9.134538,1181.75,537.0,1.0
2012,9.143533,1181.25,537.0,1.0
2013,9.14382,1181.25,537.0,1.0
2014,9.154117,1180.75,537.0,1.0
2015,9.155133,1180.75,537.0,1.0
2016,9.163292,1179.25,537.0,1.0
2017,9.163579,1179.25,537.0,1.0
2018,9.174614,1178.25,537.0,1.0
2019,9.174908,1178.25,537.0,1.0
2020,9.183731,1179.25,537.0,1.0
2021,9.184018,1179.25,537.0,1.0
2022,9.193979,1179.75,537.0,1.0
2023,9.194323,1179.75,537.0,1.0
2024,9.20349,1179.5,537.0,1.0
2025,9.203777,1179.5,537.0,1.0
2026,9.210576,1180.5,537.0,1.0
2027,9.210871,1180.5,537.0,1.0
2028,9.214263,1180.5,536.0,1.0
2029,9.214541,1180.5,536.0,1.0
2030,9.223782,1182.0,536.0,1.0
2031,9.22406,1182.0,536.0,1.0
2032,9.233801,1182.25,536.0,1.0
2033,9.234104,1182.25,536.0,1.0
2034,9.243582,1181.5,536.0,1.0
2035,9.243869,1181.5,536.0,1.0
2036,9.254461,1182.0,536.0,1.0
2037,9.254756,1182.0,536.0,1.0
2038,9.263489,1182.0,536.0,1.0
2039,9.27413,1181.75,536.0,1.0
2040,9.274884,1182.0,536.0,1.0
2041,9.280528,1181.75,536.0,1.0
2042,9.283551,1183.25,536.0,1.0
2043,9.283837,1183.25,536.0,1.0
2044,9.294487,1183.0,536.0,1.0
2045,9.29479,1183.0,536.0,1.0
2046,9.303736,1180.75,536.0,1.0
2047,9.304023,1180.75,536.0,1.0
2048,9.310355,1179.5,536.0,1.0
2049,9.310642,1179.5,536.0,1.0
2050,9.314091,1179.5,537.0,1.0
2051,9.314402,1179.5,537.0,1.0
2052,9.32361,1179.25,537.0,1.0
2053,9.323896,1179.25,537.0,1.0
2054,9.334644,1178.5,537.0,1.0
2055,9.334947,1178.5,537.0,1.0
2056,9.34359,1178.0,537.0,1.0
2057,9.343868,1178.0,537.0,1.0
2058,9.354231,1179.5,537.0,1.0
2059,9.354813,1179.5,537.0,1.0
2060,9.363611,1181.25,537.0,1.0
2061,9.363898,1181.25,537.0,1.0
2062,9.374457,1181.75,537.0,1.0
2063,9.374744,1181.75,537.0,1.0
2064,9.383763,1183.0,537.0,1.0
2065,9.384058,1183.0,537.0,1.0
2066,9.394028,1183.75,537.0,1.0
2067,9.394331,1183.75,537.0,1.0
2068,9.403744,1182.75,537.0,1.0
2069,9.404203,1182.75,537.0,1.0
2070,9.41051,1182.0,537.0,1.0
2071,9.410797,1182.0,537.0,1.0
2072,9.414451,1182.0,537.0,1.0
2073,9.414729,1182.0,537.0,1.0
2074,9.423749,1182.25,537.0,1.0
2075,9.424199,1182.25,537.0,1.0
2076,9.433923,1182.5,537.0,1.0
2077,9.434357,1182.5,537.0,1.0
2078,9.443328,1183.0,537.0,1.0
2079,9.443622,1183.0,537.0,1.0
2080,9.454436,1183.25,537.0,1.0
2081,9.454731,1183.25,537.0,1.0
2082,9.463562,1183.25,537.0,1.0
2083,9.463848,1183.25,537.0,1.0
2084,9.474351,1183.0,537.0,1.0
2085,9.47494,1183.0,537.0,1.0
2086,9.483542,1184.5,537.0,1.0
2087,9.483829,1184.5,537.0,1.0
2088,9.494208,1185.5,537.0,1.0
2089,9.494487,1185.5,537.0,1.0
2090,9.503662,1184.5,537.0,1.0
2091,9.50403,1184.5,537.0,1.0
2092,9.510526,1184.25,537.0,1.0
2093,9.510813,1184.25,537.0,1.0
2094,9.514205,1184.25,540.0,1.0
2095,9.5145,1184.25,540.0,1.0
2096,9.523625,1185.0,540.0,1.0
2097,9.523912,1185.0,540.0,1.0
2098,9.534758,1185.25,540.0,1.0
2099,9.535053,1185.25,540.0,1.0
2100,9.543524,1184.25,540.0,1.0
2101,9.543802,1184.25,540.0,1.0
2102,9.554255,1184.25,540.0,1.0
2103,9.554837,1184.25,540.0,1.0
2104,9.563832,1185.25,540.0,1.0
2105,9.564119,1185.25,540.0,1.0
2106,9.574645,1185.5,540.0,1.0
2107,9.574948,1185.5,540.0,1.0
2108,9.583624,1186.25,540.0,1.0
2109,9.583902,1186.25,540.0,1.0
2110,9.593856,1187.5,540.0,1.0
2111,9.59415,1187.5,540.0,1.0
2112,9.603579,1187.5,540.0,1.0
2113,9.603866,1187.5,540.0,1.0
2114,9.610387,1187.0,540.0,1.0
2115,9.610682,1187.0,540.0,1.0
2116,9.61436,1187.0,539.0,1.0
2117,9.614639,1187.0,539.0,1.0
2118,9.624002,1187.25,539.0,1.0
2119,9.624338,1187.25,539.0,1.0
2120,9.634201,1187.0,539.0,1.0
2121,9.634529,1187.0,539.0,1.0
2122,9.643384,1186.75,539.0,1.0
2123,9.643802,1186.75,539.0,1.0
2124,9.654493,1187.0,539.0,1.0
2125,9.655205,1187.0,539.0,1.0
2126,9.66361,1188.25,539.0,1.0
2127,9.663897,1188.25,539.0,1.0
2128,9.67426,1188.5,539.0,1.0
2129,9.674555,1188.5,539.0,1.0
2130,9.683697,1190.0,539.0,1.0
2131,9.683984,1190.0,539.0,1.0
2132,9.693921,1192.25,539.0,1.0
2133,9.694224,1192.25,539.0,1.0
2134,9.703505,1193.0,539.0,1.0
2135,9.703792,1193.0,539.0,1.0
2136,9.710419,1192.25,539.0,1.0
2137,9.710714,1192.25,539.0,1.0
2138,9.714147,1192.25,541.0,1.0
2139,9.714442,1192.25,541.0,1.0
2140,9.723731,1191.75,541.0,1.0
2141,9.724018,1191.75,541.0,1.0
2142,9.73443,1190.0,541.0,1.0
2143,9.734889,1190.0,541.0,1.0
2144,9.743441,1188.25,541.0,1.0
2145,9.743728,1188.25,541.0,1.0
2146,9.754378,1186.75,541.0,1.0
2147,9.75523,1186.75,541.0,1.0
2148,9.763356,1187.25,541.0,1.0
2149,9.763905,1187.25,541.0,1.0
2150,9.774473,1188.5,541.0,1.0
2151,9.774759,1188.5,541.0,1.0
2152,9.783697,1192.0,541.0,1.0
2153,9.783975,1192.0,541.0,1.0
2154,9.793912,1194.75,541.0,1.0
2155,9.794215,1194.75,541.0,1.0
2156,9.80362,1194.5,541.0,1.0
2157,9.803907,1194.5,541.0,1.0
2158,9.810526,1192.75,541.0,1.0
2159,9.810812,1192.75,541.0,1.0
2160,9.814368,1192.75,543.0,1.0
2161,9.814646,1192.75,543.0,1.0
2162,9.823707,1192.5,543.0,1.0
2163,9.823985,1192.5,543.0,1.0
2164,9.834102,1191.75,543.0,1.0
2165,9.834405,1191.75,543.0,1.0
2166,9.843433,1190.5,543.0,1.0
2167,9.84372,1190.5,543.0,1.0
2168,9.854697,1191.0,543.0,1.0
2169,9.855533,1191.0,543.0,1.0
2170,9.863454,1193.25,543.0,1.0
2171,9.863741,1193.25,543.0,1.0
2172,9.87421,1194.25,543.0,1.0
2173,9.874964,1194.25,543.0,1.0
2174,9.883746,1195.25,543.0,1.0
2175,9.884033,1195.25,543.0,1.0
2176,9.894248,1197.0,543.0,1.0
2177,9.894608,1197.0,543.0,1.0
2178,9.903661,1197.25,543.0,1.0
2179,9.904119,1197.25,543.0,1.0
2180,9.910403,1196.25,543.0,1.0
2181,9.910689,1196.25,543.0,1.0
2182,9.91404,1196.25,543.0,1.0
2183,9.914343,1196.25,543.0,1.0
2184,9.923567,1194.75,543.0,1.0
2185,9.923854,1194.75,543.0,1.0
2186,9.934512,1192.75,543.0,1.0
2187,9.934807,1192.75,543.0,1.0
2188,9.943564,1191.25,543.0,1.0
2189,9.943842,1191.25,543.0,1.0
2190,9.954164,1191.0,543.0,1.0
2191,9.954754,1191.0,543.0,1.0
2192,9.963347,1191.5,543.0,1.0
2193,9.963634,1191.5,543.0,1.0
2194,9.974554,1192.5,543.0,1.0
2195,9.974849,1192.5,543.0,1.0
2196,9.984212,1194.75,543.0,1.0
2197,9.984516,1194.75,543.0,1.0
2198,9.993854,1197.0,543.0,1.0
2199,9.994158,1197.0,543.0,1.0
2200,10.003619,1198.0,543.0,1.0
2201,10.003898,1198.0,543.0,1.0
2202,10.010492,1197.5,543.0,1.0
2203,10.010779,1197.5,543.0,1.0
2204,10.014441,1197.5,543.0,1.0
2205,10.014728,1197.5,543.0,1.0
2206,10.023665,1198.5,543.0,1.0
2207,10.023944,1198.5,543.0,1.0
2208,10.034454,1198.75,543.0,1.0
2209,10.034757,1198.75,543.0,1.0
2210,10.043457,1197.5,543.0,1.0
2211,10.043736,1197.5,543.0,1.0
2212,10.05468,1196.25,543.0,1.0
2213,10.055524,1196.25,543.0,1.0
2214,10.063486,1195.5,543.0,1.0
2215,10.063773,1195.5,543.0,1.0
2216,10.074259,1194.5,543.0,1.0
2217,10.074562,1194.5,543.0,1.0
2218,10.084204,1195.25,543.0,1.0
2219,10.084499,1195.25,543.0,1.0
2220,10.094288,1197.25,543.0,1.0
2221,10.094567,1197.25,543.0,1.0
2222,10.103717,1199.0,543.0,1.0
2223,10.103996,1199.0,543.0,1.0
2224,10.110541,1200.0,543.0,1.0
2225,10.110828,1200.0,543.0,1.0
2226,10.113941,1200.0,545.0,1.0
2227,10.114236,1200.0,545.0,1.0
2228,10.123771,1201.75,545.0,1.0
2229,10.12405,1201.75,545.0,1.0
2230,10.134683,1201.75,545.0,1.0
2231,10.134994,1201.75,545.0,1.0
2232,10.143612,1199.5,545.0,1.0
2233,10.143899,1199.5,545.0,1.0
2234,10.154303,1197.0,545.0,1.0
2235,10.155352,1197.0,545.0,1.0
2236,10.163347,1195.25,545.0,1.0
2237,10.163634,1195.25,545.0,1.0
2238,10.174504,1193.75,545.0,1.0
2239,10.174799,1193.75,545.0,1.0
2240,10.184212,1194.25,545.0,1.0
2241,10.184507,1194.25,545.0,1.0
2242,10.193993,1196.75,545.0,1.0
2243,10.194337,1196.75,545.0,1.0
2244,10.203594,1199.5,545.0,1.0
2245,10.203873,1199.5,545.0,1.0
2246,10.210443,1200.75,545.0,1.0
2247,10.210729,1200.75,545.0,1.0
2248,10.214309,1200.75,544.0,1.0
2249,10.214596,1200.75,544.0,1.0
2250,10.223706,1202.0,544.0,1.0
2251,10.224001,1202.0,544.0,1.0
2252,10.23415,1202.25,544.0,1.0
2253,10.234454,1202.25,544.0,1.0
2254,10.243497,1201.5,544.0,1.0
2255,10.243776,1201.5,544.0,1.0
2256,10.254606,1199.25,544.0,1.0
2257,10.255319,1199.25,544.0,1.0
2258,10.263453,1197.25,544.0,1.0
2259,10.266558,1197.25,544.0,1.0
2260,10.27425,1196.0,544.0,1.0
2261,10.275373,1196.0,544.0,1.0
2262,10.28372,1196.5,544.0,1.0
2263,10.284007,1196.5,544.0,1.0
2264,10.294288,1198.5,544.0,1.0
2265,10.294788,1198.5,544.0,1.0
2266,10.303791,1199.75,544.0,1.0
2267,10.304077,1199.75,544.0,1.0
2268,10.31041,1199.75,544.0,1.0
2269,10.310705,1199.75,544.0,1.0
2270,10.314031,1199.75,545.0,1.0
2271,10.314473,1199.75,545.0,1.0
2272,10.323697,1200.25,545.0,1.0
2273,10.323984,1200.25,545.0,1.0
2274,10.334806,1200.0,545.0,1.0
2275,10.335109,1200.0,545.0,1.0
2276,10.343604,1198.75,545.0,1.0
2277,10.34389,1198.75,545.0,1.0
2278,10.354262,1198.5,545.0,1.0
2279,10.354851,1198.5,545.0,1.0
2280,10.363437,1199.25,545.0,1.0
2281,10.363723,1199.25,545.0,1.0
2282,10.374496,1199.25,545.0,1.0
2283,10.374774,1199.25,545.0,1.0
2284,10.38422,1199.0,545.0,1.0
2285,10.384596,1199.0,545.0,1.0
2286,10.394058,1200.0,545.0,1.0
2287,10.394361,1200.0,545.0,1.0
2288,10.403594,1200.5,545.0,1.0
2289,10.40388,1200.5,545.0,1.0
2290,10.410557,1199.75,545.0,1.0
2291,10.410844,1199.75,545.0,1.0
2292,10.414268,1199.75,546.0,1.0
2293,10.414555,1199.75,546.0,1.0
2294,10.423812,1201.25,546.0,1.0
2295,10.42409,1201.25,546.0,1.0
2296,10.434043,1202.0,546.0,1.0
2297,10.434347,1202.0,546.0,1.0
2298,10.44362,1201.75,546.0,1.0
2299,10.443898,1201.75,546.0,1.0
2300,10.454704,1201.25,546.0,1.0
2301,10.455547,1201.25,546.0,1.0
2302,10.463477,1200.5,546.0,1.0
2303,10.463756,1200.5,546.0,1.0
2304,10.474299,1199.25,546.0,1.0
2305,10.474643,1199.25,546.0,1.0
2306,10.483916,1198.25,546.0,1.0
2307,10.484195,1198.25,546.0,1.0
2308,10.494418,1198.0,546.0,1.0
2309,10.494697,1198.0,546.0,1.0
2310,10.5037,1198.5,546.0,1.0
2311,10.503979,1198.5,546.0,1.0
2312,10.510385,1198.25,546.0,1.0
2313,10.510671,1198.25,546.0,1.0
2314,10.514014,1198.25,546.0,1.0
2315,10.514341,1198.25,546.0,1.0
2316,10.523697,1199.25,546.0,1.0
2317,10.523975,1199.25,546.0,1.0
2318,10.534412,1201.75,546.0,1.0
2319,10.53469,1201.75,546.0,1.0
2320,10.544136,1203.5,546.0,1.0
2321,10.544431,1203.5,546.0,1.0
2322,10.554433,1204.25,546.0,1.0
2323,10.555293,1204.25,546.0,1.0
2324,10.563436,1204.0,546.0,1.0
2325,10.563723,1204.0,546.0,1.0
2326,10.574618,1202.0,546.0,1.0
2327,10.574913,1202.0,546.0,1.0
2328,10.584236,1200.75,546.0,1.0
2329,10.58453,1200.75,546.0,1.0
2330,10.594107,1199.75,546.0,1.0
2331,10.59441,1199.75,546.0,1.0
2332,10.603683,1199.0,546.0,1.0
2333,10.60397,1199.0,546.0,1.0
2334,10.610401,1198.0,546.0,1.0
2335,10.610696,1198.0,546.0,1.0
2336,10.614374,1198.0,546.0,1.0
2337,10.614661,1198.0,546.0,1.0
2338,10.623721,1199.25,546.0,1.0
2339,10.624155,1199.25,546.0,1.0
2340,10.634362,1200.25,546.0,1.0
2341,10.635206,1200.25,546.0,1.0
2342,10.643554,1200.75,546.0,1.0
2343,10.643849,1200.75,546.0,1.0
2344,10.654662,1201.25,546.0,1.0
2345,10.655285,1201.25,546.0,1.0
2346,10.663501,1201.75,546.0,1.0
2347,10.66378,1201.75,546.0,1.0
2348,10.674241,1201.0,546.0,1.0
2349,10.674831,1201.0,546.0,1.0
2350,10.683875,1200.5,546.0,1.0
2351,10.684162,1200.5,546.0,1.0
2352,10.694746,1200.75,546.0,1.0
2353,10.695049,1200.75,546.0,1.0
2354,10.703642,1200.75,546.0,1.0
2355,10.703921,1200.75,546.0,1.0
2356,10.710589,1199.25,546.0,1.0
2357,10.710876,1199.25,546.0,1.0
2358,10.713923,1199.25,547.0,1.0
2359,10.714226,1199.25,547.0,1.0
2360,10.72386,1199.5,547.0,1.0
2361,10.724147,1199.5,547.0,1.0
2362,10.734616,1200.75,547.0,1.0
2363,10.73496,1200.75,547.0,1.0
2364,10.743627,1202.0,547.0,1.0
2365,10.743922,1202.0,547.0,1.0
2366,10.754359,1203.0,547.0,1.0
2367,10.754949,1203.0,547.0,1.0
2368,10.763354,1204.5,547.0,1.0
2369,10.76364,1204.5,547.0,1.0
2370,10.774478,1204.75,547.0,1.0
2371,10.774757,1204.75,547.0,1.0
2372,10.783875,1204.25,547.0,1.0
2373,10.784153,1204.25,547.0,1.0
2374,10.793893,1203.5,547.0,1.0
2375,10.794188,1203.5,547.0,1.0
2376,10.803634,1201.5,547.0,1.0
2377,10.80392,1201.5,547.0,1.0
2378,10.810441,1198.75,547.0,1.0
2379,10.810736,1198.75,547.0,1.0
2380,10.813939,1198.75,547.0,1.0
2381,10.814242,1198.75,547.0,1.0
2382,10.823917,1198.0,547.0,1.0
2383,10.824196,1198.0,547.0,1.0
2384,10.834313,1199.0,547.0,1.0
2385,10.834649,1199.0,547.0,1.0
2386,10.843504,1199.75,547.0,1.0
2387,10.843791,1199.75,547.0,1.0
2388,10.854776,1201.25,547.0,1.0
2389,10.85562,1201.25,547.0,1.0
2390,10.863484,1203.25,547.0,1.0
2391,10.864033,1203.25,547.0,1.0
2392,10.874281,1204.0,547.0,1.0
2393,10.874863,1204.0,547.0,1.0
2394,10.88394,1203.75,547.0,1.0
2395,10.884227,1203.75,547.0,1.0
2396,10.893901,1203.0,547.0,1.0
2397,10.894196,1203.0,547.0,1.0
2398,10.90374,1201.25,547.0,1.0
2399,10.904027,1201.25,547.0,1.0
2400,10.910408,1199.25,547.0,1.0
2401,10.910695,1199.25,547.0,1.0
2402,10.914021,1199.25,546.0,1.0
2403,10.914349,1199.25,546.0,1.0
2404,10.923646,1199.75,546.0,1.0
2405,10.923933,1199.75,546.0,1.0
2406,10.934558,1201.5,546.0,1.0
2407,10.934861,1201.5,546.0,1.0
2408,10.943602,1203.75,546.0,1.0
2409,10.943881,1203.75,546.0,1.0
2410,10.954293,1205.75,546.0,1.0
2411,10.955186,1205.75,546.0,1.0
2412,10.963369,1207.25,546.0,1.0
2413,10.963656,1207.25,546.0,1.0
2414,10.974593,1205.0,546.0,1.0
2415,10.974896,1205.0,546.0,1.0
2416,10.9838,1202.0,546.0,1.0
2417,10.984087,1202.0,546.0,1.0
2418,10.993958,1200.25,546.0,1.0
2419,10.994262,1200.25,546.0,1.0
2420,11.003658,1199.0,546.0,1.0
2421,11.003944,1199.0,546.0,1.0
2422,11.010605,1197.25,546.0,1.0
2423,11.010891,1197.25,546.0,1.0
2424,11.013914,1197.25,546.0,1.0
2425,11.014217,1197.25,546.0,1.0
2426,11.023654,1198.75,546.0,1.0
2427,11.023941,1198.75,546.0,1.0
2428,11.03432,1201.0,546.0,1.0
2429,11.034648,1201.0,546.0,1.0
2430,11.043504,1202.0,546.0,1.0
2431,11.043799,1202.0,546.0,1.0
2432,11.054579,1201.75,546.0,1.0
2433,11.055218,1201.75,546.0,1.0
2434,11.063508,1202.25,546.0,1.0
2435,11.063787,1202.25,546.0,1.0
2436,11.074265,1202.5,546.0,1.0
2437,11.074568,1202.5,546.0,1.0
2438,11.083694,1204.0,546.0,1.0
2439,11.08398,1204.0,546.0,1.0
2440,11.094458,1206.0,546.0,1.0
2441,11.094745,1206.0,546.0,1.0
2442,11.103756,1206.5,546.0,1.0
2443,11.104043,1206.5,546.0,1.0
2444,11.110465,1206.25,546.0,1.0
2445,11.110752,1206.25,546.0,1.0
2446,11.113922,1206.25,546.0,1.0
2447,11.114217,1206.25,546.0,1.0
2448,11.123761,1206.0,546.0,1.0
2449,11.124047,1206.0,546.0,1.0
2450,11.134582,1204.25,546.0,1.0
2451,11.134877,1204.25,546.0,1.0
2452,11.14352,1202.0,546.0,1.0
2453,11.143806,1202.0,546.0,1.0
2454,11.154448,1200.25,546.0,1.0
2455,11.1553,1200.25,546.0,1.0
2456,11.163377,1199.75,546.0,1.0
2457,11.163664,1199.75,546.0,1.0
2458,11.1746,1199.75,546.0,1.0
2459,11.174903,1199.75,546.0,1.0
2460,11.183882,1201.75,546.0,1.0
2461,11.184168,1201.75,546.0,1.0
2462,11.193933,1204.25,546.0,1.0
2463,11.194236,1204.25,546.0,1.0
2464,11.203641,1204.75,546.0,1.0
2465,11.203928,1204.75,546.0,1.0
2466,11.21044,1203.25,546.0,1.0
2467,11.210727,1203.25,546.0,1.0
2468,11.214512,1203.25,547.0,1.0
2469,11.214798,1203.25,547.0,1.0
2470,11.223777,1202.25,547.0,1.0
2471,11.224072,1202.25,547.0,1.0
2472,11.234279,1201.25,547.0,1.0
2473,11.234574,1201.25,547.0,1.0
2474,11.243528,1199.75,547.0,1.0
2475,11.243806,1199.75,547.0,1.0
2476,11.254718,1199.25,547.0,1.0
2477,11.255562,1199.25,547.0,1.0
2478,11.263434,1201.25,547.0,1.0
2479,11.269095,1201.25,547.0,1.0
2480,11.274428,1203.0,547.0,1.0
2481,11.275304,1203.0,547.0,1.0
2482,11.283734,1205.5,547.0,1.0
2483,11.284029,1205.5,547.0,1.0
2484,11.293941,1207.75,547.0,1.0
2485,11.294236,1207.75,547.0,1.0
2486,11.303714,1207.5,547.0,1.0
2487,11.304001,1207.5,547.0,1.0
2488,11.310579,1205.0,547.0,1.0
2489,11.310866,1205.0,547.0,1.0
2490,11.314036,1205.0,547.0,1.0
2491,11.314364,1205.0,547.0,1.0
2492,11.323703,1203.25,547.0,1.0
2493,11.32399,1203.25,547.0,1.0
2494,11.334787,1201.75,547.0,1.0
2495,11.33509,1201.75,547.0,1.0
2496,11.343536,1199.5,547.0,1.0
2497,11.343822,1199.5,547.0,1.0
2498,11.354365,1198.5,547.0,1.0
2499,11.355217,1198.5,547.0,1.0
2500,11.363467,1199.75,547.0,1.0
2501,11.363753,1199.75,547.0,1.0
2502,11.374567,1200.5,547.0,1.0
2503,11.37487,1200.5,547.0,1.0
2504,11.383873,1202.0,547.0,1.0
2505,11.384168,1202.0,547.0,1.0
2506,11.394031,1204.25,547.0,1.0
2507,11.394359,1204.25,547.0,1.0
2508,11.403608,1205.75,547.0,1.0
2509,11.403894,1205.75,547.0,1.0
2510,11.410513,1206.0,547.0,1.0
2511,11.4108,1206.0,547.0,1.0
2512,11.414437,1206.0,547.0,1.0
2513,11.414724,1206.0,547.0,1.0
2514,11.423891,1206.25,547.0,1.0
2515,11.424169,1206.25,547.0,1.0
2516,11.434016,1205.25,547.0,1.0
2517,11.43436,1205.25,547.0,1.0
2518,11.443453,1204.25,547.0,1.0
2519,11.443994,1204.25,547.0,1.0
2520,11.45457,1202.75,547.0,1.0
2521,11.45516,1202.75,547.0,1.0
2522,11.463811,1201.25,547.0,1.0
2523,11.464097,1201.25,547.0,1.0
2524,11.474354,1199.0,547.0,1.0
2525,11.474665,1199.0,547.0,1.0
2526,11.48366,1199.25,547.0,1.0
2527,11.483947,1199.25,547.0,1.0
2528,11.49435,1201.5,547.0,1.0
2529,11.494637,1201.5,547.0,1.0
2530,11.50364,1203.0,547.0,1.0
2531,11.503927,1203.0,547.0,1.0
2532,11.510448,1202.75,547.0,1.0
2533,11.510743,1202.75,547.0,1.0
2534,11.514216,1202.75,547.0,1.0
2535,11.514519,1202.75,547.0,1.0
2536,11.523825,1204.0,547.0,1.0
2537,11.524112,1204.0,547.0,1.0
2538,11.534385,1204.5,547.0,1.0
2539,11.534671,1204.5,547.0,1.0
2540,11.543609,1203.0,547.0,1.0
2541,11.543896,1203.0,547.0,1.0
2542,11.554562,1201.0,547.0,1.0
2543,11.555405,1201.0,547.0,1.0
2544,11.563663,1200.0,547.0,1.0
2545,11.56395,1200.0,547.0,1.0
2546,11.574566,1199.0,547.0,1.0
2547,11.57487,1199.0,547.0,1.0
2548,11.583922,1200.25,547.0,1.0
2549,11.5842,1200.25,547.0,1.0
2550,11.593965,1203.0,547.0,1.0
2551,11.59426,1203.0,547.0,1.0
2552,11.603574,1204.5,547.0,1.0
2553,11.603853,1204.5,547.0,1.0
2554,11.610578,1205.25,547.0,1.0
2555,11.610865,1205.25,547.0,1.0
2556,11.614568,1205.25,547.0,1.0
2557,11.614863,1205.25,547.0,1.0
2558,11.623981,1206.0,547.0,1.0
2559,11.624267,1206.0,547.0,1.0
2560,11.634106,1204.75,547.0,1.0
2561,11.634401,1204.75,547.0,1.0
2562,11.643625,1202.25,547.0,1.0
2563,11.643912,1202.25,547.0,1.0
2564,11.654701,1199.5,547.0,1.0
2565,11.65529,1199.5,547.0,1.0
2566,11.663728,1198.25,547.0,1.0
2567,11.666644,1198.25,547.0,1.0
2568,11.674402,1197.0,547.0,1.0
2569,11.675762,1197.0,547.0,1.0
2570,11.683635,1198.0,547.0,1.0
2571,11.683921,1198.0,547.0,1.0
2572,11.693998,1200.5,547.0,1.0
2573,11.694587,1200.5,547.0,1.0
2574,11.703754,1202.5,547.0,1.0
2575,11.704041,1202.5,547.0,1.0
2576,11.710529,1204.0,547.0,1.0
2577,11.710816,1204.0,547.0,1.0
2578,11.714142,1204.0,547.0,1.0
2579,11.71456,1204.0,547.0,1.0
2580,11.723948,1205.5,547.0,1.0
2581,11.724234,1205.5,547.0,1.0
2582,11.73463,1205.75,547.0,1.0
2583,11.735023,1205.75,547.0,1.0
2584,11.743674,1205.0,547.0,1.0
2585,11.743969,1205.0,547.0,1.0
2586,11.754323,1203.5,547.0,1.0
2587,11.755413,1203.5,547.0,1.0
2588,11.763556,1202.0,547.0,1.0
2589,11.763843,1202.0,547.0,1.0
2590,11.774664,1200.0,547.0,1.0
2591,11.775401,1200.0,547.0,1.0
2592,11.783741,1199.75,547.0,1.0
2593,11.784028,1199.75,547.0,1.0
2594,11.793997,1201.0,547.0,1.0
2595,11.794292,1201.0,547.0,1.0
2596,11.803557,1200.0,547.0,1.0
2597,11.803852,1200.0,547.0,1.0
2598,11.810447,1198.5,547.0,1.0
2599,11.810734,1198.5,547.0,1.0
2600,11.814576,1198.5,546.0,1.0
2601,11.814862,1198.5,546.0,1.0
2602,11.823874,1198.75,546.0,1.0
2603,11.824168,1198.75,546.0,1.0
2604,11.834212,1199.5,546.0,1.0
2605,11.834507,1199.5,546.0,1.0
2606,11.843592,1200.0,546.0,1.0
2607,11.843878,1200.0,546.0,1.0
2608,11.854643,1200.5,546.0,1.0
2609,11.855413,1200.5,546.0,1.0
2610,11.863728,1201.75,546.0,1.0
2611,11.864014,1201.75,546.0,1.0
2612,11.874582,1201.5,546.0,1.0
2613,11.874926,1201.5,546.0,1.0
2614,11.883642,1200.75,546.0,1.0
2615,11.883929,1200.75,546.0,1.0
2616,11.894333,1200.25,546.0,1.0
2617,11.89462,1200.25,546.0,1.0
2618,11.903574,1200.0,546.0,1.0
2619,11.90386,1200.0,546.0,1.0
2620,11.910627,1199.75,546.0,1.0
2621,11.910922,1199.75,546.0,1.0
2622,11.914117,1199.75,546.0,1.0
2623,11.91442,1199.75,546.0,1.0
2624,11.923947,1201.0,546.0,1.0
2625,11.924234,1201.0,546.0,1.0
2626,11.9344,1202.0,546.0,1.0
2627,11.934687,1202.0,546.0,1.0
2628,11.943567,1202.5,546.0,1.0
2629,11.943854,1202.5,546.0,1.0
2630,11.954323,1202.25,546.0,1.0
2631,11.955175,1202.25,546.0,1.0
2632,11.963604,1201.5,546.0,1.0
2633,11.963891,1201.5,546.0,1.0
2634,11.974918,1199.25,546.0,1.0
2635,11.975213,1199.25,546.0,1.0
2636,11.983929,1198.5,546.0,1.0
2637,11.984216,1198.5,546.0,1.0
2638,11.993997,1199.25,546.0,1.0
2639,11.994464,1199.25,546.0,1.0
2640,12.003565,1199.25,546.0,1.0
2641,12.003852,1199.25,546.0,1.0
2642,12.010577,1199.25,546.0,1.0
2643,12.010872,1199.25,546.0,1.0
2644,12.014518,1199.25,546.0,1.0
2645,12.014804,1199.25,546.0,1.0
2646,12.024053,1200.0,546.0,1.0
2647,12.024373,1200.0,546.0,1.0
2648,12.034056,1200.0,546.0,1.0
2649,12.034367,1200.0,546.0,1.0
2650,12.043517,1199.75,546.0,1.0
2651,12.043804,1199.75,546.0,1.0
2652,12.054634,1199.5,546.0,1.0
2653,12.055355,1199.5,546.0,1.0
2654,12.063637,1200.5,546.0,1.0
2655,12.063916,1200.5,546.0,1.0
2656,12.074606,1200.75,546.0,1.0
2657,12.074942,1200.75,546.0,1.0
2658,12.083855,1201.75,546.0,1.0
2659,12.084142,1201.75,546.0,1.0
2660,12.093939,1203.25,546.0,1.0
2661,12.094234,1203.25,546.0,1.0
2662,12.103589,1202.5,546.0,1.0
2663,12.103876,1202.5,546.0,1.0
2664,12.110446,1200.0,546.0,1.0
2665,12.110733,1200.0,546.0,1.0
2666,12.114141,1200.0,546.0,1.0
2667,12.114575,1200.0,546.0,1.0
2668,12.123889,1198.5,546.0,1.0
2669,12.124176,1198.5,546.0,1.0
2670,12.134522,1197.25,546.0,1.0
2671,12.134809,1197.25,546.0,1.0
2672,12.143525,1195.5,546.0,1.0
2673,12.143804,1195.5,546.0,1.0
2674,12.154331,1195.0,546.0,1.0
2675,12.155191,1195.0,546.0,1.0
2676,12.163612,1196.5,546.0,1.0
2677,12.164087,1196.5,546.0,1.0
2678,12.174778,1197.25,546.0,1.0
2679,12.175081,1197.25,546.0,1.0
2680,12.183789,1198.5,546.0,1.0
2681,12.184076,1198.5,546.0,1.0
2682,12.193972,1199.5,546.0,1.0
2683,12.194267,1199.5,546.0,1.0
2684,12.203524,1198.75,546.0,1.0
2685,12.20381,1198.75,546.0,1.0
2686,12.210577,1196.75,546.0,1.0
2687,12.210864,1196.75,546.0,1.0
2688,12.21455,1196.75,545.0,1.0
2689,12.214837,1196.75,545.0,1.0
2690,12.224012,1195.25,545.0,1.0
2691,12.224299,1195.25,545.0,1.0
2692,12.234121,1194.5,545.0,1.0
2693,12.234424,1194.5,545.0,1.0
2694,12.243542,1196.0,545.0,1.0
2695,12.243828,1196.0,545.0,1.0
2696,12.254699,1198.25,545.0,1.0
2697,12.255543,1198.25,545.0,1.0
2698,12.263677,1200.75,545.0,1.0
2699,12.264448,1200.75,545.0,1.0
2700,12.274573,1202.0,545.0,1.0
2701,12.275605,1202.0,545.0,1.0
2702,12.283674,1203.5,545.0,1.0
2703,12.283961,1203.5,545.0,1.0
2704,12.294422,1203.75,545.0,1.0
2705,12.294709,1203.75,545.0,1.0
2706,12.303671,1200.5,545.0,1.0
2707,12.303958,1200.5,545.0,1.0
2708,12.310552,1197.25,545.0,1.0
2709,12.310847,1197.25,545.0,1.0
2710,12.314255,1197.25,544.0,1.0
2711,12.314558,1197.25,544.0,1.0
2712,12.323741,1196.0,544.0,1.0
2713,12.324028,1196.0,544.0,1.0
2714,12.334874,1195.75,544.0,1.0
2715,12.335177,1195.75,544.0,1.0
2716,12.343607,1195.75,544.0,1.0
2717,12.343894,1195.75,544.0,1.0
2718,12.354371,1196.5,544.0,1.0
2719,12.354961,1196.5,544.0,1.0
2720,12.363677,1198.25,544.0,1.0
2721,12.363964,1198.25,544.0,1.0
2722,12.374827,1199.5,544.0,1.0
2723,12.37513,1199.5,544.0,1.0
2724,12.384321,1201.25,544.0,1.0
2725,12.384665,1201.25,544.0,1.0
2726,12.394045,1202.75,544.0,1.0
2727,12.394373,1202.75,544.0,1.0
2728,12.403548,1202.0,544.0,1.0
2729,12.403834,1202.0,544.0,1.0
2730,12.410454,1200.75,544.0,1.0
2731,12.410748,1200.75,544.0,1.0
2732,12.414566,1200.75,545.0,1.0
2733,12.414844,1200.75,545.0,1.0
2734,12.424077,1199.5,545.0,1.0
2735,12.424372,1199.5,545.0,1.0
2736,12.434137,1197.5,545.0,1.0
2737,12.43444,1197.5,545.0,1.0
2738,12.443516,1195.25,545.0,1.0
2739,12.443803,1195.25,545.0,1.0
2740,12.454699,1194.0,545.0,1.0
2741,12.455354,1194.0,545.0,1.0
2742,12.463669,1194.5,545.0,1.0
2743,12.463955,1194.5,545.0,1.0
2744,12.474425,1195.0,545.0,1.0
2745,12.474728,1195.0,545.0,1.0
2746,12.483756,1196.5,545.0,1.0
2747,12.484042,1196.5,545.0,1.0
2748,12.493979,1198.75,545.0,1.0
2749,12.494274,1198.75,545.0,1.0
2750,12.503752,1200.0,545.0,1.0
2751,12.504039,1200.0,545.0,1.0
2752,12.510437,1199.0,545.0,1.0
2753,12.510732,1199.0,545.0,1.0
2754,12.514205,1199.0,545.0,1.0
2755,12.5145,1199.0,545.0,1.0
2756,12.523831,1197.75,545.0,1.0
2757,12.524109,1197.75,545.0,1.0
2758,12.534726,1196.0,545.0,1.0
2759,12.535029,1196.0,545.0,1.0
2760,12.543664,1195.0,545.0,1.0
2761,12.54395,1195.0,545.0,1.0
2762,12.55451,1194.25,545.0,1.0
2763,12.55537,1194.25,545.0,1.0
2764,12.563914,1195.0,545.0,1.0
2765,12.564201,1195.0,545.0,1.0
2766,12.574531,1196.25,545.0,1.0
2767,12.574818,1196.25,545.0,1.0
2768,12.583878,1199.25,545.0,1.0
2769,12.584157,1199.25,545.0,1.0
2770,12.594077,1201.75,545.0,1.0
2771,12.59438,1201.75,545.0,1.0
2772,12.60376,1202.0,545.0,1.0
2773,12.604047,1202.0,545.0,1.0
2774,12.6106,1200.25,545.0,1.0
2775,12.610895,1200.25,545.0,1.0
2776,12.614524,1200.25,545.0,1.0
2777,12.614811,1200.25,545.0,1.0
2778,12.624068,1199.0,545.0,1.0
2779,12.624379,1199.0,545.0,1.0
2780,12.634218,1196.75,545.0,1.0
2781,12.63475,1196.75,545.0,1.0
2782,12.643467,1194.25,545.0,1.0
2783,12.643753,1194.25,545.0,1.0
2784,12.654739,1193.0,545.0,1.0
2785,12.655386,1193.0,545.0,1.0
2786,12.66375,1194.25,545.0,1.0
2787,12.664037,1194.25,545.0,1.0
2788,12.674351,1195.0,545.0,1.0
2789,12.674678,1195.0,545.0,1.0
2790,12.683689,1196.0,545.0,1.0
2791,12.684197,1196.0,545.0,1.0
2792,12.694396,1197.75,545.0,1.0
2793,12.694683,1197.75,545.0,1.0
2794,12.703727,1199.25,545.0,1.0
2795,12.704014,1199.25,545.0,1.0
2796,12.710625,1199.5,545.0,1.0
2797,12.710912,1199.5,545.0,1.0
2798,12.714139,1199.5,544.0,1.0
2799,12.714434,1199.5,544.0,1.0
2800,12.723699,1199.25,544.0,1.0
2801,12.723986,1199.25,544.0,1.0
2802,12.734414,1199.0,544.0,1.0
2803,12.734988,1199.0,544.0,1.0
2804,12.743581,1199.0,544.0,1.0
2805,12.743868,1199.0,544.0,1.0
2806,12.754534,1198.75,544.0,1.0
2807,12.755386,1198.75,544.0,1.0
2808,12.763537,1199.25,544.0,1.0
2809,12.763824,1199.25,544.0,1.0
2810,12.774629,1199.25,544.0,1.0
2811,12.774932,1199.25,544.0,1.0
2812,12.783779,1200.5,544.0,1.0
2813,12.784058,1200.5,544.0,1.0
2814,12.794028,1201.75,544.0,1.0
2815,12.79447,1201.75,544.0,1.0
2816,12.803727,1200.75,544.0,1.0
2817,12.804014,1200.75,544.0,1.0
2818,12.810461,1197.75,544.0,1.0
2819,12.810756,1197.75,544.0,1.0
2820,12.814409,1197.75,545.0,1.0
2821,12.814696,1197.75,545.0,1.0
2822,12.823748,1195.5,545.0,1.0
2823,12.824027,1195.5,545.0,1.0
2824,12.834217,1193.75,545.0,1.0
2825,12.834512,1193.75,545.0,1.0
2826,12.84363,1192.5,545.0,1.0
2827,12.843909,1192.5,545.0,1.0
2828,12.854861,1191.75,545.0,1.0
2829,12.855812,1191.75,545.0,1.0
2830,12.863528,1193.25,545.0,1.0
2831,12.864053,1193.25,545.0,1.0
2832,12.874407,1194.5,545.0,1.0
2833,12.874702,1194.5,545.0,1.0
2834,12.883943,1196.75,545.0,1.0
2835,12.88423,1196.75,545.0,1.0
2836,12.894363,1199.25,545.0,1.0
2837,12.89465,1199.25,545.0,1.0
2838,12.903858,1200.25,545.0,1.0
2839,12.904144,1200.25,545.0,1.0
2840,12.910796,1200.75,545.0,1.0
2841,12.911083,1200.75,545.0,1.0
2842,12.914089,1200.75,545.0,1.0
2843,12.914384,1200.75,545.0,1.0
2844,12.923731,1201.5,545.0,1.0
2845,12.924018,1201.5,545.0,1.0
2846,12.934733,1200.25,545.0,1.0
2847,12.935028,1200.25,545.0,1.0
2848,12.94372,1197.75,545.0,1.0
2849,12.944007,1197.75,545.0,1.0
2850,12.954451,1195.25,545.0,1.0
2851,12.955303,1195.25,545.0,1.0
2852,12.963627,1194.25,545.0,1.0
2853,12.963905,1194.25,545.0,1.0
2854,12.974571,1194.0,545.0,1.0
2855,12.97485,1194.0,545.0,1.0
2856,12.983853,1194.75,545.0,1.0
2857,12.984131,1194.75,545.0,1.0
2858,12.994068,1197.25,545.0,1.0
2859,12.994379,1197.25,545.0,1.0
2860,13.003767,1200.25,545.0,1.0
2861,13.004054,1200.25,545.0,1.0
2862,13.010788,1200.25,545.0,1.0
2863,13.011083,1200.25,545.0,1.0
2864,13.014499,1200.25,544.0,1.0
2865,13.014786,1200.25,544.0,1.0
2866,13.023617,1199.0,544.0,1.0
2867,13.023895,1199.0,544.0,1.0
2868,13.034307,1197.5,544.0,1.0
2869,13.03461,1197.5,544.0,1.0
2870,13.043646,1195.75,544.0,1.0
2871,13.043924,1195.75,544.0,1.0
2872,13.05459,1195.0,544.0,1.0
2873,13.055246,1195.0,544.0,1.0
2874,13.063733,1195.75,544.0,1.0
2875,13.064019,1195.75,544.0,1.0
2876,13.074243,1197.5,544.0,1.0
2877,13.074546,1197.5,544.0,1.0
2878,13.083779,1200.0,544.0,1.0
2879,13.084065,1200.0,544.0,1.0
2880,13.094477,1201.25,544.0,1.0
2881,13.094756,1201.25,544.0,1.0
2882,13.103808,1200.5,544.0,1.0
2883,13.104087,1200.5,544.0,1.0
2884,13.11046,1198.5,544.0,1.0
2885,13.110755,1198.5,544.0,1.0
2886,13.114032,1198.5,544.0,1.0
2887,13.114482,1198.5,544.0,1.0
2888,13.123723,1196.75,544.0,1.0
2889,13.124009,1196.75,544.0,1.0
2890,13.134659,1195.25,544.0,1.0
2891,13.134954,1195.25,544.0,1.0
2892,13.143711,1194.25,544.0,1.0
2893,13.143998,1194.25,544.0,1.0
2894,13.154385,1194.75,544.0,1.0
2895,13.154967,1194.75,544.0,1.0
2896,13.163569,1197.0,544.0,1.0
2897,13.163855,1197.0,544.0,1.0
2898,13.174587,1198.5,544.0,1.0
2899,13.174874,1198.5,544.0,1.0
2900,13.183983,1199.75,544.0,1.0
2901,13.18427,1199.75,544.0,1.0
2902,13.194125,1201.25,544.0,1.0
2903,13.19442,1201.25,544.0,1.0
2904,13.203595,1201.25,544.0,1.0
2905,13.203922,1201.25,544.0,1.0
2906,13.210705,1199.0,544.0,1.0
2907,13.211017,1199.0,544.0,1.0
2908,13.214392,1199.0,545.0,1.0
2909,13.21467,1199.0,545.0,1.0
2910,13.223739,1197.25,545.0,1.0
2911,13.224017,1197.25,545.0,1.0
2912,13.234372,1196.5,545.0,1.0
2913,13.234683,1196.5,545.0,1.0
2914,13.243506,1196.5,545.0,1.0
2915,13.243801,1196.5,545.0,1.0
2916,13.254729,1197.0,545.0,1.0
2917,13.255376,1197.0,545.0,1.0
2918,13.26356,1198.0,545.0,1.0
2919,13.266821,1198.0,545.0,1.0
2920,13.274218,1198.5,545.0,1.0
2921,13.276774,1198.5,545.0,1.0
2922,13.284278,1198.75,545.0,1.0
2923,13.284581,1198.75,545.0,1.0
2924,13.29437,1199.25,545.0,1.0
2925,13.294649,1199.25,545.0,1.0
2926,13.303971,1199.25,545.0,1.0
2927,13.304258,1199.25,545.0,1.0
2928,13.310427,1198.0,545.0,1.0
2929,13.310722,1198.0,545.0,1.0
2930,13.31422,1198.0,545.0,1.0
2931,13.314678,1198.0,545.0,1.0
2932,13.323763,1198.5,545.0,1.0
2933,13.324042,1198.5,545.0,1.0
2934,13.335126,1199.5,545.0,1.0
2935,13.33542,1199.5,545.0,1.0
2936,13.343703,1199.75,545.0,1.0
2937,13.343989,1199.75,545.0,1.0
2938,13.354467,1199.25,545.0,1.0
2939,13.355319,1199.25,545.0,1.0
2940,13.363535,1198.5,545.0,1.0
2941,13.363863,1198.5,545.0,1.0
2942,13.374619,1197.5,545.0,1.0
2943,13.374922,1197.5,545.0,1.0
2944,13.38431,1197.75,545.0,1.0
2945,13.384605,1197.75,545.0,1.0
2946,13.3941,1198.25,545.0,1.0
2947,13.394403,1198.25,545.0,1.0
2948,13.403799,1198.25,545.0,1.0
2949,13.404086,1198.25,545.0,1.0
2950,13.410492,1198.5,545.0,1.0
2951,13.410779,1198.5,545.0,1.0
2952,13.414465,1198.5,545.0,1.0
2953,13.414752,1198.5,545.0,1.0
2954,13.423779,1200.0,545.0,1.0
2955,13.424066,1200.0,545.0,1.0
2956,13.434454,1200.25,545.0,1.0
2957,13.434748,1200.25,545.0,1.0
2958,13.443653,1199.25,545.0,1.0
2959,13.443932,1199.25,545.0,1.0
2960,13.454761,1197.5,545.0,1.0
2961,13.455441,1197.5,545.0,1.0
2962,13.463584,1196.0,545.0,1.0
2963,13.463871,1196.0,545.0,1.0
2964,13.474422,1194.5,545.0,1.0
2965,13.474717,1194.5,545.0,1.0
2966,13.483982,1193.75,545.0,1.0
2967,13.484269,1193.75,545.0,1.0
2968,13.494525,1194.5,545.0,1.0
2969,13.494804,1194.5,545.0,1.0
2970,13.50393,1196.25,545.0,1.0
2971,13.504217,1196.25,545.0,1.0
2972,13.510639,1197.0,545.0,1.0
2973,13.510934,1197.0,545.0,1.0
2974,13.514129,1197.0,545.0,1.0
2975,13.514432,1197.0,545.0,1.0
2976,13.523714,1198.0,545.0,1.0
2977,13.524,1198.0,545.0,1.0
2978,13.534691,1198.5,545.0,1.0
2979,13.534994,1198.5,545.0,1.0
2980,13.543825,1198.0,545.0,1.0
2981,13.544382,1198.0,545.0,1.0
2982,13.554573,1197.5,545.0,1.0
2983,13.555163,1197.5,545.0,1.0
2984,13.563617,1197.25,545.0,1.0
2985,13.563904,1197.25,545.0,1.0
2986,13.574864,1197.5,545.0,1.0
2987,13.575168,1197.5,545.0,1.0
2988,13.583933,1198.75,545.0,1.0
2989,13.58422,1198.75,545.0,1.0
2990,13.594181,1200.25,545.0,1.0
2991,13.594484,1200.25,545.0,1.0
2992,13.60402,1201.0,545.0,1.0
2993,13.604306,1201.0,545.0,1.0
2994,13.610483,1199.75,545.0,1.0
2995,13.61077,1199.75,545.0,1.0
2996,13.614522,1199.75,545.0,1.0
2997,13.6148,1199.75,545.0,1.0
2998,13.623959,1198.5,545.0,1.0
2999,13.624246,1198.5,545.0,1.0
3000,13.634265,1197.0,545.0,1.0
3001,13.635223,1197.0,545.0,1.0
3002,13.643661,1195.75,545.0,1.0
3003,13.644193,1195.75,545.0,1.0
3004,13.654917,1195.0,545.0,1.0
3005,13.655801,1195.0,545.0,1.0
3006,13.663666,1195.0,545.0,1.0
3007,13.664223,1195.0,545.0,1.0
3008,13.674487,1195.25,545.0,1.0
3009,13.674782,1195.25,545.0,1.0
3010,13.683752,1197.0,545.0,1.0
3011,13.684039,1197.0,545.0,1.0
3012,13.694484,1199.0,545.0,1.0
3013,13.694763,1199.0,545.0,1.0
3014,13.703888,1201.0,545.0,1.0
3015,13.704167,1201.0,545.0,1.0
3016,13.710467,1201.0,545.0,1.0
3017,13.710753,1201.0,545.0,1.0
3018,13.714145,1201.0,545.0,1.0
3019,13.714448,1201.0,545.0,1.0
3020,13.723787,1201.5,545.0,1.0
3021,13.724082,1201.5,545.0,1.0
3022,13.734666,1201.75,545.0,1.0
3023,13.735116,1201.75,545.0,1.0
3024,13.743726,1201.5,545.0,1.0
3025,13.744259,1201.5,545.0,1.0
3026,13.754556,1201.75,545.0,1.0
3027,13.755408,1201.75,545.0,1.0
3028,13.763518,1202.25,545.0,1.0
3029,13.763805,1202.25,545.0,1.0
3030,13.774749,1201.25,545.0,1.0
3031,13.775052,1201.25,545.0,1.0
3032,13.784023,1199.75,545.0,1.0
3033,13.784309,1199.75,545.0,1.0
3034,13.794189,1199.25,545.0,1.0
3035,13.794492,1199.25,545.0,1.0
3036,13.803814,1198.75,545.0,1.0
3037,13.804101,1198.75,545.0,1.0
3038,13.810655,1197.25,545.0,1.0
3039,13.810941,1197.25,545.0,1.0
3040,13.814636,1197.25,546.0,1.0
3041,13.814939,1197.25,546.0,1.0
3042,13.82386,1197.25,546.0,1.0
3043,13.824147,1197.25,546.0,1.0
3044,13.834207,1198.75,546.0,1.0
3045,13.834543,1198.75,546.0,1.0
3046,13.843734,1199.75,546.0,1.0
3047,13.844021,1199.75,546.0,1.0
3048,13.854875,1199.75,546.0,1.0
3049,13.855719,1199.75,546.0,1.0
3050,13.86369,1199.75,546.0,1.0
3051,13.864222,1199.75,546.0,1.0
3052,13.874495,1200.0,546.0,1.0
3053,13.874814,1200.0,546.0,1.0
3054,13.883744,1201.0,546.0,1.0
3055,13.88403,1201.0,546.0,1.0
3056,13.894541,1201.5,546.0,1.0
3057,13.894828,1201.5,546.0,1.0
3058,13.903814,1201.5,546.0,1.0
3059,13.904101,1201.5,546.0,1.0
3060,13.910482,1201.25,546.0,1.0
3061,13.910769,1201.25,546.0,1.0
3062,13.914112,1201.25,546.0,1.0
3063,13.914677,1201.25,546.0,1.0
3064,13.923819,1201.25,546.0,1.0
3065,13.924106,1201.25,546.0,1.0
3066,13.934542,1200.5,546.0,1.0
3067,13.934821,1200.5,546.0,1.0
3068,13.94375,1199.5,546.0,1.0
3069,13.944037,1199.5,546.0,1.0
3070,13.954506,1199.0,546.0,1.0
3071,13.955358,1199.0,546.0,1.0
3072,13.963567,1199.25,546.0,1.0
3073,13.963853,1199.25,546.0,1.0
3074,13.974691,1199.5,546.0,1.0
3075,13.974986,1199.5,546.0,1.0
3076,13.983842,1200.25,546.0,1.0
3077,13.984129,1200.25,546.0,1.0
3078,13.994254,1202.0,546.0,1.0
3079,13.994557,1202.0,546.0,1.0
3080,14.003732,1202.75,546.0,1.0
3081,14.004019,1202.75,546.0,1.0
3082,14.010515,1201.25,546.0,1.0
3083,14.010802,1201.25,546.0,1.0
3084,14.01448,1201.25,545.0,1.0
3085,14.014767,1201.25,545.0,1.0
3086,14.023917,1200.25,545.0,1.0
3087,14.024204,1200.25,545.0,1.0
3088,14.034206,1198.75,545.0,1.0
3089,14.034509,1198.75,545.0,1.0
3090,14.043684,1197.5,545.0,1.0
3091,14.043971,1197.5,545.0,1.0
3092,14.054916,1198.0,545.0,1.0
3093,14.055923,1198.0,545.0,1.0
3094,14.063697,1200.0,545.0,1.0
3095,14.063984,1200.0,545.0,1.0
3096,14.074347,1201.75,545.0,1.0
3097,14.074691,1201.75,545.0,1.0
3098,14.083923,1203.75,545.0,1.0
3099,14.08421,1203.75,545.0,1.0
3100,14.094516,1205.0,545.0,1.0
3101,14.094802,1205.0,545.0,1.0
3102,14.103822,1204.5,545.0,1.0
3103,14.104109,1204.5,545.0,1.0
3104,14.110646,1201.75,545.0,1.0
3105,14.110941,1201.75,545.0,1.0
3106,14.114226,1201.75,546.0,1.0
3107,14.114529,1201.75,546.0,1.0
3108,14.123892,1200.25,546.0,1.0
3109,14.124179,1200.25,546.0,1.0
3110,14.134484,1199.0,546.0,1.0
3111,14.134771,1199.0,546.0,1.0
3112,14.143725,1197.75,546.0,1.0
3113,14.144012,1197.75,546.0,1.0
3114,14.154547,1196.75,546.0,1.0
3115,14.155522,1196.75,546.0,1.0
3116,14.16364,1197.25,546.0,1.0
3117,14.163918,1197.25,546.0,1.0
3118,14.174642,1198.0,546.0,1.0
3119,14.174945,1198.0,546.0,1.0
3120,14.184333,1199.5,546.0,1.0
3121,14.184628,1199.5,546.0,1.0
3122,14.194204,1201.25,546.0,1.0
3123,14.194499,1201.25,546.0,1.0
3124,14.203789,1203.25,546.0,1.0
3125,14.204067,1203.25,546.0,1.0
3126,14.210506,1204.5,546.0,1.0
3127,14.210793,1204.5,546.0,1.0
3128,14.214643,1204.5,547.0,1.0
3129,14.214938,1204.5,547.0,1.0
3130,14.223835,1205.5,547.0,1.0
3131,14.224121,1205.5,547.0,1.0
3132,14.234312,1205.0,547.0,1.0
3133,14.234615,1205.0,547.0,1.0
3134,14.243708,1203.5,547.0,1.0
3135,14.243995,1203.5,547.0,1.0
3136,14.254841,1202.25,547.0,1.0
3137,14.255685,1202.25,547.0,1.0
3138,14.263664,1201.5,547.0,1.0
3139,14.269145,1201.5,547.0,1.0
3140,14.274363,1199.25,547.0,1.0
3141,14.282801,1199.25,547.0,1.0
3142,14.284357,1199.0,547.0,1.0
3143,14.284808,1199.0,547.0,1.0
3144,14.294663,1200.75,547.0,1.0
3145,14.294966,1200.75,547.0,1.0
3146,14.303903,1202.25,547.0,1.0
3147,14.304428,1202.25,547.0,1.0
3148,14.310498,1202.5,547.0,1.0
3149,14.310785,1202.5,547.0,1.0
3150,14.314307,1202.5,546.0,1.0
3151,14.314602,1202.5,546.0,1.0
3152,14.323687,1203.5,546.0,1.0
3153,14.323965,1203.5,546.0,1.0
3154,14.335107,1204.25,546.0,1.0
3155,14.335401,1204.25,546.0,1.0
3156,14.343864,1203.75,546.0,1.0
3157,14.344151,1203.75,546.0,1.0
3158,14.354522,1202.25,546.0,1.0
3159,14.355382,1202.25,546.0,1.0
3160,14.363574,1201.0,546.0,1.0
3161,14.36386,1201.0,546.0,1.0
3162,14.374797,1200.0,546.0,1.0
3163,14.3751,1200.0,546.0,1.0
3164,14.38434,1200.75,546.0,1.0
3165,14.384685,1200.75,546.0,1.0
3166,14.39413,1202.25,546.0,1.0
3167,14.394433,1202.25,546.0,1.0
3168,14.403985,1203.75,546.0,1.0
3169,14.404263,1203.75,546.0,1.0
3170,14.410661,1204.25,546.0,1.0
3171,14.410948,1204.25,546.0,1.0
3172,14.414422,1204.25,547.0,1.0
3173,14.414708,1204.25,547.0,1.0
3174,14.423818,1204.75,547.0,1.0
3175,14.424096,1204.75,547.0,1.0
3176,14.434353,1203.25,547.0,1.0
3177,14.434697,1203.25,547.0,1.0
3178,14.443601,1200.25,547.0,1.0
3179,14.443888,1200.25,547.0,1.0
3180,14.454734,1197.0,547.0,1.0
3181,14.455472,1197.0,547.0,1.0
3182,14.463582,1195.25,547.0,1.0
3183,14.463868,1195.25,547.0,1.0
3184,14.474395,1195.0,547.0,1.0
3185,14.474698,1195.0,547.0,1.0
3186,14.48434,1197.25,547.0,1.0
3187,14.484684,1197.25,547.0,1.0
3188,14.494408,1200.0,547.0,1.0
3189,14.494695,1200.0,547.0,1.0
3190,14.504108,1202.75,547.0,1.0
3191,14.504402,1202.75,547.0,1.0
3192,14.510489,1204.25,547.0,1.0
3193,14.510776,1204.25,547.0,1.0
3194,14.514184,1204.25,546.0,1.0
3195,14.514479,1204.25,546.0,1.0
3196,14.523809,1205.5,546.0,1.0
3197,14.524104,1205.5,546.0,1.0
3198,14.534885,1205.0,546.0,1.0
3199,14.535188,1205.0,546.0,1.0
3200,14.543798,1204.0,546.0,1.0
3201,14.544084,1204.0,546.0,1.0
3202,14.554439,1203.0,546.0,1.0
3203,14.555029,1203.0,546.0,1.0
3204,14.563655,1202.5,546.0,1.0
3205,14.563942,1202.5,546.0,1.0
3206,14.574755,1201.25,546.0,1.0
3207,14.57505,1201.25,546.0,1.0
3208,14.584414,1201.5,546.0,1.0
3209,14.5847,1201.5,546.0,1.0
3210,14.594088,1203.0,546.0,1.0
3211,14.594408,1203.0,546.0,1.0
3212,14.603862,1203.25,546.0,1.0
3213,14.604197,1203.25,546.0,1.0
3214,14.610628,1202.25,546.0,1.0
3215,14.610923,1202.25,546.0,1.0
3216,14.61474,1202.25,547.0,1.0
3217,14.615044,1202.25,547.0,1.0
3218,14.623883,1202.75,547.0,1.0
3219,14.624342,1202.75,547.0,1.0
3220,14.634426,1203.25,547.0,1.0
3221,14.635417,1203.25,547.0,1.0
3222,14.643691,1203.0,547.0,1.0
3223,14.64397,1203.0,547.0,1.0
3224,14.654849,1201.75,547.0,1.0
3225,14.655684,1201.75,547.0,1.0
3226,14.66363,1201.0,547.0,1.0
3227,14.663917,1201.0,547.0,1.0
3228,14.674526,1200.25,547.0,1.0
3229,14.675091,1200.25,547.0,1.0
3230,14.683856,1200.5,547.0,1.0
3231,14.684143,1200.5,547.0,1.0
3232,14.694432,1201.75,547.0,1.0
3233,14.694711,1201.75,547.0,1.0
3234,14.703919,1203.25,547.0,1.0
3235,14.704197,1203.25,547.0,1.0
3236,14.7108,1204.25,547.0,1.0
3237,14.711087,1204.25,547.0,1.0
3238,14.714142,1204.25,547.0,1.0
3239,14.714437,1204.25,547.0,1.0
3240,14.723981,1205.0,547.0,1.0
3241,14.724276,1205.0,547.0,1.0
3242,14.734786,1204.75,547.0,1.0
3243,14.735147,1204.75,547.0,1.0
3244,14.743773,1204.0,547.0,1.0
3245,14.744059,1204.0,547.0,1.0
3246,14.754594,1202.75,547.0,1.0
3247,14.755176,1202.75,547.0,1.0
3248,14.763589,1201.25,547.0,1.0
3249,14.763876,1201.25,547.0,1.0
3250,14.774657,1199.0,547.0,1.0
3251,14.775238,1199.0,547.0,1.0
3252,14.784643,1198.75,547.0,1.0
3253,14.784987,1198.75,547.0,1.0
3254,14.794227,1200.0,547.0,1.0
3255,14.794801,1200.0,547.0,1.0
3256,14.803845,1201.25,547.0,1.0
3257,14.804123,1201.25,547.0,1.0
3258,14.810505,1202.0,547.0,1.0
3259,14.8108,1202.0,547.0,1.0
3260,14.814584,1202.0,547.0,1.0
3261,14.814871,1202.0,547.0,1.0
3262,14.823931,1203.5,547.0,1.0
3263,14.824218,1203.5,547.0,1.0
3264,14.834409,1204.0,547.0,1.0
3265,14.834704,1204.0,547.0,1.0
3266,14.843682,1202.75,547.0,1.0
3267,14.843985,1202.75,547.0,1.0
3268,14.855012,1201.5,547.0,1.0
3269,14.855872,1201.5,547.0,1.0
3270,14.863597,1200.75,547.0,1.0
3271,14.863884,1200.75,547.0,1.0
3272,14.874337,1199.75,547.0,1.0
3273,14.87491,1199.75,547.0,1.0
3274,14.88384,1200.75,547.0,1.0
3275,14.884118,1200.75,547.0,1.0
3276,14.894465,1203.25,547.0,1.0
3277,14.894743,1203.25,547.0,1.0
3278,14.903885,1203.75,547.0,1.0
3279,14.904164,1203.75,547.0,1.0
3280,14.910504,1203.5,547.0,1.0
3281,14.910791,1203.5,547.0,1.0
3282,14.914183,1203.5,547.0,1.0
3283,14.914478,1203.5,547.0,1.0
3284,14.923784,1203.5,547.0,1.0
3285,14.92407,1203.5,547.0,1.0
3286,14.934605,1203.25,547.0,1.0
3287,14.934884,1203.25,547.0,1.0
3288,14.943789,1202.25,547.0,1.0
3289,14.944075,1202.25,547.0,1.0
3290,14.95452,1201.0,547.0,1.0
3291,14.95511,1201.0,547.0,1.0
3292,14.963654,1201.0,547.0,1.0
3293,14.963941,1201.0,547.0,1.0
3294,14.974713,1201.0,547.0,1.0
3295,14.975016,1201.0,547.0,1.0
3296,14.983897,1201.5,547.0,1.0
3297,14.984175,1201.5,547.0,1.0
3298,14.994251,1202.0,547.0,1.0
3299,14.994554,1202.0,547.0,1.0
3300,15.003869,1202.0,547.0,1.0
3301,15.004164,1202.0,547.0,1.0
3302,15.010717,1202.0,547.0,1.0
3303,15.011028,1202.0,547.0,1.0
3304,15.014543,1202.0,547.0,1.0
3305,15.01483,1202.0,547.0,1.0
3306,15.023783,1202.5,547.0,1.0
3307,15.02407,1202.5,547.0,1.0
3308,15.034228,1202.5,547.0,1.0
3309,15.034523,1202.5,547.0,1.0
3310,15.04369,1202.75,547.0,1.0
3311,15.043977,1202.75,547.0,1.0
3312,15.054831,1203.25,547.0,1.0
3313,15.055544,1203.25,547.0,1.0
3314,15.063834,1203.25,547.0,1.0
3315,15.064121,1203.25,547.0,1.0
3316,15.074394,1201.75,547.0,1.0
3317,15.074713,1201.75,547.0,1.0
3318,15.083814,1200.75,547.0,1.0
3319,15.084093,1200.75,547.0,1.0
3320,15.094661,1200.0,547.0,1.0
3321,15.094947,1200.0,547.0,1.0
3322,15.103893,1198.0,547.0,1.0
3323,15.104172,1198.0,547.0,1.0
3324,15.110545,1197.0,547.0,1.0
3325,15.11084,1197.0,547.0,1.0
3326,15.11419,1197.0,547.0,1.0
3327,15.114493,1197.0,547.0,1.0
3328,15.123873,1199.25,547.0,1.0
3329,15.12416,1199.25,547.0,1.0
3330,15.134498,1201.5,547.0,1.0
3331,15.134777,1201.5,547.0,1.0
3332,15.143739,1203.5,547.0,1.0
3333,15.144026,1203.5,547.0,1.0
3334,15.154601,1204.5,547.0,1.0
3335,15.155462,1204.5,547.0,1.0
3336,15.163736,1204.75,547.0,1.0
3337,15.164022,1204.75,547.0,1.0
3338,15.174803,1203.75,547.0,1.0
3339,15.175098,1203.75,547.0,1.0
3340,15.183994,1203.0,547.0,1.0
3341,15.184281,1203.0,547.0,1.0
3342,15.194251,1202.25,547.0,1.0
3343,15.194554,1202.25,547.0,1.0
3344,15.203786,1201.5,547.0,1.0
3345,15.204065,1201.5,547.0,1.0
3346,15.21052,1201.25,547.0,1.0
3347,15.210807,1201.25,547.0,1.0
3348,15.214616,1201.25,546.0,1.0
3349,15.214903,1201.25,546.0,1.0
3350,15.223988,1202.25,546.0,1.0
3351,15.224274,1202.25,546.0,1.0
3352,15.234162,1202.5,546.0,1.0
3353,15.234465,1202.5,546.0,1.0
3354,15.243698,1202.0,546.0,1.0
3355,15.243984,1202.0,546.0,1.0
3356,15.254765,1201.25,546.0,1.0
3357,15.255519,1201.25,546.0,1.0
3358,15.263719,1201.25,546.0,1.0
3359,15.269355,1201.25,546.0,1.0
3360,15.274655,1200.75,546.0,1.0
3361,15.275589,1200.75,546.0,1.0
3362,15.283863,1201.5,546.0,1.0
3363,15.28415,1201.5,546.0,1.0
3364,15.294447,1202.75,546.0,1.0
3365,15.294726,1202.75,546.0,1.0
3366,15.303892,1202.75,546.0,1.0
3367,15.304179,1202.75,546.0,1.0
3368,15.3107,1201.5,546.0,1.0
3369,15.310987,1201.5,546.0,1.0
3370,15.314386,1201.5,546.0,1.0
3371,15.314714,1201.5,546.0,1.0
3372,15.323922,1200.25,546.0,1.0
3373,15.324209,1200.25,546.0,1.0
3374,15.335022,1199.25,546.0,1.0
3375,15.335325,1199.25,546.0,1.0
3376,15.343706,1199.5,546.0,1.0
3377,15.343992,1199.5,546.0,1.0
3378,15.35447,1200.0,546.0,1.0
3379,15.355052,1200.0,546.0,1.0
3380,15.363833,1200.75,546.0,1.0
3381,15.36412,1200.75,546.0,1.0
3382,15.374811,1201.25,546.0,1.0
3383,15.375114,1201.25,546.0,1.0
3384,15.384453,1203.75,546.0,1.0
3385,15.384748,1203.75,546.0,1.0
3386,15.39416,1206.0,546.0,1.0
3387,15.394463,1206.0,546.0,1.0
3388,15.403761,1204.75,546.0,1.0
3389,15.404048,1204.75,546.0,1.0
3390,15.410651,1203.0,546.0,1.0
3391,15.410946,1203.0,546.0,1.0
3392,15.414771,1203.0,547.0,1.0
3393,15.415066,1203.0,547.0,1.0
3394,15.424077,1201.75,547.0,1.0
3395,15.424413,1201.75,547.0,1.0
3396,15.43426,1200.0,547.0,1.0
3397,15.434563,1200.0,547.0,1.0
3398,15.443681,1197.5,547.0,1.0
3399,15.444082,1197.5,547.0,1.0
3400,15.454765,1195.5,547.0,1.0
3401,15.455518,1195.5,547.0,1.0
3402,15.463833,1196.0,547.0,1.0
3403,15.46412,1196.0,547.0,1.0
3404,15.474671,1197.25,547.0,1.0
3405,15.474999,1197.25,547.0,1.0
3406,15.483895,1199.5,547.0,1.0
3407,15.484182,1199.5,547.0,1.0
3408,15.494643,1201.5,547.0,1.0
3409,15.494922,1201.5,547.0,1.0
3410,15.503769,1202.0,547.0,1.0
3411,15.504056,1202.0,547.0,1.0
3412,15.510528,1201.25,547.0,1.0
3413,15.510814,1201.25,547.0,1.0
3414,15.514361,1201.25,546.0,1.0
3415,15.514714,1201.25,546.0,1.0
3416,15.523897,1200.75,546.0,1.0
3417,15.524175,1200.75,546.0,1.0
3418,15.534718,1199.75,546.0,1.0
3419,15.535022,1199.75,546.0,1.0
3420,15.543877,1199.5,546.0,1.0
3421,15.544164,1199.5,546.0,1.0
3422,15.554502,1199.75,546.0,1.0
3423,15.555092,1199.75,546.0,1.0
3424,15.563808,1200.75,546.0,1.0
3425,15.564193,1200.75,546.0,1.0
3426,15.574958,1201.0,546.0,1.0
3427,15.575261,1201.0,546.0,1.0
3428,15.583903,1203.0,546.0,1.0
3429,15.584182,1203.0,546.0,1.0
3430,15.594446,1204.75,546.0,1.0
3431,15.594741,1204.75,546.0,1.0
3432,15.6039,1204.75,546.0,1.0
3433,15.604187,1204.75,546.0,1.0
3434,15.610716,1204.25,546.0,1.0
3435,15.611002,1204.25,546.0,1.0
3436,15.614648,1204.25,546.0,1.0
3437,15.614926,1204.25,546.0,1.0
3438,15.624364,1204.25,546.0,1.0
3439,15.62465,1204.25,546.0,1.0
3440,15.634333,1202.75,546.0,1.0
3441,15.635185,1202.75,546.0,1.0
3442,15.643713,1200.75,546.0,1.0
3443,15.644,1200.75,546.0,1.0
3444,15.654903,1199.25,546.0,1.0
3445,15.655739,1199.25,546.0,1.0
3446,15.663816,1198.25,546.0,1.0
3447,15.664283,1198.25,546.0,1.0
3448,15.674605,1197.5,546.0,1.0
3449,15.674908,1197.5,546.0,1.0
3450,15.683895,1199.25,546.0,1.0
3451,15.684182,1199.25,546.0,1.0
3452,15.694528,1201.5,546.0,1.0
3453,15.694815,1201.5,546.0,1.0
3454,15.703891,1202.25,546.0,1.0
3455,15.704178,1202.25,546.0,1.0
3456,15.710584,1202.75,546.0,1.0
3457,15.710871,1202.75,546.0,1.0
3458,15.714336,1202.75,546.0,1.0
3459,15.714631,1202.75,546.0,1.0
3460,15.724003,1203.75,546.0,1.0
3461,15.72429,1203.75,546.0,1.0
3462,15.734571,1203.5,546.0,1.0
3463,15.734874,1203.5,546.0,1.0
3464,15.743893,1202.5,546.0,1.0
3465,15.744278,1202.5,546.0,1.0
3466,15.754551,1201.5,546.0,1.0
3467,15.755141,1201.5,546.0,1.0
3468,15.763791,1200.75,546.0,1.0
3469,15.764078,1200.75,546.0,1.0
3470,15.774916,1198.75,546.0,1.0
3471,15.775211,1198.75,546.0,1.0
3472,15.784132,1198.25,546.0,1.0
3473,15.784419,1198.25,546.0,1.0
3474,15.794257,1199.75,546.0,1.0
3475,15.794561,1199.75,546.0,1.0
3476,15.803858,1200.5,546.0,1.0
3477,15.804145,1200.5,546.0,1.0
3478,15.810666,1200.75,546.0,1.0
3479,15.810961,1200.75,546.0,1.0
3480,15.814901,1200.75,546.0,1.0
3481,15.815196,1200.75,546.0,1.0
3482,15.82415,1201.0,546.0,1.0
3483,15.824445,1201.0,546.0,1.0
3484,15.834251,1200.5,546.0,1.0
3485,15.834546,1200.5,546.0,1.0
3486,15.843713,1199.25,546.0,1.0
3487,15.843999,1199.25,546.0,1.0
3488,15.854821,1198.0,546.0,1.0
3489,15.855501,1198.0,546.0,1.0
3490,15.863824,1197.5,546.0,1.0
3491,15.864111,1197.5,546.0,1.0
3492,15.874621,1198.25,546.0,1.0
3493,15.874924,1198.25,546.0,1.0
3494,15.883821,1201.25,546.0,1.0
3495,15.884107,1201.25,546.0,1.0
3496,15.894528,1203.25,546.0,1.0
3497,15.894806,1203.25,546.0,1.0
3498,15.903948,1203.0,546.0,1.0
3499,15.904227,1203.0,546.0,1.0
3500,15.91069,1202.25,546.0,1.0
3501,15.910985,1202.25,546.0,1.0
3502,15.914344,1202.25,546.0,1.0
3503,15.914639,1202.25,546.0,1.0
3504,15.92406,1202.25,546.0,1.0
3505,15.924346,1202.25,546.0,1.0
3506,15.93466,1201.0,546.0,1.0
3507,15.934947,1201.0,546.0,1.0
3508,15.94377,1199.5,546.0,1.0
3509,15.944056,1199.5,546.0,1.0
3510,15.954468,1198.25,546.0,1.0
3511,15.95505,1198.25,546.0,1.0
3512,15.963807,1198.0,546.0,1.0
3513,15.964094,1198.0,546.0,1.0
3514,15.974834,1197.0,546.0,1.0
3515,15.975137,1197.0,546.0,1.0
3516,15.983878,1197.75,546.0,1.0
3517,15.984164,1197.75,546.0,1.0
3518,15.994232,1200.0,546.0,1.0
3519,15.994535,1200.0,546.0,1.0
3520,16.003809,1201.25,546.0,1.0
3521,16.004227,1201.25,546.0,1.0
3522,16.010543,1202.0,546.0,1.0
3523,16.010829,1202.0,546.0,1.0
3524,16.014934,1202.0,546.0,1.0
3525,16.015228,1202.0,546.0,1.0
3526,16.02424,1203.5,546.0,1.0
3527,16.024526,1203.5,546.0,1.0
3528,16.034299,1204.0,546.0,1.0
3529,16.034594,1204.0,546.0,1.0
3530,16.043663,1203.25,546.0,1.0
3531,16.044081,1203.25,546.0,1.0
3532,16.054894,1201.75,546.0,1.0
3533,16.05573,1201.75,546.0,1.0
3534,16.064053,1200.5,546.0,1.0
3535,16.064339,1200.5,546.0,1.0
3536,16.074694,1198.25,546.0,1.0
3537,16.075005,1198.25,546.0,1.0
3538,16.084058,1197.75,546.0,1.0
3539,16.084344,1197.75,546.0,1.0
3540,16.094494,1198.5,546.0,1.0
3541,16.094773,1198.5,546.0,1.0
3542,16.104243,1199.0,546.0,1.0
3543,16.104538,1199.0,546.0,1.0
3544,16.110559,1199.0,546.0,1.0
3545,16.110845,1199.0,546.0,1.0
3546,16.114368,1199.0,546.0,1.0
3547,16.11472,1199.0,546.0,1.0
3548,16.12419,1200.25,546.0,1.0
3549,16.124502,1200.25,546.0,1.0
3550,16.134873,1201.0,546.0,1.0
3551,16.135176,1201.0,546.0,1.0
3552,16.143818,1201.5,546.0,1.0
3553,16.144097,1201.5,546.0,1.0
3554,16.154599,1201.0,546.0,1.0
3555,16.155189,1201.0,546.0,1.0
3556,16.164421,1200.0,546.0,1.0
3557,16.16479,1200.0,546.0,1.0
3558,16.1748,1198.25,546.0,1.0
3559,16.175104,1198.25,546.0,1.0
3560,16.183894,1198.0,546.0,1.0
3561,16.18418,1198.0,546.0,1.0
3562,16.194191,1198.75,546.0,1.0
3563,16.194486,1198.75,546.0,1.0
3564,16.203833,1199.0,546.0,1.0
3565,16.20412,1199.0,546.0,1.0
3566,16.210706,1200.5,546.0,1.0
3567,16.210993,1200.5,546.0,1.0
3568,16.215007,1200.5,546.0,1.0
3569,16.21558,1200.5,546.0,1.0
3570,16.224075,1203.25,546.0,1.0
3571,16.224362,1203.25,546.0,1.0
3572,16.234315,1204.75,546.0,1.0
3573,16.23461,1204.75,546.0,1.0
3574,16.24372,1203.75,546.0,1.0
3575,16.244006,1203.75,546.0,1.0
3576,16.254869,1202.0,546.0,1.0
3577,16.25559,1202.0,546.0,1.0
3578,16.264126,1200.25,546.0,1.0
3579,16.269623,1200.25,546.0,1.0
3580,16.274685,1197.0,546.0,1.0
3581,16.280936,1197.0,546.0,1.0
3582,16.284401,1195.75,546.0,1.0
3583,16.284999,1195.75,546.0,1.0
3584,16.294592,1196.5,546.0,1.0
3585,16.294879,1196.5,546.0,1.0
3586,16.303816,1197.25,546.0,1.0
3587,16.304095,1197.25,546.0,1.0
3588,16.310566,1198.5,546.0,1.0
3589,16.310853,1198.5,546.0,1.0
3590,16.314769,1198.5,546.0,1.0
3591,16.315072,1198.5,546.0,1.0
3592,16.324059,1200.75,546.0,1.0
3593,16.324345,1200.75,546.0,1.0
3594,16.334913,1202.0,546.0,1.0
3595,16.335208,1202.0,546.0,1.0
3596,16.343883,1202.25,546.0,1.0
3597,16.344178,1202.25,546.0,1.0
3598,16.354484,1201.25,546.0,1.0
3599,16.355065,1201.25,546.0,1.0
3600,16.363823,1200.0,546.0,1.0
3601,16.364109,1200.0,546.0,1.0
3602,16.375119,1198.0,546.0,1.0
3603,16.375414,1198.0,546.0,1.0
3604,16.384598,1198.5,546.0,1.0
3605,16.384892,1198.5,546.0,1.0
3606,16.394231,1200.5,546.0,1.0
3607,16.394543,1200.5,546.0,1.0
3608,16.403857,1201.25,546.0,1.0
3609,16.404144,1201.25,546.0,1.0
3610,16.41055,1201.25,546.0,1.0
3611,16.410836,1201.25,546.0,1.0
3612,16.414908,1201.25,546.0,1.0
3613,16.415203,1201.25,546.0,1.0
3614,16.424157,1201.25,546.0,1.0
3615,16.424435,1201.25,546.0,1.0
3616,16.434536,1200.5,546.0,1.0
3617,16.434864,1200.5,546.0,1.0
3618,16.443736,1199.75,546.0,1.0
3619,16.444145,1199.75,546.0,1.0
3620,16.454844,1199.5,546.0,1.0
3621,16.455598,1199.5,546.0,1.0
3622,16.464076,1200.0,546.0,1.0
3623,16.464363,1200.0,546.0,1.0
3624,16.474767,1199.5,546.0,1.0
3625,16.475062,1199.5,546.0,1.0
3626,16.48404,1200.0,546.0,1.0
3627,16.484319,1200.0,546.0,1.0
3628,16.494518,1200.25,546.0,1.0
3629,16.494804,1200.25,546.0,1.0
3630,16.503906,1198.25,546.0,1.0
3631,16.504184,1198.25,546.0,1.0
3632,16.510713,1197.0,546.0,1.0
3633,16.511,1197.0,546.0,1.0
3634,16.514727,1197.0,546.0,1.0
3635,16.515031,1197.0,546.0,1.0
3636,16.524042,1198.5,546.0,1.0
3637,16.524328,1198.5,546.0,1.0
3638,16.534921,1199.5,546.0,1.0
3639,16.535224,1199.5,546.0,1.0
3640,16.543866,1200.75,546.0,1.0
3641,16.544145,1200.75,546.0,1.0
3642,16.554541,1203.0,546.0,1.0
3643,16.555122,1203.0,546.0,1.0
3644,16.564109,1204.5,546.0,1.0
3645,16.564436,1204.5,546.0,1.0
3646,16.574955,1203.25,546.0,1.0
3647,16.575258,1203.25,546.0,1.0
3648,16.58404,1202.25,546.0,1.0
3649,16.584327,1202.25,546.0,1.0
3650,16.594288,1202.0,546.0,1.0
3651,16.594878,1202.0,546.0,1.0
3652,16.604037,1200.5,546.0,1.0
3653,16.604315,1200.5,546.0,1.0
3654,16.610672,1198.75,546.0,1.0
3655,16.610975,1198.75,546.0,1.0
3656,16.614989,1198.75,546.0,1.0
3657,16.615292,1198.75,546.0,1.0
3658,16.624197,1199.25,546.0,1.0
3659,16.62459,1199.25,546.0,1.0
3660,16.63456,1200.0,546.0,1.0
3661,16.635174,1200.0,546.0,1.0
3662,16.643694,1200.75,546.0,1.0
3663,16.643997,1200.75,546.0,1.0
3664,16.654868,1201.0,546.0,1.0
3665,16.655704,1201.0,546.0,1.0
3666,16.664117,1200.25,546.0,1.0
3667,16.66451,1200.25,546.0,1.0
3668,16.674693,1198.75,546.0,1.0
3669,16.676184,1198.75,546.0,1.0
3670,16.684048,1199.25,546.0,1.0
3671,16.684449,1199.25,546.0,1.0
3672,16.694575,1200.0,546.0,1.0
3673,16.695296,1200.0,546.0,1.0
3674,16.703807,1199.75,546.0,1.0
3675,16.704094,1199.75,546.0,1.0
3676,16.710582,1200.0,546.0,1.0
3677,16.710877,1200.0,546.0,1.0
3678,16.71462,1200.0,546.0,1.0
3679,16.714915,1200.0,546.0,1.0
3680,16.724049,1201.0,546.0,1.0
3681,16.724336,1201.0,546.0,1.0
3682,16.734756,1200.75,546.0,1.0
3683,16.735109,1200.75,546.0,1.0
3684,16.74389,1200.0,546.0,1.0
3685,16.744177,1200.0,546.0,1.0
3686,16.754606,1199.75,546.0,1.0
3687,16.755638,1199.75,546.0,1.0
3688,16.76401,1200.25,546.0,1.0
3689,16.764297,1200.25,546.0,1.0
3690,16.775036,1199.5,546.0,1.0
3691,16.77534,1199.5,546.0,1.0
3692,16.78408,1200.25,546.0,1.0
3693,16.784368,1200.25,546.0,1.0
3694,16.794206,1201.25,546.0,1.0
3695,16.794508,1201.25,546.0,1.0
3696,16.803856,1200.5,546.0,1.0
3697,16.804144,1200.5,546.0,1.0
3698,16.810696,1198.5,546.0,1.0
3699,16.810984,1198.5,546.0,1.0
3700,16.81485,1198.5,546.0,1.0
3701,16.815152,1198.5,546.0,1.0
3702,16.824172,1197.25,546.0,1.0
3703,16.824452,1197.25,546.0,1.0
3704,16.834364,1196.25,546.0,1.0
3705,16.834666,1196.25,546.0,1.0
3706,16.843768,1196.25,546.0,1.0
3707,16.844054,1196.25,546.0,1.0
3708,16.854948,1197.75,546.0,1.0
3709,16.855792,1197.75,546.0,1.0
3710,16.86392,1200.25,546.0,1.0
3711,16.864206,1200.25,546.0,1.0
3712,16.87479,1201.75,546.0,1.0
3713,16.875084,1201.75,546.0,1.0
3714,16.884064,1204.0,546.0,1.0
3715,16.88435,1204.0,546.0,1.0
3716,16.89423,1206.0,546.0,1.0
3717,16.894524,1206.0,546.0,1.0
3718,16.903962,1204.75,546.0,1.0
3719,16.904248,1204.75,546.0,1.0
3720,16.910588,1201.0,546.0,1.0
3721,16.910876,1201.0,546.0,1.0
3722,16.9144,1201.0,546.0,1.0
3723,16.914736,1201.0,546.0,1.0
3724,16.924156,1198.5,546.0,1.0
3725,16.924442,1198.5,546.0,1.0
3726,16.934912,1196.75,546.0,1.0
3727,16.935216,1196.75,546.0,1.0
3728,16.94376,1195.75,546.0,1.0
3729,16.944036,1195.75,546.0,1.0
3730,16.954564,1196.0,546.0,1.0
3731,16.955154,1196.0,546.0,1.0
3732,16.964076,1198.0,546.0,1.0
3733,16.964362,1198.0,546.0,1.0
3734,16.975012,1200.25,546.0,1.0
3735,16.975306,1200.25,546.0,1.0
3736,16.984072,1202.75,546.0,1.0
3737,16.984358,1202.75,546.0,1.0
3738,16.994328,1204.25,546.0,1.0
3739,16.994648,1204.25,546.0,1.0
3740,17.003798,1203.0,546.0,1.0
3741,17.004084,1203.0,546.0,1.0
3742,17.010564,1201.0,546.0,1.0
3743,17.010852,1201.0,546.0,1.0
3744,17.014848,1201.0,546.0,1.0
3745,17.015152,1201.0,546.0,1.0
3746,17.024304,1200.0,546.0,1.0
3747,17.02458,1200.0,546.0,1.0
3748,17.034476,1198.75,546.0,1.0
3749,17.034772,1198.75,546.0,1.0
3750,17.043768,1198.0,546.0,1.0
3751,17.044054,1198.0,546.0,1.0
3752,17.054868,1198.75,546.0,1.0
3753,17.055522,1198.75,546.0,1.0
3754,17.064034,1200.0,546.0,1.0
3755,17.06432,1200.0,546.0,1.0
3756,17.074856,1200.0,546.0,1.0
3757,17.07516,1200.0,546.0,1.0
3758,17.08408,1201.25,546.0,1.0
3759,17.084358,1201.25,546.0,1.0
3760,17.094598,1203.75,546.0,1.0
3761,17.094876,1203.75,546.0,1.0
3762,17.10384,1203.25,546.0,1.0
3763,17.104124,1203.25,546.0,1.0
3764,17.110696,1201.5,546.0,1.0
3765,17.11099,1201.5,546.0,1.0
3766,17.114464,1201.5,546.0,1.0
3767,17.11476,1201.5,546.0,1.0
3768,17.124368,1201.0,546.0,1.0
3769,17.124656,1201.0,546.0,1.0
3770,17.134796,1200.25,546.0,1.0
3771,17.135076,1200.25,546.0,1.0
3772,17.143824,1199.0,546.0,1.0
3773,17.144112,1199.0,546.0,1.0
3774,17.154532,1198.0,546.0,1.0
3775,17.155112,1198.0,546.0,1.0
3776,17.163952,1198.0,546.0,1.0
3777,17.164238,1198.0,546.0,1.0
3778,17.175084,1198.0,546.0,1.0
3779,17.175388,1198.0,546.0,1.0
3780,17.184104,1199.0,546.0,1.0
3781,17.184432,1199.0,546.0,1.0
3782,17.194246,1201.5,546.0,1.0
3783,17.194812,1201.5,546.0,1.0
3784,17.20383,1202.0,546.0,1.0
3785,17.204116,1202.0,546.0,1.0
3786,17.210662,1202.0,546.0,1.0
3787,17.210956,1202.0,546.0,1.0
3788,17.21475,1202.0,546.0,1.0
3789,17.215044,1202.0,546.0,1.0
3790,17.22458,1202.0,546.0,1.0
3791,17.224876,1202.0,546.0,1.0
3792,17.234518,1200.75,546.0,1.0
3793,17.234812,1200.75,546.0,1.0
3794,17.243742,1199.0,546.0,1.0
3795,17.244028,1199.0,546.0,1.0
3796,17.254866,1197.75,546.0,1.0
3797,17.25553,1197.75,546.0,1.0
3798,17.264,1198.0,546.0,1.0
3799,17.266786,1198.0,546.0,1.0
3800,17.274788,1198.5,546.0,1.0
3801,17.275624,1198.5,546.0,1.0
3802,17.284014,1200.25,546.0,1.0
3803,17.2843,1200.25,546.0,1.0
3804,17.294614,1201.75,546.0,1.0
3805,17.294958,1201.75,546.0,1.0
3806,17.303888,1200.75,546.0,1.0
3807,17.304174,1200.75,546.0,1.0
3808,17.31054,1199.25,546.0,1.0
3809,17.310826,1199.25,546.0,1.0
3810,17.314512,1199.25,546.0,1.0
3811,17.314808,1199.25,546.0,1.0
3812,17.324344,1198.5,546.0,1.0
3813,17.32463,1198.5,546.0,1.0
3814,17.335204,1197.25,546.0,1.0
3815,17.335508,1197.25,546.0,1.0
3816,17.343766,1196.75,546.0,1.0
3817,17.344044,1196.75,546.0,1.0
3818,17.354604,1198.0,546.0,1.0
3819,17.355186,1198.0,546.0,1.0
3820,17.364032,1199.5,546.0,1.0
3821,17.36432,1199.5,546.0,1.0
3822,17.37501,1199.5,546.0,1.0
3823,17.375312,1199.5,546.0,1.0
3824,17.38444,1201.25,546.0,1.0
3825,17.384734,1201.25,546.0,1.0
3826,17.394212,1203.5,546.0,1.0
3827,17.394508,1203.5,546.0,1.0
3828,17.403888,1203.0,546.0,1.0
3829,17.404174,1203.0,546.0,1.0
3830,17.410744,1202.0,546.0,1.0
3831,17.411032,1202.0,546.0,1.0
3832,17.414922,1202.0,546.0,1.0
3833,17.415216,1202.0,546.0,1.0
3834,17.42413,1202.0,546.0,1.0
3835,17.424448,1202.0,546.0,1.0
3836,17.434566,1202.0,546.0,1.0
3837,17.43486,1202.0,546.0,1.0
3838,17.443732,1201.5,546.0,1.0
3839,17.444192,1201.5,546.0,1.0
3840,17.4549,1200.25,546.0,1.0
3841,17.455726,1200.25,546.0,1.0
3842,17.464008,1199.25,546.0,1.0
3843,17.464296,1199.25,546.0,1.0
3844,17.475076,1197.25,546.0,1.0
3845,17.47538,1197.25,546.0,1.0
3846,17.484046,1196.75,546.0,1.0
3847,17.484332,1196.75,546.0,1.0
3848,17.494614,1197.5,546.0,1.0
3849,17.4949,1197.5,546.0,1.0
3850,17.50388,1198.25,546.0,1.0
3851,17.504156,1198.25,546.0,1.0
3852,17.51062,1200.0,546.0,1.0
3853,17.510916,1200.0,546.0,1.0
3854,17.514568,1200.0,546.0,1.0
3855,17.514864,1200.0,546.0,1.0
3856,17.524104,1203.0,546.0,1.0
3857,17.52444,1203.0,546.0,1.0
3858,17.535,1204.25,546.0,1.0
3859,17.535312,1204.25,546.0,1.0
3860,17.543864,1203.75,546.0,1.0
3861,17.544152,1203.75,546.0,1.0
3862,17.554612,1202.5,546.0,1.0
3863,17.555202,1202.5,546.0,1.0
3864,17.564008,1200.75,546.0,1.0
3865,17.564296,1200.75,546.0,1.0
3866,17.575084,1198.0,546.0,1.0
3867,17.575388,1198.0,546.0,1.0
3868,17.584226,1198.0,546.0,1.0
3869,17.584504,1198.0,546.0,1.0
3870,17.594286,1199.5,546.0,1.0
3871,17.594834,1199.5,546.0,1.0
3872,17.603862,1200.25,546.0,1.0
3873,17.604148,1200.25,546.0,1.0
3874,17.61058,1201.0,546.0,1.0
3875,17.611088,1201.0,546.0,1.0
3876,17.614996,1201.0,546.0,1.0
3877,17.615298,1201.0,546.0,1.0
3878,17.624236,1202.75,546.0,1.0
3879,17.624522,1202.75,546.0,1.0
3880,17.634788,1202.25,546.0,1.0
3881,17.635632,1202.25,546.0,1.0
3882,17.643814,1201.0,546.0,1.0
3883,17.6441,1201.0,546.0,1.0
3884,17.654916,1199.25,546.0,1.0
3885,17.655586,1199.25,546.0,1.0
3886,17.663984,1198.25,546.0,1.0
3887,17.66427,1198.25,546.0,1.0
3888,17.674796,1197.5,546.0,1.0
3889,17.6751,1197.5,546.0,1.0
3890,17.684448,1198.75,546.0,1.0
3891,17.684766,1198.75,546.0,1.0
3892,17.694588,1200.5,546.0,1.0
3893,17.694868,1200.5,546.0,1.0
3894,17.703836,1201.0,546.0,1.0
3895,17.704124,1201.0,546.0,1.0
3896,17.710866,1201.0,546.0,1.0
3897,17.711152,1201.0,546.0,1.0
3898,17.714568,1201.0,546.0,1.0
3899,17.714864,1201.0,546.0,1.0
3900,17.724308,1202.0,546.0,1.0
3901,17.724604,1202.0,546.0,1.0
3902,17.735032,1202.25,546.0,1.0
3903,17.735614,1202.25,546.0,1.0
3904,17.743848,1201.25,546.0,1.0
3905,17.74442,1201.25,546.0,1.0
3906,17.754588,1200.75,546.0,1.0
3907,17.755168,1200.75,546.0,1.0
3908,17.763976,1201.75,546.0,1.0
3909,17.76427,1201.75,546.0,1.0
3910,17.77492,1201.25,546.0,1.0
3911,17.775222,1201.25,546.0,1.0
3912,17.784086,1200.5,546.0,1.0
3913,17.784372,1200.5,546.0,1.0
3914,17.794244,1199.75,546.0,1.0
3915,17.79454,1199.75,546.0,1.0
3916,17.803984,1197.25,546.0,1.0
3917,17.804272,1197.25,546.0,1.0
3918,17.81071,1195.25,546.0,1.0
3919,17.811004,1195.25,546.0,1.0
3920,17.814864,1195.25,546.0,1.0
3921,17.815166,1195.25,546.0,1.0
3922,17.824358,1195.0,546.0,1.0
3923,17.824644,1195.0,546.0,1.0
3924,17.834704,1195.5,546.0,1.0
3925,17.835032,1195.5,546.0,1.0
3926,17.843798,1198.0,546.0,1.0
3927,17.844084,1198.0,546.0,1.0
3928,17.854964,1201.25,546.0,1.0
3929,17.855578,1201.25,546.0,1.0
3930,17.86408,1203.25,546.0,1.0
3931,17.864564,1203.25,546.0,1.0
3932,17.87478,1203.25,546.0,1.0
3933,17.875076,1203.25,546.0,1.0
3934,17.88406,1203.75,546.0,1.0
3935,17.884348,1203.75,546.0,1.0
3936,17.894652,1204.0,546.0,1.0
3937,17.89494,1204.0,546.0,1.0
3938,17.903886,1202.0,546.0,1.0
3939,17.90418,1202.0,546.0,1.0
3940,17.910628,1200.25,546.0,1.0
3941,17.910924,1200.25,546.0,1.0
3942,17.914478,1200.25,546.0,1.0
3943,17.914772,1200.25,546.0,1.0
3944,17.924096,1200.25,546.0,1.0
3945,17.924382,1200.25,546.0,1.0
3946,17.934844,1200.5,546.0,1.0
3947,17.935148,1200.5,546.0,1.0
3948,17.943814,1200.0,546.0,1.0
3949,17.944108,1200.0,546.0,1.0
3950,17.954594,1199.5,546.0,1.0
3951,17.955176,1199.5,546.0,1.0
3952,17.9639,1200.0,546.0,1.0
3953,17.96431,1200.0,546.0,1.0
3954,17.975024,1200.25,546.0,1.0
3955,17.975328,1200.25,546.0,1.0
3956,17.98411,1201.25,546.0,1.0
3957,17.984388,1201.25,546.0,1.0
3958,17.994244,1202.25,546.0,1.0
3959,17.99454,1202.25,546.0,1.0
3960,18.003844,1200.75,546.0,1.0
3961,18.004312,1200.75,546.0,1.0
3962,18.0107,1199.0,546.0,1.0
3963,18.010988,1199.0,546.0,1.0
3964,18.014838,1199.0,546.0,1.0
3965,18.01514,1199.0,546.0,1.0
3966,18.024096,1199.25,546.0,1.0
3967,18.024374,1199.25,546.0,1.0
3968,18.034476,1199.5,546.0,1.0
3969,18.034768,1199.5,546.0,1.0
3970,18.043912,1199.75,546.0,1.0
3971,18.044198,1199.75,546.0,1.0
3972,18.054938,1200.5,546.0,1.0
3973,18.055576,1200.5,546.0,1.0
3974,18.06404,1202.0,546.0,1.0
3975,18.064326,1202.0,546.0,1.0
3976,18.074656,1202.0,546.0,1.0
3977,18.07496,1202.0,546.0,1.0
3978,18.084044,1202.25,546.0,1.0
3979,18.08434,1202.25,546.0,1.0
3980,18.094612,1202.75,546.0,1.0
3981,18.0949,1202.75,546.0,1.0
3982,18.103968,1201.5,546.0,1.0
3983,18.104254,1201.5,546.0,1.0
3984,18.110708,1199.75,546.0,1.0
3985,18.110996,1199.75,546.0,1.0
3986,18.114478,1199.75,546.0,1.0
3987,18.11478,1199.75,546.0,1.0
3988,18.124088,1198.25,546.0,1.0
3989,18.124374,1198.25,546.0,1.0
3990,18.13486,1196.75,546.0,1.0
3991,18.135162,1196.75,546.0,1.0
3992,18.144002,1196.25,546.0,1.0
3993,18.14428,1196.25,546.0,1.0
3994,18.154636,1196.75,546.0,1.0
3995,18.155224,1196.75,546.0,1.0
3996,18.163982,1198.0,546.0,1.0
3997,18.164268,1198.0,546.0,1.0
3998,18.175108,1199.0,546.0,1.0
3999,18.17541,1199.0,546.0,1.0
4000,18.18416,1201.5,546.0,1.0
4001,18.184454,1201.5,546.0,1.0
4002,18.194332,1203.5,546.0,1.0
4003,18.194628,1203.5,546.0,1.0
4004,18.203926,1202.75,546.0,1.0
4005,18.204204,1202.75,546.0,1.0
4006,18.210724,1200.75,546.0,1.0
4007,18.21102,1200.75,546.0,1.0
4008,18.214904,1200.75,546.0,1.0
4009,18.215206,1200.75,546.0,1.0
4010,18.224028,1200.5,546.0,1.0
4011,18.224308,1200.5,546.0,1.0
4012,18.234532,1200.0,546.0,1.0
4013,18.234826,1200.0,546.0,1.0
4014,18.243944,1199.25,546.0,1.0
4015,18.244232,1199.25,546.0,1.0
4016,18.254872,1198.75,546.0,1.0
4017,18.255626,1198.75,546.0,1.0
4018,18.264104,1199.75,546.0,1.0
4019,18.268496,1199.75,546.0,1.0
4020,18.274804,1199.25,546.0,1.0
4021,18.276088,1199.25,546.0,1.0
4022,18.284084,1199.5,546.0,1.0
4023,18.284372,1199.5,546.0,1.0
4024,18.29476,1200.0,546.0,1.0
4025,18.295054,1200.0,546.0,1.0
4026,18.304,1199.5,546.0,1.0
4027,18.304286,1199.5,546.0,1.0
4028,18.310602,1198.5,546.0,1.0
4029,18.310896,1198.5,546.0,1.0
4030,18.314552,1198.5,546.0,1.0
4031,18.314846,1198.5,546.0,1.0
4032,18.324036,1198.75,546.0,1.0
4033,18.324324,1198.75,546.0,1.0
4034,18.33517,1198.5,546.0,1.0
4035,18.335472,1198.5,546.0,1.0
4036,18.343992,1198.75,546.0,1.0
4037,18.344272,1198.75,546.0,1.0
4038,18.354634,1200.0,546.0,1.0
4039,18.355216,1200.0,546.0,1.0
4040,18.364048,1201.5,546.0,1.0
4041,18.364334,1201.5,546.0,1.0
4042,18.375,1202.0,546.0,1.0
4043,18.375294,1202.0,546.0,1.0
4044,18.3846,1203.0,546.0,1.0
4045,18.384896,1203.0,546.0,1.0
4046,18.394348,1203.25,546.0,1.0
4047,18.394644,1203.25,546.0,1.0
4048,18.403868,1201.5,546.0,1.0
4049,18.40427,1201.5,546.0,1.0
4050,18.410832,1199.75,546.0,1.0
4051,18.411126,1199.75,546.0,1.0
4052,18.415116,1199.75,546.0,1.0
4053,18.415412,1199.75,546.0,1.0
4054,18.424208,1199.0,546.0,1.0
4055,18.424488,1199.0,546.0,1.0
4056,18.434448,1198.75,546.0,1.0
4057,18.434752,1198.75,546.0,1.0
4058,18.44374,1198.75,546.0,1.0
4059,18.444312,1198.75,546.0,1.0
4060,18.454912,1199.25,546.0,1.0
4061,18.4557,1199.25,546.0,1.0
4062,18.463948,1199.75,546.0,1.0
4063,18.464236,1199.75,546.0,1.0
4064,18.474712,1199.5,546.0,1.0
4065,18.475508,1199.5,546.0,1.0
4066,18.484108,1200.5,546.0,1.0
4067,18.4846,1200.5,546.0,1.0
4068,18.49462,1202.0,546.0,1.0
4069,18.494922,1202.0,546.0,1.0
4070,18.504016,1201.0,546.0,1.0
4071,18.504302,1201.0,546.0,1.0
4072,18.510602,1200.25,546.0,1.0
4073,18.510888,1200.25,546.0,1.0
4074,18.514558,1200.25,546.0,1.0
4075,18.51514,1200.25,546.0,1.0
4076,18.524094,1201.0,546.0,1.0
4077,18.52438,1201.0,546.0,1.0
4078,18.534842,1200.0,546.0,1.0
4079,18.535144,1200.0,546.0,1.0
4080,18.543886,1198.25,546.0,1.0
4081,18.544172,1198.25,546.0,1.0
4082,18.554732,1198.0,546.0,1.0
4083,18.5556,1198.0,546.0,1.0
4084,18.564014,1199.25,546.0,1.0
4085,18.564292,1199.25,546.0,1.0
4086,18.574934,1200.0,546.0,1.0
4087,18.575236,1200.0,546.0,1.0
4088,18.584476,1201.25,546.0,1.0
4089,18.58478,1201.25,546.0,1.0
4090,18.594276,1203.0,546.0,1.0
4091,18.594578,1203.0,546.0,1.0
4092,18.60404,1202.5,546.0,1.0
4093,18.604352,1202.5,546.0,1.0
4094,18.610756,1200.25,546.0,1.0
4095,18.611052,1200.25,546.0,1.0
4096,18.615042,1200.25,546.0,1.0
4097,18.615344,1200.25,546.0,1.0
4098,18.624404,1198.5,546.0,1.0
4099,18.624684,1198.5,546.0,1.0
4100,18.634564,1197.5,546.0,1.0
4101,18.635408,1197.5,546.0,1.0
4102,18.643788,1197.0,546.0,1.0
4103,18.644074,1197.0,546.0,1.0
4104,18.655158,1197.0,546.0,1.0
4105,18.656264,1197.0,546.0,1.0
4106,18.66403,1198.0,546.0,1.0
4107,18.664308,1198.0,546.0,1.0
4108,18.674828,1199.25,546.0,1.0
4109,18.67513,1199.25,546.0,1.0
4110,18.684108,1202.25,546.0,1.0
4111,18.684396,1202.25,546.0,1.0
4112,18.694724,1204.5,546.0,1.0
4113,18.695004,1204.5,546.0,1.0
4114,18.704008,1204.25,546.0,1.0
4115,18.704292,1204.25,546.0,1.0
4116,18.710756,1202.25,546.0,1.0
4117,18.711044,1202.25,546.0,1.0
4118,18.714592,1202.25,546.0,1.0
4119,18.714894,1202.25,546.0,1.0
4120,18.72406,1201.25,546.0,1.0
4121,18.724348,1201.25,546.0,1.0
4122,18.734824,1199.25,546.0,1.0
4123,18.735546,1199.25,546.0,1.0
4124,18.743918,1196.75,546.0,1.0
4125,18.744204,1196.75,546.0,1.0
4126,18.754748,1195.5,546.0,1.0
4127,18.755338,1195.5,546.0,1.0
4128,18.763988,1196.0,546.0,1.0
4129,18.764276,1196.0,546.0,1.0
4130,18.775212,1196.0,546.0,1.0
4131,18.775516,1196.0,546.0,1.0
4132,18.784216,1197.5,546.0,1.0
4133,18.784706,1197.5,546.0,1.0
4134,18.794348,1199.5,546.0,1.0
4135,18.794652,1199.5,546.0,1.0
4136,18.804016,1200.0,546.0,1.0
4137,18.804464,1200.0,546.0,1.0
4138,18.810642,1199.75,546.0,1.0
4139,18.810936,1199.75,546.0,1.0
4140,18.814804,1199.75,546.0,1.0
4141,18.815098,1199.75,546.0,1.0
4142,18.824348,1200.75,546.0,1.0
4143,18.824626,1200.75,546.0,1.0
4144,18.83458,1200.75,546.0,1.0
4145,18.834882,1200.75,546.0,1.0
4146,18.84382,1200.0,546.0,1.0
4147,18.844106,1200.0,546.0,1.0
4148,18.855124,1199.5,546.0,1.0
4149,18.856068,1199.5,546.0,1.0
4150,18.864136,1200.0,546.0,1.0
4151,18.86466,1200.0,546.0,1.0
4152,18.874868,1199.25,546.0,1.0
4153,18.87517,1199.25,546.0,1.0
4154,18.884108,1201.0,546.0,1.0
4155,18.884386,1201.0,546.0,1.0
4156,18.894644,1203.5,546.0,1.0
4157,18.89492,1203.5,546.0,1.0
4158,18.903956,1204.75,546.0,1.0
4159,18.904244,1204.75,546.0,1.0
4160,18.910642,1204.0,546.0,1.0
4161,18.910928,1204.0,546.0,1.0
4162,18.91454,1204.0,546.0,1.0
4163,18.914836,1204.0,546.0,1.0
4164,18.924044,1203.5,546.0,1.0
4165,18.924332,1203.5,546.0,1.0
4166,18.934808,1201.25,546.0,1.0
4167,18.935096,1201.25,546.0,1.0
4168,18.943892,1198.25,546.0,1.0
4169,18.94418,1198.25,546.0,1.0
4170,18.95478,1196.0,546.0,1.0
4171,18.95537,1196.0,546.0,1.0
4172,18.964012,1195.25,546.0,1.0
4173,18.9643,1195.25,546.0,1.0
4174,18.975048,1195.75,546.0,1.0
4175,18.97535,1195.75,546.0,1.0
4176,18.984108,1199.25,546.0,1.0
4177,18.984386,1199.25,546.0,1.0
4178,18.994348,1202.5,546.0,1.0
4179,18.994642,1202.5,546.0,1.0
4180,19.003964,1204.25,546.0,1.0
4181,19.004252,1204.25,546.0,1.0
4182,19.01078,1205.25,546.0,1.0
4183,19.011092,1205.25,546.0,1.0
4184,19.014908,1205.25,546.0,1.0
4185,19.015212,1205.25,546.0,1.0
4186,19.024108,1206.0,546.0,1.0
4187,19.024396,1206.0,546.0,1.0
4188,19.034554,1204.25,546.0,1.0
4189,19.034848,1204.25,546.0,1.0
4190,19.043836,1201.25,546.0,1.0
4191,19.044122,1201.25,546.0,1.0
4192,19.055034,1198.5,546.0,1.0
4193,19.055878,1198.5,546.0,1.0
4194,19.0642,1197.25,546.0,1.0
4195,19.064488,1197.25,546.0,1.0
4196,19.07476,1195.5,546.0,1.0
4197,19.075064,1195.5,546.0,1.0
4198,19.08405,1196.25,546.0,1.0
4199,19.084336,1196.25,546.0,1.0
4200,19.094756,1199.0,546.0,1.0
4201,19.095036,1199.0,546.0,1.0
4202,19.103948,1200.0,546.0,1.0
4203,19.104236,1200.0,546.0,1.0
4204,19.110616,1199.75,546.0,1.0
4205,19.110912,1199.75,546.0,1.0
4206,19.114582,1199.75,546.0,1.0
4207,19.114884,1199.75,546.0,1.0
4208,19.124116,1200.0,546.0,1.0
4209,19.124404,1200.0,546.0,1.0
4210,19.134824,1199.5,546.0,1.0
4211,19.135128,1199.5,546.0,1.0
4212,19.143892,1198.25,546.0,1.0
4213,19.14418,1198.25,546.0,1.0
4214,19.154664,1197.5,546.0,1.0
4215,19.155256,1197.5,546.0,1.0
4216,19.164036,1197.75,546.0,1.0
4217,19.164316,1197.75,546.0,1.0
4218,19.175064,1197.75,546.0,1.0
4219,19.175358,1197.75,546.0,1.0
4220,19.184124,1199.5,546.0,1.0
4221,19.18441,1199.5,546.0,1.0
4222,19.194356,1201.75,546.0,1.0
4223,19.194658,1201.75,546.0,1.0
4224,19.203964,1203.0,546.0,1.0
4225,19.204252,1203.0,546.0,1.0
4226,19.210616,1203.0,546.0,1.0
4227,19.210904,1203.0,546.0,1.0
4228,19.214934,1203.0,546.0,1.0
4229,19.215236,1203.0,546.0,1.0
4230,19.224224,1203.25,546.0,1.0
4231,19.224502,1203.25,546.0,1.0
4232,19.234594,1202.75,546.0,1.0
4233,19.234896,1202.75,546.0,1.0
4234,19.243844,1201.0,546.0,1.0
4235,19.24413,1201.0,546.0,1.0
4236,19.255024,1199.25,546.0,1.0
4237,19.255712,1199.25,546.0,1.0
4238,19.264152,1197.75,546.0,1.0
4239,19.267748,1197.75,546.0,1.0
4240,19.274694,1195.75,546.0,1.0
4241,19.281732,1195.75,546.0,1.0
4242,19.284508,1196.0,546.0,1.0
4243,19.284804,1196.0,546.0,1.0
4244,19.294756,1196.5,546.0,1.0
4245,19.295044,1196.5,546.0,1.0
4246,19.303948,1195.75,546.0,1.0
4247,19.304226,1195.75,546.0,1.0
4248,19.310772,1196.0,546.0,1.0
4249,19.311108,1196.0,546.0,1.0
4250,19.314648,1196.0,546.0,1.0
4251,19.31495,1196.0,546.0,1.0
4252,19.3241,1198.0,546.0,1.0
4253,19.32438,1198.0,546.0,1.0
4254,19.335076,1199.75,546.0,1.0
4255,19.335372,1199.75,546.0,1.0
4256,19.343892,1200.75,546.0,1.0
4257,19.344268,1200.75,546.0,1.0
4258,19.354696,1202.0,546.0,1.0
4259,19.35528,1202.0,546.0,1.0
4260,19.364036,1203.5,546.0,1.0
4261,19.364324,1203.5,546.0,1.0
4262,19.375096,1202.5,546.0,1.0
4263,19.37539,1202.5,546.0,1.0
4264,19.384762,1201.75,546.0,1.0
4265,19.385056,1201.75,546.0,1.0
4266,19.394364,1201.75,546.0,1.0
4267,19.394666,1201.75,546.0,1.0
4268,19.403964,1200.5,546.0,1.0
4269,19.404252,1200.5,546.0,1.0
4270,19.410928,1200.0,546.0,1.0
4271,19.411222,1200.0,546.0,1.0
4272,19.415024,1200.0,546.0,1.0
4273,19.415318,1200.0,546.0,1.0
4274,19.42414,1201.5,546.0,1.0
4275,19.424476,1201.5,546.0,1.0
4276,19.434504,1202.75,546.0,1.0
4277,19.4348,1202.75,546.0,1.0
4278,19.443908,1202.75,546.0,1.0
4279,19.444392,1202.75,546.0,1.0
4280,19.454936,1201.5,546.0,1.0
4281,19.455672,1201.5,546.0,1.0
4282,19.464184,1199.75,546.0,1.0
4283,19.464486,1199.75,546.0,1.0
4284,19.474882,1197.75,546.0,1.0
4285,19.475184,1197.75,546.0,1.0
4286,19.484098,1197.75,546.0,1.0
4287,19.484376,1197.75,546.0,1.0
4288,19.49469,1198.5,546.0,1.0
4289,19.494976,1198.5,546.0,1.0
4290,19.504028,1198.25,546.0,1.0
4291,19.504308,1198.25,546.0,1.0
4292,19.510664,1198.75,546.0,1.0
4293,19.510952,1198.75,546.0,1.0
4294,19.514612,1198.75,546.0,1.0
4295,19.514932,1198.75,546.0,1.0
4296,19.524132,1200.5,546.0,1.0
4297,19.524468,1200.5,546.0,1.0
4298,19.534872,1201.0,546.0,1.0
4299,19.53516,1201.0,546.0,1.0
4300,19.543998,1200.0,546.0,1.0
4301,19.544284,1200.0,546.0,1.0
4302,19.554754,1199.5,546.0,1.0
4303,19.555344,1199.5,546.0,1.0
4304,19.564192,1199.75,546.0,1.0
4305,19.564478,1199.75,546.0,1.0
4306,19.575078,1199.0,546.0,1.0
4307,19.57539,1199.0,546.0,1.0
4308,19.584156,1199.0,546.0,1.0
4309,19.584476,1199.0,546.0,1.0
4310,19.594412,1199.25,546.0,1.0
4311,19.594716,1199.25,546.0,1.0
4312,19.603988,1198.0,546.0,1.0
4313,19.604268,1198.0,546.0,1.0
4314,19.610804,1196.75,546.0,1.0
4315,19.6111,1196.75,546.0,1.0
4316,19.614876,1196.75,545.0,1.0
4317,19.615178,1196.75,545.0,1.0
4318,19.624328,1196.75,545.0,1.0
4319,19.624714,1196.75,545.0,1.0
4320,19.63497,1196.5,545.0,1.0
4321,19.636002,1196.5,545.0,1.0
4322,19.643908,1196.5,545.0,1.0
4323,19.644194,1196.5,545.0,1.0
4324,19.655114,1197.75,545.0,1.0
4325,19.655728,1197.75,545.0,1.0
4326,19.664166,1199.5,545.0,1.0
4327,19.664478,1199.5,545.0,1.0
4328,19.674914,1200.25,545.0,1.0
4329,19.675216,1200.25,545.0,1.0
4330,19.684252,1202.5,545.0,1.0
4331,19.68454,1202.5,545.0,1.0
4332,19.694706,1205.0,545.0,1.0
4333,19.694992,1205.0,545.0,1.0
4334,19.703988,1204.5,545.0,1.0
4335,19.704274,1204.5,545.0,1.0
4336,19.710712,1201.75,545.0,1.0
4337,19.711008,1201.75,545.0,1.0
4338,19.714646,1201.75,546.0,1.0
4339,19.714948,1201.75,546.0,1.0
4340,19.72423,1200.5,546.0,1.0
4341,19.724516,1200.5,546.0,1.0
4342,19.73492,1199.5,546.0,1.0
4343,19.735322,1199.5,546.0,1.0
4344,19.74398,1198.75,546.0,1.0
4345,19.74426,1198.75,546.0,1.0
4346,19.754672,1198.25,546.0,1.0
4347,19.75526,1198.25,546.0,1.0
4348,19.764028,1199.5,546.0,1.0
4349,19.764314,1199.5,546.0,1.0
4350,19.775176,1200.75,546.0,1.0
4351,19.775472,1200.75,546.0,1.0
4352,19.784818,1202.0,546.0,1.0
4353,19.785128,1202.0,546.0,1.0
4354,19.794386,1202.0,546.0,1.0
4355,19.79469,1202.0,546.0,1.0
4356,19.804152,1200.0,546.0,1.0
4357,19.804488,1200.0,546.0,1.0
4358,19.810754,1198.0,546.0,1.0
4359,19.811056,1198.0,546.0,1.0
4360,19.814932,1198.0,546.0,1.0
4361,19.815236,1198.0,546.0,1.0
4362,19.824066,1198.25,546.0,1.0
4363,19.824444,1198.25,546.0,1.0
4364,19.834626,1198.25,546.0,1.0
4365,19.834928,1198.25,546.0,1.0
4366,19.843892,1199.0,546.0,1.0
4367,19.844176,1199.0,546.0,1.0
4368,19.855056,1201.0,546.0,1.0
4369,19.855844,1201.0,546.0,1.0
4370,19.864166,1202.75,546.0,1.0
4371,19.864484,1202.75,546.0,1.0
4372,19.874816,1202.25,546.0,1.0
4373,19.87512,1202.25,546.0,1.0
4374,19.884072,1202.75,546.0,1.0
4375,19.884368,1202.75,546.0,1.0
4376,19.894688,1203.75,546.0,1.0
4377,19.894968,1203.75,546.0,1.0
4378,19.904004,1202.5,546.0,1.0
4379,19.90429,1202.5,546.0,1.0
4380,19.911106,1200.5,546.0,1.0
4381,19.911392,1200.5,546.0,1.0
4382,19.914612,1200.5,546.0,1.0
4383,19.914908,1200.5,546.0,1.0
4384,19.92418,1199.5,546.0,1.0
4385,19.924484,1199.5,546.0,1.0
4386,19.934872,1198.75,546.0,1.0
4387,19.935174,1198.75,546.0,1.0
4388,19.94389,1198.0,546.0,1.0
4389,19.944176,1198.0,546.0,1.0
4390,19.954688,1197.5,546.0,1.0
4391,19.955768,1197.5,546.0,1.0
4392,19.96401,1198.0,546.0,1.0
4393,19.964296,1198.0,546.0,1.0
4394,19.975136,1198.25,546.0,1.0
4395,19.975438,1198.25,546.0,1.0
4396,19.98422,1199.0,546.0,1.0
4397,19.984506,1199.0,546.0,1.0
4398,19.994394,1200.5,546.0,1.0
4399,19.994688,1200.5,546.0,1.0
4400,20.003962,1201.0,546.0,1.0
4401,20.004332,1201.0,546.0,1.0
4402,20.010672,1201.25,546.0,1.0
4403,20.010958,1201.25,546.0,1.0
4404,20.014832,1201.25,546.0,1.0
4405,20.01512,1201.25,546.0,1.0
4406,20.024384,1202.25,546.0,1.0
4407,20.02468,1202.25,546.0,1.0
4408,20.034528,1201.75,546.0,1.0
4409,20.034822,1201.75,546.0,1.0
4410,20.043964,1199.75,546.0,1.0
4411,20.044252,1199.75,546.0,1.0
4412,20.055008,1197.75,546.0,1.0
4413,20.05562,1197.75,546.0,1.0
4414,20.064018,1197.25,546.0,1.0
4415,20.064304,1197.25,546.0,1.0
4416,20.074988,1197.0,546.0,1.0
4417,20.07529,1197.0,546.0,1.0
4418,20.084532,1198.5,546.0,1.0
4419,20.084826,1198.5,546.0,1.0
4420,20.09473,1200.25,546.0,1.0
4421,20.095016,1200.25,546.0,1.0
4422,20.104118,1200.25,546.0,1.0
4423,20.104404,1200.25,546.0,1.0
4424,20.11064,1199.5,546.0,1.0
4425,20.110934,1199.5,546.0,1.0
4426,20.11458,1199.5,545.0,1.0
4427,20.114882,1199.5,545.0,1.0
4428,20.124254,1198.75,545.0,1.0
4429,20.12454,1198.75,545.0,1.0
4430,20.135148,1197.75,545.0,1.0
4431,20.135452,1197.75,545.0,1.0
4432,20.143956,1197.75,545.0,1.0
4433,20.144242,1197.75,545.0,1.0
4434,20.15472,1199.0,545.0,1.0
4435,20.155352,1199.0,545.0,1.0
4436,20.164108,1201.0,545.0,1.0
4437,20.164396,1201.0,545.0,1.0
4438,20.175142,1202.25,545.0,1.0
4439,20.175446,1202.25,545.0,1.0
4440,20.18422,1204.0,545.0,1.0
4441,20.184506,1204.0,545.0,1.0
4442,20.194444,1205.0,545.0,1.0
4443,20.194788,1205.0,545.0,1.0
4444,20.20397,1203.5,545.0,1.0
4445,20.204256,1203.5,545.0,1.0
4446,20.21082,1200.0,545.0,1.0
4447,20.211122,1200.0,545.0,1.0
4448,20.21494,1200.0,546.0,1.0
4449,20.215242,1200.0,546.0,1.0
4450,20.224172,1198.5,546.0,1.0
4451,20.224484,1198.5,546.0,1.0
4452,20.234674,1197.75,546.0,1.0
4453,20.235092,1197.75,546.0,1.0
4454,20.243872,1197.0,546.0,1.0
4455,20.244168,1197.0,546.0,1.0
4456,20.25508,1196.75,546.0,1.0
4457,20.255792,1196.75,546.0,1.0
4458,20.264116,1197.75,546.0,1.0
4459,20.266762,1197.75,546.0,1.0
4460,20.275068,1198.5,546.0,1.0
4461,20.275944,1198.5,546.0,1.0
4462,20.284628,1200.5,546.0,1.0
4463,20.284924,1200.5,546.0,1.0
4464,20.294852,1202.5,546.0,1.0
4465,20.295148,1202.5,546.0,1.0
4466,20.304012,1203.25,546.0,1.0
4467,20.304296,1203.25,546.0,1.0
4468,20.310646,1203.0,546.0,1.0
4469,20.31094,1203.0,546.0,1.0
4470,20.314628,1203.0,546.0,1.0
4471,20.314924,1203.0,546.0,1.0
4472,20.32414,1202.75,546.0,1.0
4473,20.324424,1202.75,546.0,1.0
4474,20.33528,1201.5,546.0,1.0
4475,20.335584,1201.5,546.0,1.0
4476,20.34406,1200.0,546.0,1.0
4477,20.344356,1200.0,546.0,1.0
4478,20.354744,1198.5,546.0,1.0
4479,20.35535,1198.5,546.0,1.0
4480,20.3641,1198.0,546.0,1.0
4481,20.36442,1198.0,546.0,1.0
4482,20.375166,1197.25,546.0,1.0
4483,20.37546,1197.25,546.0,1.0
4484,20.384702,1199.0,546.0,1.0
4485,20.384996,1199.0,546.0,1.0
4486,20.394426,1201.75,546.0,1.0
4487,20.39477,1201.75,546.0,1.0
4488,20.404036,1202.75,546.0,1.0
4489,20.404322,1202.75,546.0,1.0
4490,20.410736,1203.25,546.0,1.0
4491,20.411032,1203.25,546.0,1.0
4492,20.414906,1203.25,546.0,1.0
4493,20.4152,1203.25,546.0,1.0
4494,20.424236,1203.75,546.0,1.0
4495,20.424524,1203.75,546.0,1.0
4496,20.434608,1203.0,546.0,1.0
4497,20.434904,1203.0,546.0,1.0
4498,20.443896,1200.75,546.0,1.0
4499,20.444184,1200.75,546.0,1.0
4500,20.455022,1198.5,546.0,1.0
4501,20.455792,1198.5,546.0,1.0
4502,20.46414,1197.5,546.0,1.0
4503,20.464418,1197.5,546.0,1.0
4504,20.474864,1196.75,546.0,1.0
4505,20.475166,1196.75,546.0,1.0
4506,20.484128,1198.5,546.0,1.0
4507,20.484416,1198.5,546.0,1.0
4508,20.494752,1202.25,546.0,1.0
4509,20.495032,1202.25,546.0,1.0
4510,20.504108,1203.5,546.0,1.0
4511,20.504396,1203.5,546.0,1.0
4512,20.51081,1202.75,546.0,1.0
4513,20.51112,1202.75,546.0,1.0
4514,20.514644,1202.75,546.0,1.0
4515,20.514938,1202.75,546.0,1.0
4516,20.524154,1202.75,546.0,1.0
4517,20.52449,1202.75,546.0,1.0
4518,20.534944,1201.75,546.0,1.0
4519,20.535256,1201.75,546.0,1.0
4520,20.544094,1199.5,546.0,1.0
4521,20.54438,1199.5,546.0,1.0
4522,20.554784,1197.5,546.0,1.0
4523,20.555366,1197.5,546.0,1.0
4524,20.5641,1197.0,546.0,1.0
4525,20.564384,1197.0,546.0,1.0
4526,20.575076,1196.0,546.0,1.0
4527,20.57538,1196.0,546.0,1.0
4528,20.584276,1195.75,546.0,1.0
4529,20.584562,1195.75,546.0,1.0
4530,20.594532,1196.0,546.0,1.0
4531,20.594916,1196.0,546.0,1.0
4532,20.60406,1196.5,546.0,1.0
4533,20.604346,1196.5,546.0,1.0
4534,20.610776,1197.5,546.0,1.0
4535,20.61108,1197.5,546.0,1.0
4536,20.615136,1197.5,546.0,1.0
4537,20.61543,1197.5,546.0,1.0
4538,20.624188,1199.75,546.0,1.0
4539,20.624662,1199.75,546.0,1.0
4540,20.634608,1200.75,546.0,1.0
4541,20.63491,1200.75,546.0,1.0
4542,20.644184,1201.25,546.0,1.0
4543,20.644496,1201.25,546.0,1.0
4544,20.655072,1201.75,546.0,1.0
4545,20.655676,1201.75,546.0,1.0
4546,20.664148,1202.25,546.0,1.0
4547,20.664484,1202.25,546.0,1.0
4548,20.674846,1201.0,546.0,1.0
4549,20.675296,1201.0,546.0,1.0
4550,20.684554,1201.0,546.0,1.0
4551,20.684848,1201.0,546.0,1.0
4552,20.694828,1202.0,546.0,1.0
4553,20.695112,1202.0,546.0,1.0
4554,20.704092,1202.0,546.0,1.0
4555,20.704378,1202.0,546.0,1.0
4556,20.71067,1201.5,546.0,1.0
4557,20.710956,1201.5,546.0,1.0
4558,20.714684,1201.5,546.0,1.0
4559,20.71498,1201.5,546.0,1.0
4560,20.72417,1202.75,546.0,1.0
4561,20.724498,1202.75,546.0,1.0
4562,20.734902,1204.0,546.0,1.0
4563,20.735312,1204.0,546.0,1.0
4564,20.744142,1204.0,546.0,1.0
4565,20.744428,1204.0,546.0,1.0
4566,20.754792,1203.25,546.0,1.0
4567,20.755374,1203.25,546.0,1.0
4568,20.764098,1201.75,546.0,1.0
4569,20.764384,1201.75,546.0,1.0
4570,20.775156,1198.25,546.0,1.0
4571,20.77546,1198.25,546.0,1.0
4572,20.78412,1196.25,546.0,1.0
4573,20.784398,1196.25,546.0,1.0
4574,20.794516,1196.25,546.0,1.0
4575,20.79481,1196.25,546.0,1.0
4576,20.804076,1196.5,546.0,1.0
4577,20.804362,1196.5,546.0,1.0
4578,20.811064,1197.25,546.0,1.0
4579,20.81135,1197.25,546.0,1.0
4580,20.814896,1197.25,546.0,1.0
4581,20.815224,1197.25,546.0,1.0
4582,20.824204,1200.5,546.0,1.0
4583,20.824498,1200.5,546.0,1.0
4584,20.834582,1203.25,546.0,1.0
4585,20.834876,1203.25,546.0,1.0
4586,20.843954,1204.25,546.0,1.0
4587,20.84424,1204.25,546.0,1.0
4588,20.855218,1204.25,546.0,1.0
4589,20.856242,1204.25,546.0,1.0
4590,20.864262,1204.5,546.0,1.0
4591,20.86468,1204.5,546.0,1.0
4592,20.875156,1203.5,546.0,1.0
4593,20.87574,1203.5,546.0,1.0
4594,20.884348,1202.5,546.0,1.0
4595,20.884636,1202.5,546.0,1.0
4596,20.894744,1202.25,546.0,1.0
4597,20.895032,1202.25,546.0,1.0
4598,20.904092,1200.5,546.0,1.0
4599,20.904378,1200.5,546.0,1.0
4600,20.910694,1199.25,546.0,1.0
4601,20.91098,1199.25,546.0,1.0
4602,20.914954,1199.25,547.0,1.0
4603,20.915256,1199.25,547.0,1.0
4604,20.924136,1198.5,547.0,1.0
4605,20.924416,1198.5,547.0,1.0
4606,20.935032,1198.0,547.0,1.0
4607,20.935328,1198.0,547.0,1.0
4608,20.944076,1198.25,547.0,1.0
4609,20.944356,1198.25,547.0,1.0
4610,20.9548,1199.0,547.0,1.0
4611,20.955388,1199.0,547.0,1.0
4612,20.964122,1199.5,547.0,1.0
4613,20.964408,1199.5,547.0,1.0
4614,20.975084,1199.0,547.0,1.0
4615,20.975386,1199.0,547.0,1.0
4616,20.98456,1199.75,547.0,1.0
4617,20.984856,1199.75,547.0,1.0
4618,20.994464,1201.5,547.0,1.0
4619,20.9948,1201.5,547.0,1.0
4620,21.004058,1200.75,547.0,1.0
4621,21.004344,1200.75,547.0,1.0
4622,21.010792,1200.25,547.0,1.0
4623,21.011112,1200.25,547.0,1.0
4624,21.015004,1200.25,546.0,1.0
4625,21.015298,1200.25,546.0,1.0
4626,21.024194,1201.0,546.0,1.0
4627,21.024504,1201.0,546.0,1.0
4628,21.034614,1200.5,546.0,1.0
4629,21.034908,1200.5,546.0,1.0
4630,21.043928,1199.0,546.0,1.0
4631,21.044216,1199.0,546.0,1.0
4632,21.055036,1197.75,546.0,1.0
4633,21.055824,1197.75,546.0,1.0
4634,21.064672,1199.0,546.0,1.0
4635,21.064974,1199.0,546.0,1.0
4636,21.074804,1199.75,546.0,1.0
4637,21.0751,1199.75,546.0,1.0
4638,21.084258,1201.25,546.0,1.0
4639,21.084544,1201.25,546.0,1.0
4640,21.094792,1202.75,546.0,1.0
4641,21.09508,1202.75,546.0,1.0
4642,21.10414,1202.0,546.0,1.0
4643,21.104428,1202.0,546.0,1.0
4644,21.110856,1200.75,546.0,1.0
4645,21.111152,1200.75,546.0,1.0
4646,21.114616,1200.75,546.0,1.0
4647,21.11492,1200.75,546.0,1.0
4648,21.124176,1200.0,546.0,1.0
4649,21.124504,1200.0,546.0,1.0
4650,21.134934,1199.25,546.0,1.0
4651,21.135236,1199.25,546.0,1.0
4652,21.14396,1198.75,546.0,1.0
4653,21.144248,1198.75,546.0,1.0
4654,21.154896,1199.25,546.0,1.0
4655,21.155748,1199.25,546.0,1.0
4656,21.164204,1200.5,546.0,1.0
4657,21.164498,1200.5,546.0,1.0
4658,21.175108,1201.25,546.0,1.0
4659,21.175402,1201.25,546.0,1.0
4660,21.184258,1202.5,546.0,1.0
4661,21.184552,1202.5,546.0,1.0
4662,21.194424,1203.75,546.0,1.0
4663,21.19472,1203.75,546.0,1.0
4664,21.204156,1202.75,546.0,1.0
4665,21.204444,1202.75,546.0,1.0
4666,21.210668,1201.0,546.0,1.0
4667,21.210956,1201.0,546.0,1.0
4668,21.21524,1201.0,546.0,1.0
4669,21.215536,1201.0,546.0,1.0
4670,21.22426,1200.0,546.0,1.0
4671,21.224546,1200.0,546.0,1.0
4672,21.234572,1199.25,546.0,1.0
4673,21.234868,1199.25,546.0,1.0
4674,21.243968,1199.0,546.0,1.0
4675,21.244256,1199.0,546.0,1.0
4676,21.25516,1199.25,546.0,1.0
4677,21.2562,1199.25,546.0,1.0
4678,21.26458,1200.25,546.0,1.0
4679,21.268456,1200.25,546.0,1.0
4680,21.274918,1200.25,546.0,1.0
4681,21.275492,1200.25,546.0,1.0
4682,21.284176,1201.25,546.0,1.0
4683,21.284504,1201.25,546.0,1.0
4684,21.294776,1202.25,546.0,1.0
4685,21.295064,1202.25,546.0,1.0
4686,21.304288,1200.75,546.0,1.0
4687,21.304572,1200.75,546.0,1.0
4688,21.310668,1199.75,546.0,1.0
4689,21.310964,1199.75,546.0,1.0
4690,21.314968,1199.75,546.0,1.0
4691,21.315272,1199.75,546.0,1.0
4692,21.32412,1200.5,546.0,1.0
4693,21.324406,1200.5,546.0,1.0
4694,21.335432,1201.0,546.0,1.0
4695,21.335736,1201.0,546.0,1.0
4696,21.343976,1200.75,546.0,1.0
4697,21.344256,1200.75,546.0,1.0
4698,21.3548,1200.5,546.0,1.0
4699,21.35538,1200.5,546.0,1.0
4700,21.364678,1201.5,546.0,1.0
4701,21.36498,1201.5,546.0,1.0
4702,21.37514,1201.0,546.0,1.0
4703,21.375442,1201.0,546.0,1.0
4704,21.38479,1201.0,546.0,1.0
4705,21.385092,1201.0,546.0,1.0
4706,21.394496,1202.0,546.0,1.0
4707,21.3948,1202.0,546.0,1.0
4708,21.404032,1201.0,546.0,1.0
4709,21.40432,1201.0,546.0,1.0
4710,21.41088,1199.75,546.0,1.0
4711,21.411168,1199.75,546.0,1.0
4712,21.415156,1199.75,546.0,1.0
4713,21.415452,1199.75,546.0,1.0
4714,21.424268,1199.0,546.0,1.0
4715,21.4248,1199.0,546.0,1.0
4716,21.434646,1198.25,546.0,1.0
4717,21.43494,1198.25,546.0,1.0
4718,21.443936,1197.75,546.0,1.0
4719,21.444222,1197.75,546.0,1.0
4720,21.455092,1197.25,546.0,1.0
4721,21.455944,1197.25,546.0,1.0
4722,21.464588,1198.25,546.0,1.0
4723,21.4649,1198.25,546.0,1.0
4724,21.474696,1199.0,546.0,1.0
4725,21.475,1199.0,546.0,1.0
4726,21.484248,1201.5,546.0,1.0
4727,21.484536,1201.5,546.0,1.0
4728,21.494848,1204.25,546.0,1.0
4729,21.495128,1204.25,546.0,1.0
4730,21.504064,1203.75,546.0,1.0
4731,21.504484,1203.75,546.0,1.0
4732,21.510692,1202.75,546.0,1.0
4733,21.510988,1202.75,546.0,1.0
4734,21.515018,1202.75,546.0,1.0
4735,21.515312,1202.75,546.0,1.0
4736,21.524062,1202.75,546.0,1.0
4737,21.524348,1202.75,546.0,1.0
4738,21.534916,1201.25,546.0,1.0
4739,21.53522,1201.25,546.0,1.0
4740,21.544148,1198.5,546.0,1.0
4741,21.544428,1198.5,546.0,1.0
4742,21.554814,1195.5,546.0,1.0
4743,21.555404,1195.5,546.0,1.0
4744,21.564596,1195.0,546.0,1.0
4745,21.564908,1195.0,546.0,1.0
4746,21.575278,1194.5,546.0,1.0
4747,21.575572,1194.5,546.0,1.0
4748,21.584576,1196.25,546.0,1.0
4749,21.584872,1196.25,546.0,1.0
4750,21.594562,1199.5,546.0,1.0
4751,21.594864,1199.5,546.0,1.0
4752,21.604188,1201.0,546.0,1.0
4753,21.604508,1201.0,546.0,1.0
4754,21.610684,1202.5,546.0,1.0
4755,21.610972,1202.5,546.0,1.0
4756,21.615156,1202.5,546.0,1.0
4757,21.61546,1202.5,546.0,1.0
4758,21.624446,1203.5,546.0,1.0
4759,21.624766,1203.5,546.0,1.0
4760,21.634662,1202.75,546.0,1.0
4761,21.635522,1202.75,546.0,1.0
4762,21.643976,1201.0,546.0,1.0
4763,21.644402,1201.0,546.0,1.0
4764,21.655134,1199.5,546.0,1.0
4765,21.656158,1199.5,546.0,1.0
4766,21.664686,1200.25,546.0,1.0
4767,21.665528,1200.25,546.0,1.0
4768,21.674884,1200.0,546.0,1.0
4769,21.676088,1200.0,546.0,1.0
4770,21.684248,1200.75,546.0,1.0
4771,21.684716,1200.75,546.0,1.0
4772,21.694898,1202.5,546.0,1.0
4773,21.695684,1202.5,546.0,1.0
4774,21.704048,1202.75,546.0,1.0
4775,21.704336,1202.75,546.0,1.0
4776,21.71084,1202.0,546.0,1.0
4777,21.711134,1202.0,546.0,1.0
4778,21.715058,1202.0,546.0,1.0
4779,21.71536,1202.0,546.0,1.0
4780,21.72416,1202.0,546.0,1.0
4781,21.724446,1202.0,546.0,1.0
4782,21.735014,1201.25,546.0,1.0
4783,21.735408,1201.25,546.0,1.0
4784,21.74404,1200.25,546.0,1.0
4785,21.744328,1200.25,546.0,1.0
4786,21.754788,1198.75,546.0,1.0
4787,21.755372,1198.75,546.0,1.0
4788,21.764604,1198.5,546.0,1.0
4789,21.764908,1198.5,546.0,1.0
4790,21.775122,1198.5,546.0,1.0
4791,21.775416,1198.5,546.0,1.0
4792,21.784264,1201.0,546.0,1.0
4793,21.784544,1201.0,546.0,1.0
4794,21.794562,1203.5,546.0,1.0
4795,21.794856,1203.5,546.0,1.0
4796,21.804228,1203.5,546.0,1.0
4797,21.804516,1203.5,546.0,1.0
4798,21.810798,1202.75,546.0,1.0
4799,21.811092,1202.75,546.0,1.0
4800,21.815256,1202.75,546.0,1.0
4801,21.815548,1202.75,546.0,1.0
4802,21.824144,1201.75,546.0,1.0
4803,21.82443,1201.75,546.0,1.0
4804,21.834604,1200.5,546.0,1.0
4805,21.8349,1200.5,546.0,1.0
4806,21.844008,1198.5,546.0,1.0
4807,21.844296,1198.5,546.0,1.0
4808,21.85515,1197.5,546.0,1.0
4809,21.856002,1197.5,546.0,1.0
4810,21.864596,1198.25,546.0,1.0
4811,21.864906,1198.25,546.0,1.0
4812,21.874794,1198.5,546.0,1.0
4813,21.875096,1198.5,546.0,1.0
4814,21.884166,1199.5,546.0,1.0
4815,21.884502,1199.5,546.0,1.0
4816,21.894956,1201.0,546.0,1.0
4817,21.895248,1201.0,546.0,1.0
4818,21.904088,1200.5,546.0,1.0
4819,21.904448,1200.5,546.0,1.0
4820,21.910798,1199.75,546.0,1.0
4821,21.911084,1199.75,546.0,1.0
4822,21.915164,1199.75,546.0,1.0
4823,21.91546,1199.75,546.0,1.0
4824,21.924168,1199.5,546.0,1.0
4825,21.924652,1199.5,546.0,1.0
4826,21.934916,1199.25,546.0,1.0
4827,21.935202,1199.25,546.0,1.0
4828,21.944008,1198.5,546.0,1.0
4829,21.944296,1198.5,546.0,1.0
4830,21.95483,1197.75,546.0,1.0
4831,21.955428,1197.75,546.0,1.0
4832,21.964382,1198.75,546.0,1.0
4833,21.964668,1198.75,546.0,1.0
4834,21.975024,1199.0,546.0,1.0
4835,21.975326,1199.0,546.0,1.0
4836,21.98424,1200.0,546.0,1.0
4837,21.984526,1200.0,546.0,1.0
4838,21.994496,1201.0,546.0,1.0
4839,21.994808,1201.0,546.0,1.0
4840,22.004088,1200.5,546.0,1.0
4841,22.004572,1200.5,546.0,1.0
4842,22.010872,1199.75,546.0,1.0
4843,22.011166,1199.75,546.0,1.0
4844,22.01518,1199.75,546.0,1.0
4845,22.015484,1199.75,546.0,1.0
4846,22.024176,1200.25,546.0,1.0
4847,22.024504,1200.25,546.0,1.0
4848,22.03453,1200.75,546.0,1.0
4849,22.034824,1200.75,546.0,1.0
4850,22.044,1201.25,546.0,1.0
4851,22.044286,1201.25,546.0,1.0
4852,22.055084,1201.0,546.0,1.0
4853,22.055854,1201.0,546.0,1.0
4854,22.064612,1201.25,546.0,1.0
4855,22.064922,1201.25,546.0,1.0
4856,22.074884,1199.75,546.0,1.0
4857,22.07518,1199.75,546.0,1.0
4858,22.08414,1199.5,546.0,1.0
4859,22.084428,1199.5,546.0,1.0
4860,22.094808,1199.0,546.0,1.0
4861,22.095092,1199.0,546.0,1.0
4862,22.104228,1197.0,546.0,1.0
4863,22.104522,1197.0,546.0,1.0
4864,22.110692,1197.5,546.0,1.0
4865,22.110978,1197.5,546.0,1.0
4866,22.114968,1197.5,546.0,1.0
4867,22.11527,1197.5,546.0,1.0
4868,22.12428,1200.25,546.0,1.0
4869,22.124568,1200.25,546.0,1.0
4870,22.13502,1202.5,546.0,1.0
4871,22.135316,1202.5,546.0,1.0
4872,22.144008,1203.5,546.0,1.0
4873,22.144294,1203.5,546.0,1.0
4874,22.154772,1203.25,546.0,1.0
4875,22.15537,1203.25,546.0,1.0
4876,22.164308,1203.0,546.0,1.0
4877,22.16462,1203.0,546.0,1.0
4878,22.175154,1201.0,546.0,1.0
4879,22.175456,1201.0,546.0,1.0
4880,22.184132,1200.0,546.0,1.0
4881,22.184428,1200.0,546.0,1.0
4882,22.19448,1199.75,546.0,1.0
4883,22.194814,1199.75,546.0,1.0
4884,22.204316,1198.75,546.0,1.0
4885,22.204604,1198.75,546.0,1.0
4886,22.210812,1198.0,546.0,1.0
4887,22.211132,1198.0,546.0,1.0
4888,22.215188,1198.0,547.0,1.0
4889,22.215484,1198.0,547.0,1.0
4890,22.224296,1198.5,547.0,1.0
4891,22.224584,1198.5,547.0,1.0
4892,22.234578,1199.75,547.0,1.0
4893,22.234882,1199.75,547.0,1.0
4894,22.243984,1200.5,547.0,1.0
4895,22.24427,1200.5,547.0,1.0
4896,22.255124,1200.0,547.0,1.0
4897,22.255886,1200.0,547.0,1.0
4898,22.264708,1199.75,547.0,1.0
4899,22.26842,1199.75,547.0,1.0
4900,22.274998,1198.75,547.0,1.0
4901,22.2753,1198.75,547.0,1.0
4902,22.284092,1199.25,547.0,1.0
4903,22.284378,1199.25,547.0,1.0
4904,22.295036,1200.25,547.0,1.0
4905,22.29534,1200.25,547.0,1.0
4906,22.304228,1200.0,547.0,1.0
4907,22.304522,1200.0,547.0,1.0
4908,22.310862,1200.25,547.0,1.0
4909,22.311148,1200.25,547.0,1.0
4910,22.314942,1200.25,546.0,1.0
4911,22.315516,1200.25,546.0,1.0
4912,22.324304,1201.0,546.0,1.0
4913,22.324592,1201.0,546.0,1.0
4914,22.335184,1201.0,546.0,1.0
4915,22.335488,1201.0,546.0,1.0
4916,22.344104,1200.25,546.0,1.0
4917,22.344392,1200.25,546.0,1.0
4918,22.354878,1199.25,546.0,1.0
4919,22.35546,1199.25,546.0,1.0
4920,22.364626,1199.5,546.0,1.0
4921,22.36493,1199.5,546.0,1.0
4922,22.375104,1199.5,546.0,1.0
4923,22.3754,1199.5,546.0,1.0
4924,22.384804,1200.75,546.0,1.0
4925,22.385098,1200.75,546.0,1.0
4926,22.394494,1201.75,546.0,1.0
4927,22.394822,1201.75,546.0,1.0
4928,22.404202,1200.5,546.0,1.0
4929,22.404752,1200.5,546.0,1.0
4930,22.410698,1200.0,546.0,1.0
4931,22.410992,1200.0,546.0,1.0
4932,22.41522,1200.0,546.0,1.0
4933,22.415524,1200.0,546.0,1.0
4934,22.424272,1199.5,546.0,1.0
4935,22.42456,1199.5,546.0,1.0
4936,22.434562,1198.75,546.0,1.0
4937,22.434864,1198.75,546.0,1.0
4938,22.444056,1198.0,546.0,1.0
4939,22.444344,1198.0,546.0,1.0
4940,22.455092,1198.0,546.0,1.0
4941,22.455828,1198.0,546.0,1.0
4942,22.464626,1199.75,546.0,1.0
4943,22.464928,1199.75,546.0,1.0
4944,22.474832,1200.25,546.0,1.0
4945,22.475136,1200.25,546.0,1.0
4946,22.484164,1201.25,546.0,1.0
4947,22.484452,1201.25,546.0,1.0
4948,22.494864,1202.75,546.0,1.0
4949,22.49515,1202.75,546.0,1.0
4950,22.504168,1201.25,546.0,1.0
4951,22.504456,1201.25,546.0,1.0
4952,22.51096,1198.75,546.0,1.0
4953,22.511248,1198.75,546.0,1.0
4954,22.515,1198.75,546.0,1.0
4955,22.515294,1198.75,546.0,1.0
4956,22.52419,1197.5,546.0,1.0
4957,22.524526,1197.5,546.0,1.0
4958,22.53493,1197.5,546.0,1.0
4959,22.535216,1197.5,546.0,1.0
4960,22.544146,1198.25,546.0,1.0
4961,22.544424,1198.25,546.0,1.0
4962,22.554876,1198.75,546.0,1.0
4963,22.55546,1198.75,546.0,1.0
4964,22.564396,1200.25,546.0,1.0
4965,22.564676,1200.25,546.0,1.0
4966,22.575152,1202.0,546.0,1.0
4967,22.575448,1202.0,546.0,1.0
4968,22.584614,1203.25,546.0,1.0
4969,22.584908,1203.25,546.0,1.0
4970,22.594552,1203.0,546.0,1.0
4971,22.595256,1203.0,546.0,1.0
4972,22.604184,1199.75,546.0,1.0
4973,22.604472,1199.75,546.0,1.0
4974,22.610904,1198.0,546.0,1.0
4975,22.611196,1198.0,546.0,1.0
4976,22.615196,1198.0,546.0,1.0
4977,22.615498,1198.0,546.0,1.0
4978,22.62419,1197.5,546.0,1.0
4979,22.624518,1197.5,546.0,1.0
4980,22.63479,1197.25,546.0,1.0
4981,22.63538,1197.25,546.0,1.0
4982,22.644056,1197.25,546.0,1.0
4983,22.644448,1197.25,546.0,1.0
4984,22.655108,1198.5,546.0,1.0
4985,22.655868,1198.5,546.0,1.0
4986,22.66474,1201.25,546.0,1.0
4987,22.66502,1201.25,546.0,1.0
4988,22.674848,1202.25,546.0,1.0
4989,22.675152,1202.25,546.0,1.0
4990,22.684172,1202.75,546.0,1.0
4991,22.68446,1202.75,546.0,1.0
4992,22.694928,1203.25,546.0,1.0
4993,22.695224,1203.25,546.0,1.0
4994,22.704176,1201.75,546.0,1.0
4995,22.704456,1201.75,546.0,1.0
4996,22.710722,1200.5,546.0,1.0
4997,22.711008,1200.5,546.0,1.0
4998,22.714908,1200.5,546.0,1.0
4999,22.715212,1200.5,546.0,1.0
5000,22.724198,1200.0,546.0,1.0
5001,22.724534,1200.0,546.0,1.0
5002,22.734996,1200.0,546.0,1.0
5003,22.735396,1200.0,546.0,1.0
5004,22.744088,1199.75,546.0,1.0
5005,22.744376,1199.75,546.0,1.0
5006,22.75491,1199.25,546.0,1.0
5007,22.755762,1199.25,546.0,1.0
5008,22.764322,1200.0,546.0,1.0
5009,22.764608,1200.0,546.0,1.0
5010,22.775168,1199.5,546.0,1.0
5011,22.775472,1199.5,546.0,1.0
5012,22.78463,1200.0,546.0,1.0
5013,22.784932,1200.0,546.0,1.0
5014,22.79456,1201.0,546.0,1.0
5015,22.794854,1201.0,546.0,1.0
5016,22.804184,1199.75,546.0,1.0
5017,22.804472,1199.75,546.0,1.0
5018,22.810722,1198.75,546.0,1.0
5019,22.811008,1198.75,546.0,1.0
5020,22.815212,1198.75,546.0,1.0
5021,22.815506,1198.75,546.0,1.0
5022,22.824248,1198.5,546.0,1.0
5023,22.824534,1198.5,546.0,1.0
5024,22.83452,1198.5,546.0,1.0
5025,22.834832,1198.5,546.0,1.0
5026,22.844048,1198.75,546.0,1.0
5027,22.844324,1198.75,546.0,1.0
5028,22.855212,1198.25,546.0,1.0
5029,22.856064,1198.25,546.0,1.0
5030,22.864732,1199.0,546.0,1.0
5031,22.86533,1199.0,546.0,1.0
5032,22.874864,1199.75,546.0,1.0
5033,22.875398,1199.75,546.0,1.0
5034,22.884204,1200.75,546.0,1.0
5035,22.88454,1200.75,546.0,1.0
5036,22.894878,1201.75,546.0,1.0
5037,22.895164,1201.75,546.0,1.0
5038,22.904136,1201.25,546.0,1.0
5039,22.904422,1201.25,546.0,1.0
5040,22.910918,1201.0,546.0,1.0
5041,22.911204,1201.0,546.0,1.0
5042,22.915204,1201.0,546.0,1.0
5043,22.915506,1201.0,546.0,1.0
5044,22.924248,1200.75,546.0,1.0
5045,22.92454,1200.75,546.0,1.0
5046,22.93492,1200.0,546.0,1.0
5047,22.935208,1200.0,546.0,1.0
5048,22.944038,1199.0,546.0,1.0
5049,22.944324,1199.0,546.0,1.0
5050,22.954908,1198.0,546.0,1.0
5051,22.955492,1198.0,546.0,1.0
5052,22.964658,1198.5,546.0,1.0
5053,22.96496,1198.5,546.0,1.0
5054,22.975152,1198.25,546.0,1.0
5055,22.975448,1198.25,546.0,1.0
5056,22.984146,1199.0,546.0,1.0
5057,22.984432,1199.0,546.0,1.0
5058,22.994576,1200.75,546.0,1.0
5059,22.99487,1200.75,546.0,1.0
5060,23.004184,1200.25,546.0,1.0
5061,23.00461,1200.25,546.0,1.0
5062,23.010738,1198.5,546.0,1.0
5063,23.011024,1198.5,546.0,1.0
5064,23.015292,1198.5,545.0,1.0
5065,23.015588,1198.5,545.0,1.0
5066,23.02428,1198.75,545.0,1.0
5067,23.024558,1198.75,545.0,1.0
5068,23.034608,1199.5,545.0,1.0
5069,23.034912,1199.5,545.0,1.0
5070,23.044038,1200.0,545.0,1.0
5071,23.044324,1200.0,545.0,1.0
5072,23.055164,1199.75,545.0,1.0
5073,23.055884,1199.75,545.0,1.0
5074,23.064656,1200.25,545.0,1.0
5075,23.06496,1200.25,545.0,1.0
5076,23.074906,1200.25,545.0,1.0
5077,23.075208,1200.25,545.0,1.0
5078,23.08413,1200.25,545.0,1.0
5079,23.084424,1200.25,545.0,1.0
5080,23.09492,1200.75,545.0,1.0
5081,23.095214,1200.75,545.0,1.0
5082,23.104168,1200.0,545.0,1.0
5083,23.104488,1200.0,545.0,1.0
5084,23.11077,1200.0,545.0,1.0
5085,23.111056,1200.0,545.0,1.0
5086,23.11503,1200.0,546.0,1.0
5087,23.115324,1200.0,546.0,1.0
5088,23.124352,1200.75,546.0,1.0
5089,23.12464,1200.75,546.0,1.0
5090,23.134838,1201.25,546.0,1.0
5091,23.135116,1201.25,546.0,1.0
5092,23.14416,1200.5,546.0,1.0
5093,23.144448,1200.5,546.0,1.0
5094,23.154876,1199.0,546.0,1.0
5095,23.155458,1199.0,546.0,1.0
5096,23.164396,1198.5,546.0,1.0
5097,23.164682,1198.5,546.0,1.0
5098,23.17524,1198.5,546.0,1.0
5099,23.175536,1198.5,546.0,1.0
5100,23.184112,1199.5,546.0,1.0
5101,23.184392,1199.5,546.0,1.0
5102,23.194624,1201.75,546.0,1.0
5103,23.194918,1201.75,546.0,1.0
5104,23.20424,1201.75,546.0,1.0
5105,23.204552,1201.75,546.0,1.0
5106,23.2109,1202.0,546.0,1.0
5107,23.211188,1202.0,546.0,1.0
5108,23.215176,1202.0,546.0,1.0
5109,23.215472,1202.0,546.0,1.0
5110,23.22427,1201.75,546.0,1.0
5111,23.224556,1201.75,546.0,1.0
5112,23.234552,1200.75,546.0,1.0
5113,23.23514,1200.75,546.0,1.0
5114,23.244152,1199.25,546.0,1.0
5115,23.24444,1199.25,546.0,1.0
5116,23.25522,1197.75,546.0,1.0
5117,23.255884,1197.75,546.0,1.0
5118,23.26469,1197.75,546.0,1.0
5119,23.26691,1197.75,546.0,1.0
5120,23.27493,1197.5,546.0,1.0
5121,23.276084,1197.5,546.0,1.0
5122,23.284162,1198.75,546.0,1.0
5123,23.28444,1198.75,546.0,1.0
5124,23.295,1201.0,546.0,1.0
5125,23.295296,1201.0,546.0,1.0
5126,23.304216,1201.25,546.0,1.0
5127,23.304552,1201.25,546.0,1.0
5128,23.310744,1200.75,546.0,1.0
5129,23.311032,1200.75,546.0,1.0
5130,23.314948,1200.75,546.0,1.0
5131,23.315252,1200.75,546.0,1.0
5132,23.324246,1200.5,546.0,1.0
5133,23.324556,1200.5,546.0,1.0
5134,23.335304,1200.25,546.0,1.0
5135,23.335706,1200.25,546.0,1.0
5136,23.34407,1199.25,546.0,1.0
5137,23.34448,1199.25,546.0,1.0
5138,23.354884,1198.25,546.0,1.0
5139,23.355464,1198.25,546.0,1.0
5140,23.364672,1199.5,546.0,1.0
5141,23.364976,1199.5,546.0,1.0
5142,23.37511,1200.5,546.0,1.0
5143,23.375404,1200.5,546.0,1.0
5144,23.384776,1201.25,546.0,1.0
5145,23.385392,1201.25,546.0,1.0
5146,23.394608,1201.5,546.0,1.0
5147,23.39491,1201.5,546.0,1.0
5148,23.404216,1200.0,546.0,1.0
5149,23.404552,1200.0,546.0,1.0
5150,23.410752,1199.0,546.0,1.0
5151,23.41104,1199.0,546.0,1.0
5152,23.41526,1199.0,545.0,1.0
5153,23.415554,1199.0,545.0,1.0
5154,23.424252,1198.0,545.0,1.0
5155,23.424548,1198.0,545.0,1.0
5156,23.434568,1197.5,545.0,1.0
5157,23.43514,1197.5,545.0,1.0
5158,23.444136,1197.75,545.0,1.0
5159,23.444422,1197.75,545.0,1.0
5160,23.455228,1198.0,545.0,1.0
5161,23.45608,1198.0,545.0,1.0
5162,23.464764,1199.0,545.0,1.0
5163,23.465074,1199.0,545.0,1.0
5164,23.475012,1198.75,545.0,1.0
5165,23.475314,1198.75,545.0,1.0
5166,23.484162,1200.25,545.0,1.0
5167,23.484448,1200.25,545.0,1.0
5168,23.494876,1201.75,545.0,1.0
5169,23.495164,1201.75,545.0,1.0
5170,23.50428,1201.25,545.0,1.0
5171,23.504568,1201.25,545.0,1.0
5172,23.510908,1200.75,545.0,1.0
5173,23.511204,1200.75,545.0,1.0
5174,23.51502,1200.75,546.0,1.0
5175,23.515324,1200.75,546.0,1.0
5176,23.524344,1200.75,546.0,1.0
5177,23.524622,1200.75,546.0,1.0
5178,23.534968,1201.25,546.0,1.0
5179,23.535296,1201.25,546.0,1.0
5180,23.54416,1201.5,546.0,1.0
5181,23.54452,1201.5,546.0,1.0
5182,23.554908,1201.0,546.0,1.0
5183,23.555488,1201.0,546.0,1.0
5184,23.564704,1201.0,546.0,1.0
5185,23.565016,1201.0,546.0,1.0
5186,23.575216,1200.25,546.0,1.0
5187,23.57552,1200.25,546.0,1.0
5188,23.584168,1200.75,546.0,1.0
5189,23.584456,1200.75,546.0,1.0
5190,23.59464,1201.75,546.0,1.0
5191,23.59522,1201.75,546.0,1.0
5192,23.604372,1200.0,546.0,1.0
5193,23.604658,1200.0,546.0,1.0
5194,23.610776,1198.75,546.0,1.0
5195,23.611072,1198.75,546.0,1.0
5196,23.615258,1198.75,546.0,1.0
5197,23.615552,1198.75,546.0,1.0
5198,23.624508,1199.5,546.0,1.0
5199,23.624784,1199.5,546.0,1.0
5200,23.634568,1200.75,546.0,1.0
5201,23.635402,1200.75,546.0,1.0
5202,23.64411,1201.0,546.0,1.0
5203,23.644396,1201.0,546.0,1.0
5204,23.655284,1200.25,546.0,1.0
5205,23.656136,1200.25,546.0,1.0
5206,23.664344,1200.5,546.0,1.0
5207,23.664632,1200.5,546.0,1.0
5208,23.675052,1200.25,546.0,1.0
5209,23.675356,1200.25,546.0,1.0
5210,23.684144,1200.0,546.0,1.0
5211,23.684432,1200.0,546.0,1.0
5212,23.694934,1200.75,546.0,1.0
5213,23.69522,1200.75,546.0,1.0
5214,23.70438,1201.0,546.0,1.0
5215,23.704666,1201.0,546.0,1.0
5216,23.710744,1202.25,546.0,1.0
5217,23.71104,1202.25,546.0,1.0
5218,23.71493,1202.25,546.0,1.0
5219,23.715232,1202.25,546.0,1.0
5220,23.72449,1203.0,546.0,1.0
5221,23.724776,1203.0,546.0,1.0
5222,23.7351,1202.25,546.0,1.0
5223,23.735476,1202.25,546.0,1.0
5224,23.744068,1201.0,546.0,1.0
5225,23.744356,1201.0,546.0,1.0
5226,23.755064,1199.25,546.0,1.0
5227,23.755924,1199.25,546.0,1.0
5228,23.764444,1197.75,546.0,1.0
5229,23.76472,1197.75,546.0,1.0
5230,23.775192,1196.0,546.0,1.0
5231,23.775494,1196.0,546.0,1.0
5232,23.784176,1196.25,546.0,1.0
5233,23.784464,1196.25,546.0,1.0
5234,23.794606,1198.0,546.0,1.0
5235,23.7949,1198.0,546.0,1.0
5236,23.80432,1198.25,546.0,1.0
5237,23.804608,1198.25,546.0,1.0
5238,23.810924,1199.0,546.0,1.0
5239,23.811212,1199.0,546.0,1.0
5240,23.815248,1199.0,546.0,1.0
5241,23.815544,1199.0,546.0,1.0
5242,23.824424,1200.75,546.0,1.0
5243,23.824704,1200.75,546.0,1.0
5244,23.834616,1201.25,546.0,1.0
5245,23.834918,1201.25,546.0,1.0
5246,23.844102,1200.5,546.0,1.0
5247,23.844388,1200.5,546.0,1.0
5248,23.855308,1199.25,546.0,1.0
5249,23.85594,1199.25,546.0,1.0
5250,23.864736,1199.25,546.0,1.0
5251,23.86504,1199.25,546.0,1.0
5252,23.87492,1199.0,546.0,1.0
5253,23.875502,1199.0,546.0,1.0
5254,23.884128,1200.25,546.0,1.0
5255,23.884414,1200.25,546.0,1.0
5256,23.894958,1202.25,546.0,1.0
5257,23.895236,1202.25,546.0,1.0
5258,23.904248,1202.5,546.0,1.0
5259,23.904568,1202.5,546.0,1.0
5260,23.9108,1202.25,546.0,1.0
5261,23.911096,1202.25,546.0,1.0
5262,23.914938,1202.25,546.0,1.0
5263,23.915232,1202.25,546.0,1.0
5264,23.92426,1201.5,546.0,1.0
5265,23.924556,1201.5,546.0,1.0
5266,23.934944,1200.0,546.0,1.0
5267,23.935228,1200.0,546.0,1.0
5268,23.944176,1199.25,546.0,1.0
5269,23.944454,1199.25,546.0,1.0
5270,23.954916,1199.0,546.0,1.0
5271,23.955504,1199.0,546.0,1.0
5272,23.964688,1200.75,546.0,1.0
5273,23.964992,1200.75,546.0,1.0
5274,23.975164,1201.5,546.0,1.0
5275,23.97546,1201.5,546.0,1.0
5276,23.98426,1202.5,546.0,1.0
5277,23.984562,1202.5,546.0,1.0
5278,23.99462,1203.25,546.0,1.0
5279,23.995128,1203.25,546.0,1.0
5280,24.004248,1201.5,546.0,1.0
5281,24.00474,1201.5,546.0,1.0
5282,24.01076,1199.5,546.0,1.0
5283,24.011046,1199.5,546.0,1.0
5284,24.015216,1199.5,547.0,1.0
5285,24.015512,1199.5,547.0,1.0
5286,24.024326,1198.5,547.0,1.0
5287,24.024612,1198.5,547.0,1.0
5288,24.034608,1198.5,547.0,1.0
5289,24.034918,1198.5,547.0,1.0
5290,24.044076,1199.0,547.0,1.0
5291,24.044364,1199.0,547.0,1.0
5292,24.055284,1199.75,547.0,1.0
5293,24.056372,1199.75,547.0,1.0
5294,24.064384,1200.5,547.0,1.0
5295,24.064672,1200.5,547.0,1.0
5296,24.074944,1200.75,547.0,1.0
5297,24.07524,1200.75,547.0,1.0
5298,24.084316,1201.5,547.0,1.0
5299,24.084602,1201.5,547.0,1.0
5300,24.094932,1202.0,547.0,1.0
5301,24.09522,1202.0,547.0,1.0
5302,24.104222,1199.0,547.0,1.0
5303,24.104558,1199.0,547.0,1.0
5304,24.11076,1197.5,547.0,1.0
5305,24.111054,1197.5,547.0,1.0
5306,24.115036,1197.5,547.0,1.0
5307,24.11534,1197.5,547.0,1.0
5308,24.124392,1197.75,547.0,1.0
5309,24.124678,1197.75,547.0,1.0
5310,24.134926,1198.0,547.0,1.0
5311,24.135204,1198.0,547.0,1.0
5312,24.144124,1198.75,547.0,1.0
5313,24.144412,1198.75,547.0,1.0
5314,24.15498,1199.75,547.0,1.0
5315,24.15556,1199.75,547.0,1.0
5316,24.16476,1202.25,547.0,1.0
5317,24.165072,1202.25,547.0,1.0
5318,24.175256,1203.5,547.0,1.0
5319,24.17555,1203.5,547.0,1.0
5320,24.184324,1204.25,547.0,1.0
5321,24.18461,1204.25,547.0,1.0
5322,24.194654,1203.75,547.0,1.0
5323,24.194948,1203.75,547.0,1.0
5324,24.204444,1201.5,547.0,1.0
5325,24.20473,1201.5,547.0,1.0
5326,24.210824,1199.25,547.0,1.0
5327,24.211112,1199.25,547.0,1.0
5328,24.21533,1199.25,546.0,1.0
5329,24.215632,1199.25,546.0,1.0
5330,24.224268,1197.5,546.0,1.0
5331,24.224564,1197.5,546.0,1.0
5332,24.234804,1197.0,546.0,1.0
5333,24.23514,1197.0,546.0,1.0
5334,24.244108,1197.25,546.0,1.0
5335,24.244396,1197.25,546.0,1.0
5336,24.255266,1198.0,546.0,1.0
5337,24.256004,1198.0,546.0,1.0
5338,24.264696,1200.0,546.0,1.0
5339,24.266408,1200.0,546.0,1.0
5340,24.274936,1201.0,546.0,1.0
5341,24.282104,1201.0,546.0,1.0
5342,24.28438,1203.5,546.0,1.0
5343,24.284668,1203.5,546.0,1.0
5344,24.295022,1204.75,546.0,1.0
5345,24.295324,1204.75,546.0,1.0
5346,24.30428,1202.75,546.0,1.0
5347,24.304574,1202.75,546.0,1.0
5348,24.310784,1200.0,546.0,1.0
5349,24.31107,1200.0,546.0,1.0
5350,24.315028,1200.0,545.0,1.0
5351,24.31533,1200.0,545.0,1.0
5352,24.32434,1198.5,545.0,1.0
5353,24.324628,1198.5,545.0,1.0
5354,24.335564,1198.0,545.0,1.0
5355,24.335868,1198.0,545.0,1.0
5356,24.344166,1198.5,545.0,1.0
5357,24.344708,1198.5,545.0,1.0
5358,24.354956,1200.25,545.0,1.0
5359,24.355536,1200.25,545.0,1.0
5360,24.364744,1203.5,545.0,1.0
5361,24.365056,1203.5,545.0,1.0
5362,24.37523,1204.5,545.0,1.0
5363,24.375524,1204.5,545.0,1.0
5364,24.384848,1204.75,545.0,1.0
5365,24.38515,1204.75,545.0,1.0
5366,24.394652,1203.25,545.0,1.0
5367,24.394948,1203.25,545.0,1.0
5368,24.404288,1199.0,545.0,1.0
5369,24.404574,1199.0,545.0,1.0
5370,24.410784,1196.5,545.0,1.0
5371,24.411078,1196.5,545.0,1.0
5372,24.415264,1196.5,547.0,1.0
5373,24.415568,1196.5,547.0,1.0
5374,24.424356,1195.75,547.0,1.0
5375,24.424636,1195.75,547.0,1.0
5376,24.434892,1195.5,547.0,1.0
5377,24.435196,1195.5,547.0,1.0
5378,24.444132,1195.5,547.0,1.0
5379,24.44442,1195.5,547.0,1.0
5380,24.455266,1196.5,547.0,1.0
5381,24.456076,1196.5,547.0,1.0
5382,24.464424,1199.0,547.0,1.0
5383,24.464712,1199.0,547.0,1.0
5384,24.474936,1200.5,547.0,1.0
5385,24.47523,1200.5,547.0,1.0
5386,24.484298,1202.75,547.0,1.0
5387,24.484584,1202.75,547.0,1.0
5388,24.494916,1205.0,547.0,1.0
5389,24.495202,1205.0,547.0,1.0
5390,24.50436,1205.0,547.0,1.0
5391,24.504648,1205.0,547.0,1.0
5392,24.510768,1203.75,547.0,1.0
5393,24.511086,1203.75,547.0,1.0
5394,24.51506,1203.75,546.0,1.0
5395,24.515354,1203.75,546.0,1.0
5396,24.524268,1202.25,546.0,1.0
5397,24.52457,1202.25,546.0,1.0
5398,24.535244,1200.5,546.0,1.0
5399,24.53554,1200.5,546.0,1.0
5400,24.544256,1199.75,546.0,1.0
5401,24.544576,1199.75,546.0,1.0
5402,24.555012,1198.75,546.0,1.0
5403,24.5556,1198.75,546.0,1.0
5404,24.564704,1198.5,546.0,1.0
5405,24.565006,1198.5,546.0,1.0
5406,24.575188,1198.75,546.0,1.0
5407,24.575492,1198.75,546.0,1.0
5408,24.584372,1201.25,546.0,1.0
5409,24.58465,1201.25,546.0,1.0
5410,24.594676,1202.75,546.0,1.0
5411,24.595398,1202.75,546.0,1.0
5412,24.60422,1201.75,546.0,1.0
5413,24.604508,1201.75,546.0,1.0
5414,24.610792,1201.25,546.0,1.0
5415,24.611078,1201.25,546.0,1.0
5416,24.615354,1201.25,546.0,1.0
5417,24.615656,1201.25,546.0,1.0
5418,24.62444,1201.25,546.0,1.0
5419,24.624726,1201.25,546.0,1.0
5420,24.63481,1200.75,546.0,1.0
5421,24.635146,1200.75,546.0,1.0
5422,24.64414,1199.5,546.0,1.0
5423,24.644428,1199.5,546.0,1.0
5424,24.655248,1198.5,546.0,1.0
5425,24.6561,1198.5,546.0,1.0
5426,24.664702,1198.75,546.0,1.0
5427,24.665014,1198.75,546.0,1.0
5428,24.67504,1198.5,546.0,1.0
5429,24.675344,1198.5,546.0,1.0
5430,24.684692,1200.5,546.0,1.0
5431,24.684986,1200.5,546.0,1.0
5432,24.694972,1202.5,546.0,1.0
5433,24.695276,1202.5,546.0,1.0
5434,24.704212,1203.5,546.0,1.0
5435,24.7045,1203.5,546.0,1.0
5436,24.710808,1203.5,546.0,1.0
5437,24.711094,1203.5,546.0,1.0
5438,24.71506,1203.5,546.0,1.0
5439,24.715648,1203.5,546.0,1.0
5440,24.724552,1203.5,546.0,1.0
5441,24.72484,1203.5,546.0,1.0
5442,24.735056,1202.0,546.0,1.0
5443,24.735342,1202.0,546.0,1.0
5444,24.74428,1199.75,546.0,1.0
5445,24.744574,1199.75,546.0,1.0
5446,24.754996,1197.75,546.0,1.0
5447,24.755584,1197.75,546.0,1.0
5448,24.764432,1197.5,546.0,1.0
5449,24.76472,1197.5,546.0,1.0
5450,24.775304,1197.25,546.0,1.0
5451,24.775606,1197.25,546.0,1.0
5452,24.784314,1198.5,546.0,1.0
5453,24.7846,1198.5,546.0,1.0
5454,24.794668,1200.0,546.0,1.0
5455,24.794964,1200.0,546.0,1.0
5456,24.80436,1200.5,546.0,1.0
5457,24.804646,1200.5,546.0,1.0
5458,24.810824,1201.0,546.0,1.0
5459,24.811134,1201.0,546.0,1.0
5460,24.815256,1201.0,546.0,1.0
5461,24.81555,1201.0,546.0,1.0
5462,24.824602,1201.5,546.0,1.0
5463,24.824888,1201.5,546.0,1.0
5464,24.8348,1200.75,546.0,1.0
5465,24.835136,1200.75,546.0,1.0
5466,24.844214,1200.0,546.0,1.0
5467,24.8446,1200.0,546.0,1.0
5468,24.85538,1199.5,546.0,1.0
5469,24.856232,1199.5,546.0,1.0
5470,24.864718,1199.5,546.0,1.0
5471,24.86502,1199.5,546.0,1.0
5472,24.875016,1200.0,546.0,1.0
5473,24.875312,1200.0,546.0,1.0
5474,24.884476,1202.25,546.0,1.0
5475,24.884764,1202.25,546.0,1.0
5476,24.89498,1203.0,546.0,1.0
5477,24.895276,1203.0,546.0,1.0
5478,24.90426,1202.0,546.0,1.0
5479,24.90458,1202.0,546.0,1.0
5480,24.910808,1202.0,546.0,1.0
5481,24.911092,1202.0,546.0,1.0
5482,24.915024,1202.0,546.0,1.0
5483,24.91532,1202.0,546.0,1.0
5484,24.924292,1202.5,546.0,1.0
5485,24.924576,1202.5,546.0,1.0
5486,24.935072,1202.0,546.0,1.0
5487,24.935374,1202.0,546.0,1.0
5488,24.944222,1200.75,546.0,1.0
5489,24.944624,1200.75,546.0,1.0
5490,24.95496,1200.25,546.0,1.0
5491,24.955552,1200.25,546.0,1.0
5492,24.964366,1200.0,546.0,1.0
5493,24.964652,1200.0,546.0,1.0
5494,24.975204,1198.25,546.0,1.0
5495,24.975508,1198.25,546.0,1.0
5496,24.984698,1198.0,546.0,1.0
5497,24.984992,1198.0,546.0,1.0
5498,24.994684,1199.0,546.0,1.0
5499,24.99498,1199.0,546.0,1.0
5500,25.00436,1199.75,546.0,1.0
5501,25.004696,1199.75,546.0,1.0
5502,25.010782,1201.25,546.0,1.0
5503,25.011076,1201.25,546.0,1.0
5504,25.015272,1201.25,546.0,1.0
5505,25.015566,1201.25,546.0,1.0
5506,25.02434,1203.0,546.0,1.0
5507,25.024634,1203.0,546.0,1.0
5508,25.034736,1203.75,546.0,1.0
5509,25.035038,1203.75,546.0,1.0
5510,25.044246,1202.75,546.0,1.0
5511,25.044574,1202.75,546.0,1.0
5512,25.055288,1201.25,546.0,1.0
5513,25.05614,1201.25,546.0,1.0
5514,25.064374,1199.75,546.0,1.0
5515,25.06466,1199.75,546.0,1.0
5516,25.074982,1198.25,546.0,1.0
5517,25.075286,1198.25,546.0,1.0
5518,25.084362,1199.0,546.0,1.0
5519,25.084648,1199.0,546.0,1.0
5520,25.094996,1199.75,546.0,1.0
5521,25.095282,1199.75,546.0,1.0
5522,25.104432,1199.5,546.0,1.0
5523,25.10472,1199.5,546.0,1.0
5524,25.11078,1200.25,546.0,1.0
5525,25.111068,1200.25,546.0,1.0
5526,25.114886,1200.25,546.0,1.0
5527,25.115188,1200.25,546.0,1.0
5528,25.124306,1201.75,546.0,1.0
5529,25.1246,1201.75,546.0,1.0
5530,25.135144,1202.25,546.0,1.0
5531,25.13544,1202.25,546.0,1.0
5532,25.144238,1202.5,546.0,1.0
5533,25.14459,1202.5,546.0,1.0
5534,25.155002,1202.25,546.0,1.0
5535,25.155584,1202.25,546.0,1.0
5536,25.164424,1202.25,546.0,1.0
5537,25.164708,1202.25,546.0,1.0
5538,25.175368,1202.0,546.0,1.0
5539,25.175662,1202.0,546.0,1.0
5540,25.184354,1202.75,546.0,1.0
5541,25.18464,1202.75,546.0,1.0
5542,25.194684,1202.0,546.0,1.0
5543,25.19516,1202.0,546.0,1.0
5544,25.204276,1199.75,546.0,1.0
5545,25.204596,1199.75,546.0,1.0
5546,25.210814,1198.25,546.0,1.0
5547,25.211108,1198.25,546.0,1.0
5548,25.21509,1198.25,546.0,1.0
5549,25.215434,1198.25,546.0,1.0
5550,25.22438,1198.5,546.0,1.0
5551,25.224668,1198.5,546.0,1.0
5552,25.234908,1198.25,546.0,1.0
5553,25.23521,1198.25,546.0,1.0
5554,25.244148,1197.5,546.0,1.0
5555,25.244434,1197.5,546.0,1.0
5556,25.255412,1198.25,546.0,1.0
5557,25.256796,1198.25,546.0,1.0
5558,25.264364,1199.0,546.0,1.0
5559,25.266954,1199.0,546.0,1.0
5560,25.27499,1198.75,546.0,1.0
5561,25.275514,1198.75,546.0,1.0
5562,25.284404,1199.5,546.0,1.0
5563,25.284688,1199.5,546.0,1.0
5564,25.294988,1200.0,546.0,1.0
5565,25.295272,1200.0,546.0,1.0
5566,25.304316,1199.25,546.0,1.0
5567,25.304604,1199.25,546.0,1.0
5568,25.31078,1198.0,546.0,1.0
5569,25.311076,1198.0,546.0,1.0
5570,25.31491,1198.0,546.0,1.0
5571,25.31522,1198.0,546.0,1.0
5572,25.324486,1198.0,546.0,1.0
5573,25.324814,1198.0,546.0,1.0
5574,25.335536,1199.0,546.0,1.0
5575,25.33584,1199.0,546.0,1.0
5576,25.344164,1200.5,546.0,1.0
5577,25.34445,1200.5,546.0,1.0
5578,25.355042,1202.0,546.0,1.0
5579,25.355624,1202.0,546.0,1.0
5580,25.36443,1203.5,546.0,1.0
5581,25.364716,1203.5,546.0,1.0
5582,25.375236,1203.5,546.0,1.0
5583,25.375532,1203.5,546.0,1.0
5584,25.384968,1203.25,546.0,1.0
5585,25.385264,1203.25,546.0,1.0
5586,25.394724,1201.0,546.0,1.0
5587,25.39502,1201.0,546.0,1.0
5588,25.404334,1197.5,546.0,1.0
5589,25.404628,1197.5,546.0,1.0
5590,25.410896,1196.0,546.0,1.0
5591,25.41119,1196.0,546.0,1.0
5592,25.415286,1196.0,546.0,1.0
5593,25.415588,1196.0,546.0,1.0
5594,25.424364,1196.5,546.0,1.0
5595,25.424642,1196.5,546.0,1.0
5596,25.434776,1197.25,546.0,1.0
5597,25.435192,1197.25,546.0,1.0
5598,25.444204,1198.25,546.0,1.0
5599,25.444492,1198.25,546.0,1.0
5600,25.455352,1200.25,546.0,1.0
5601,25.456132,1200.25,546.0,1.0
5602,25.46434,1202.5,546.0,1.0
5603,25.464628,1202.5,546.0,1.0
5604,25.474956,1203.0,546.0,1.0
5605,25.475252,1203.0,546.0,1.0
5606,25.484336,1204.25,546.0,1.0
5607,25.484624,1204.25,546.0,1.0
5608,25.495028,1204.75,546.0,1.0
5609,25.49533,1204.75,546.0,1.0
5610,25.504316,1203.0,546.0,1.0
5611,25.50462,1203.0,546.0,1.0
5612,25.510788,1201.25,546.0,1.0
5613,25.511076,1201.25,546.0,1.0
5614,25.51486,1201.25,546.0,1.0
5615,25.515156,1201.25,546.0,1.0
5616,25.524476,1200.25,546.0,1.0
5617,25.524764,1200.25,546.0,1.0
5618,25.53512,1199.75,546.0,1.0
5619,25.535414,1199.75,546.0,1.0
5620,25.544728,1199.75,546.0,1.0
5621,25.545032,1199.75,546.0,1.0
5622,25.555042,1200.75,546.0,1.0
5623,25.555624,1200.75,546.0,1.0
5624,25.5642,1201.25,546.0,1.0
5625,25.564488,1201.25,546.0,1.0
5626,25.575324,1200.5,546.0,1.0
5627,25.575628,1200.5,546.0,1.0
5628,25.584344,1200.25,546.0,1.0
5629,25.584632,1200.25,546.0,1.0
5630,25.594798,1200.0,546.0,1.0
5631,25.59538,1200.0,546.0,1.0
5632,25.60434,1198.5,546.0,1.0
5633,25.604628,1198.5,546.0,1.0
5634,25.610788,1197.5,546.0,1.0
5635,25.611076,1197.5,546.0,1.0
5636,25.615096,1197.5,546.0,1.0
5637,25.6154,1197.5,546.0,1.0
5638,25.624444,1198.5,546.0,1.0
5639,25.624732,1198.5,546.0,1.0
5640,25.634816,1199.25,546.0,1.0
5641,25.63592,1199.25,546.0,1.0
5642,25.644284,1199.0,546.0,1.0
5643,25.64458,1199.0,546.0,1.0
5644,25.655418,1198.75,546.0,1.0
5645,25.656262,1198.75,546.0,1.0
5646,25.664332,1199.25,546.0,1.0
5647,25.66461,1199.25,546.0,1.0
5648,25.675004,1199.75,546.0,1.0
5649,25.675588,1199.75,546.0,1.0
5650,25.684344,1201.5,546.0,1.0
5651,25.68464,1201.5,546.0,1.0
5652,25.695304,1201.75,546.0,1.0
5653,25.695608,1201.75,546.0,1.0
5654,25.704408,1200.5,546.0,1.0
5655,25.704692,1200.5,546.0,1.0
5656,25.710796,1199.25,546.0,1.0
5657,25.711084,1199.25,546.0,1.0
5658,25.714844,1199.25,546.0,1.0
5659,25.715146,1199.25,546.0,1.0
5660,25.72438,1198.25,546.0,1.0
5661,25.724664,1198.25,546.0,1.0
5662,25.735128,1196.25,546.0,1.0
5663,25.735576,1196.25,546.0,1.0
5664,25.744236,1194.75,546.0,1.0
5665,25.744572,1194.75,546.0,1.0
5666,25.755172,1195.75,546.0,1.0
5667,25.755762,1195.75,546.0,1.0
5668,25.764732,1197.25,546.0,1.0
5669,25.765036,1197.25,546.0,1.0
5670,25.775236,1198.0,546.0,1.0
5671,25.775528,1198.0,546.0,1.0
5672,25.78436,1200.75,546.0,1.0
5673,25.784648,1200.75,546.0,1.0
5674,25.79483,1202.75,546.0,1.0
5675,25.795148,1202.75,546.0,1.0
5676,25.804348,1202.25,546.0,1.0
5677,25.80466,1202.25,546.0,1.0
5678,25.810796,1201.25,546.0,1.0
5679,25.811084,1201.25,546.0,1.0
5680,25.815212,1201.25,545.0,1.0
5681,25.815506,1201.25,545.0,1.0
5682,25.82446,1201.0,545.0,1.0
5683,25.824748,1201.0,545.0,1.0
5684,25.834824,1201.0,545.0,1.0
5685,25.835152,1201.0,545.0,1.0
5686,25.84431,1200.25,545.0,1.0
5687,25.844596,1200.25,545.0,1.0
5688,25.85528,1199.75,545.0,1.0
5689,25.856132,1199.75,545.0,1.0
5690,25.864364,1200.25,545.0,1.0
5691,25.864676,1200.25,545.0,1.0
5692,25.875038,1200.5,545.0,1.0
5693,25.875612,1200.5,545.0,1.0
5694,25.884336,1201.5,545.0,1.0
5695,25.884614,1201.5,545.0,1.0
5696,25.895116,1201.25,545.0,1.0
5697,25.895412,1201.25,545.0,1.0
5698,25.904308,1199.5,545.0,1.0
5699,25.904594,1199.5,545.0,1.0
5700,25.910844,1198.75,545.0,1.0
5701,25.91114,1198.75,545.0,1.0
5702,25.914916,1198.75,546.0,1.0
5703,25.915212,1198.75,546.0,1.0
5704,25.924508,1199.0,546.0,1.0
5705,25.924796,1199.0,546.0,1.0
5706,25.935118,1199.25,546.0,1.0
5707,25.935412,1199.25,546.0,1.0
5708,25.944244,1199.75,546.0,1.0
5709,25.94458,1199.75,546.0,1.0
5710,25.955032,1200.5,546.0,1.0
5711,25.955614,1200.5,546.0,1.0
5712,25.96429,1201.0,546.0,1.0
5713,25.964788,1201.0,546.0,1.0
5714,25.975268,1201.0,546.0,1.0
5715,25.975562,1201.0,546.0,1.0
5716,25.984408,1202.5,546.0,1.0
5717,25.984696,1202.5,546.0,1.0
5718,25.99469,1203.75,546.0,1.0
5719,25.994984,1203.75,546.0,1.0
5720,26.004316,1204.0,546.0,1.0
5721,26.0047,1204.0,546.0,1.0
5722,26.01082,1203.0,546.0,1.0
5723,26.011108,1203.0,546.0,1.0
5724,26.01508,1203.0,546.0,1.0
5725,26.015376,1203.0,546.0,1.0
5726,26.024452,1202.0,546.0,1.0
5727,26.024738,1202.0,546.0,1.0
5728,26.034782,1198.5,546.0,1.0
5729,26.035084,1198.5,546.0,1.0
5730,26.044308,1195.25,546.0,1.0
5731,26.044588,1195.25,546.0,1.0
5732,26.055352,1194.0,546.0,1.0
5733,26.056114,1194.0,546.0,1.0
5734,26.064338,1194.25,546.0,1.0
5735,26.064632,1194.25,546.0,1.0
5736,26.075028,1195.0,546.0,1.0
5737,26.075332,1195.0,546.0,1.0
5738,26.084328,1198.75,546.0,1.0
5739,26.084614,1198.75,546.0,1.0
5740,26.095068,1202.75,546.0,1.0
5741,26.09537,1202.75,546.0,1.0
5742,26.104856,1203.25,546.0,1.0
5743,26.105144,1203.25,546.0,1.0
5744,26.110836,1202.25,546.0,1.0
5745,26.111124,1202.25,546.0,1.0
5746,26.11486,1202.25,546.0,1.0
5747,26.115152,1202.25,546.0,1.0
5748,26.124574,1201.75,546.0,1.0
5749,26.124852,1201.75,546.0,1.0
5750,26.13528,1200.25,546.0,1.0
5751,26.135576,1200.25,546.0,1.0
5752,26.1443,1198.25,546.0,1.0
5753,26.14458,1198.25,546.0,1.0
5754,26.155236,1197.0,546.0,1.0
5755,26.156096,1197.0,546.0,1.0
5756,26.164756,1197.25,546.0,1.0
5757,26.165706,1197.25,546.0,1.0
5758,26.175242,1197.75,546.0,1.0
5759,26.175544,1197.75,546.0,1.0
5760,26.184416,1200.0,546.0,1.0
5761,26.184704,1200.0,546.0,1.0
5762,26.194764,1201.5,546.0,1.0
5763,26.195206,1201.5,546.0,1.0
5764,26.204396,1201.25,546.0,1.0
5765,26.204684,1201.25,546.0,1.0
5766,26.210804,1200.75,546.0,1.0
5767,26.21109,1200.75,546.0,1.0
5768,26.215332,1200.75,546.0,1.0
5769,26.215916,1200.75,546.0,1.0
5770,26.224312,1201.0,546.0,1.0
5771,26.2246,1201.0,546.0,1.0
5772,26.234788,1199.75,546.0,1.0
5773,26.235084,1199.75,546.0,1.0
5774,26.244228,1198.25,546.0,1.0
5775,26.244512,1198.25,546.0,1.0
5776,26.255408,1197.75,546.0,1.0
5777,26.25626,1197.75,546.0,1.0
5778,26.264518,1198.0,546.0,1.0
5779,26.26986,1198.0,546.0,1.0
5780,26.275224,1197.5,546.0,1.0
5781,26.280902,1197.5,546.0,1.0
5782,26.2844,1198.5,546.0,1.0
5783,26.28468,1198.5,546.0,1.0
5784,26.295084,1199.5,546.0,1.0
5785,26.295368,1199.5,546.0,1.0
5786,26.304512,1199.0,546.0,1.0
5787,26.304798,1199.0,546.0,1.0
5788,26.310804,1199.0,546.0,1.0
5789,26.311098,1199.0,546.0,1.0
5790,26.314948,1199.0,546.0,1.0
5791,26.315252,1199.0,546.0,1.0
5792,26.324548,1200.5,546.0,1.0
5793,26.324836,1200.5,546.0,1.0
5794,26.335502,1201.25,546.0,1.0
5795,26.335804,1201.25,546.0,1.0
5796,26.344316,1201.25,546.0,1.0
5797,26.344604,1201.25,546.0,1.0
5798,26.355172,1201.5,546.0,1.0
5799,26.356032,1201.5,546.0,1.0
5800,26.364748,1200.75,546.0,1.0
5801,26.36505,1200.75,546.0,1.0
5802,26.375388,1199.25,546.0,1.0
5803,26.375692,1199.25,546.0,1.0
5804,26.384876,1199.75,546.0,1.0
5805,26.38517,1199.75,546.0,1.0
5806,26.394804,1201.0,546.0,1.0
5807,26.395204,1201.0,546.0,1.0
5808,26.404356,1200.5,546.0,1.0
5809,26.404642,1200.5,546.0,1.0
5810,26.410804,1199.5,546.0,1.0
5811,26.411088,1199.5,546.0,1.0
5812,26.415236,1199.5,546.0,1.0
5813,26.415528,1199.5,546.0,1.0
5814,26.424426,1199.5,546.0,1.0
5815,26.424712,1199.5,546.0,1.0
5816,26.434812,1199.5,546.0,1.0
5817,26.435148,1199.5,546.0,1.0
5818,26.444242,1198.5,546.0,1.0
5819,26.44457,1198.5,546.0,1.0
5820,26.45536,1198.0,546.0,1.0
5821,26.456212,1198.0,546.0,1.0
5822,26.464748,1198.5,546.0,1.0
5823,26.465076,1198.5,546.0,1.0
5824,26.475068,1199.0,546.0,1.0
5825,26.475372,1199.0,546.0,1.0
5826,26.484392,1200.25,546.0,1.0
5827,26.484678,1200.25,546.0,1.0
5828,26.495032,1201.5,546.0,1.0
5829,26.495336,1201.5,546.0,1.0
5830,26.504428,1202.0,546.0,1.0
5831,26.504724,1202.0,546.0,1.0
5832,26.510802,1202.5,546.0,1.0
5833,26.511096,1202.5,546.0,1.0
5834,26.514948,1202.5,546.0,1.0
5835,26.515244,1202.5,546.0,1.0
5836,26.524492,1203.25,546.0,1.0
5837,26.524794,1203.25,546.0,1.0
5838,26.535264,1201.75,546.0,1.0
5839,26.53556,1201.75,546.0,1.0
5840,26.544332,1199.75,546.0,1.0
5841,26.544628,1199.75,546.0,1.0
5842,26.555138,1198.5,546.0,1.0
5843,26.555728,1198.5,546.0,1.0
5844,26.564386,1197.75,546.0,1.0
5845,26.564672,1197.75,546.0,1.0
5846,26.57529,1196.75,546.0,1.0
5847,26.575584,1196.75,546.0,1.0
5848,26.584736,1198.75,546.0,1.0
5849,26.58503,1198.75,546.0,1.0
5850,26.594762,1201.0,546.0,1.0
5851,26.595336,1201.0,546.0,1.0
5852,26.60438,1200.75,546.0,1.0
5853,26.604666,1200.75,546.0,1.0
5854,26.610932,1199.75,546.0,1.0
5855,26.611228,1199.75,546.0,1.0
5856,26.615316,1199.75,546.0,1.0
5857,26.615612,1199.75,546.0,1.0
5858,26.624532,1199.75,546.0,1.0
5859,26.625,1199.75,546.0,1.0
5860,26.634828,1198.75,546.0,1.0
5861,26.63573,1198.75,546.0,1.0
5862,26.64425,1198.25,546.0,1.0
5863,26.64475,1198.25,546.0,1.0
5864,26.655334,1199.0,546.0,1.0
5865,26.65603,1199.0,546.0,1.0
5866,26.664756,1200.0,546.0,1.0
5867,26.66541,1200.0,546.0,1.0
5868,26.675052,1200.0,546.0,1.0
5869,26.67624,1200.0,546.0,1.0
5870,26.684384,1200.25,546.0,1.0
5871,26.684924,1200.25,546.0,1.0
5872,26.695008,1200.25,546.0,1.0
5873,26.695572,1200.25,546.0,1.0
5874,26.704708,1198.75,546.0,1.0
5875,26.704986,1198.75,546.0,1.0
5876,26.71081,1198.0,546.0,1.0
5877,26.711096,1198.0,546.0,1.0
5878,26.715036,1198.0,546.0,1.0
5879,26.715504,1198.0,546.0,1.0
5880,26.724484,1198.75,546.0,1.0
5881,26.724768,1198.75,546.0,1.0
5882,26.735148,1199.5,546.0,1.0
5883,26.735894,1199.5,546.0,1.0
5884,26.744308,1199.75,546.0,1.0
5885,26.744594,1199.75,546.0,1.0
5886,26.755104,1201.0,546.0,1.0
5887,26.755686,1201.0,546.0,1.0
5888,26.764764,1201.75,546.0,1.0
5889,26.765066,1201.75,546.0,1.0
5890,26.775322,1200.5,546.0,1.0
5891,26.775624,1200.5,546.0,1.0
5892,26.784416,1200.0,546.0,1.0
5893,26.784702,1200.0,546.0,1.0
5894,26.794728,1199.5,546.0,1.0
5895,26.795024,1199.5,546.0,1.0
5896,26.80446,1198.25,546.0,1.0
5897,26.804748,1198.25,546.0,1.0
5898,26.810844,1197.75,546.0,1.0
5899,26.811138,1197.75,546.0,1.0
5900,26.815324,1197.75,546.0,1.0
5901,26.815972,1197.75,546.0,1.0
5902,26.824474,1198.5,546.0,1.0
5903,26.82476,1198.5,546.0,1.0
5904,26.834878,1199.25,546.0,1.0
5905,26.835172,1199.25,546.0,1.0
5906,26.844266,1199.75,546.0,1.0
5907,26.844724,1199.75,546.0,1.0
5908,26.855488,1200.5,546.0,1.0
5909,26.856848,1200.5,546.0,1.0
5910,26.864508,1200.25,546.0,1.0
5911,26.864796,1200.25,546.0,1.0
5912,26.875092,1199.25,546.0,1.0
5913,26.875436,1199.25,546.0,1.0
5914,26.884424,1200.5,546.0,1.0
5915,26.884702,1200.5,546.0,1.0
5916,26.895016,1200.75,546.0,1.0
5917,26.895302,1200.75,546.0,1.0
5918,26.904412,1199.25,546.0,1.0
5919,26.904698,1199.25,546.0,1.0
5920,26.910842,1198.75,546.0,1.0
5921,26.911136,1198.75,546.0,1.0
5922,26.914988,1198.75,546.0,1.0
5923,26.915292,1198.75,546.0,1.0
5924,26.924352,1200.5,546.0,1.0
5925,26.92463,1200.5,546.0,1.0
5926,26.935172,1201.75,546.0,1.0
5927,26.935484,1201.75,546.0,1.0
5928,26.944232,1201.25,546.0,1.0
5929,26.944512,1201.25,546.0,1.0
5930,26.955056,1201.0,546.0,1.0
5931,26.955644,1201.0,546.0,1.0
5932,26.964762,1201.75,546.0,1.0
5933,26.965072,1201.75,546.0,1.0
5934,26.97546,1201.25,546.0,1.0
5935,26.975756,1201.25,546.0,1.0
5936,26.984382,1202.25,546.0,1.0
5937,26.984668,1202.25,546.0,1.0
5938,26.994736,1203.0,546.0,1.0
5939,26.995252,1203.0,546.0,1.0
5940,27.004396,1202.0,546.0,1.0
5941,27.004846,1202.0,546.0,1.0
5942,27.010826,1201.0,546.0,1.0
5943,27.011112,1201.0,546.0,1.0
5944,27.015192,1201.0,546.0,1.0
5945,27.015496,1201.0,546.0,1.0
5946,27.02436,1200.0,546.0,1.0
5947,27.024646,1200.0,546.0,1.0
5948,27.034844,1198.25,546.0,1.0
5949,27.03518,1198.25,546.0,1.0
5950,27.044248,1197.0,546.0,1.0
5951,27.044584,1197.0,546.0,1.0
5952,27.055464,1197.0,546.0,1.0
5953,27.056316,1197.0,546.0,1.0
5954,27.064452,1197.5,546.0,1.0
5955,27.064728,1197.5,546.0,1.0
5956,27.075166,1197.5,546.0,1.0
5957,27.075468,1197.5,546.0,1.0
5958,27.08476,1199.25,546.0,1.0
5959,27.085052,1199.25,546.0,1.0
5960,27.095088,1200.25,546.0,1.0
5961,27.095392,1200.25,546.0,1.0
5962,27.104354,1199.75,546.0,1.0
5963,27.104656,1199.75,546.0,1.0
5964,27.110816,1199.0,546.0,1.0
5965,27.111104,1199.0,546.0,1.0
5966,27.115028,1199.0,546.0,1.0
5967,27.11561,1199.0,546.0,1.0
5968,27.124532,1199.5,546.0,1.0
5969,27.124826,1199.5,546.0,1.0
5970,27.135132,1199.5,546.0,1.0
5971,27.135434,1199.5,546.0,1.0
5972,27.144324,1199.0,546.0,1.0
5973,27.144608,1199.0,546.0,1.0
5974,27.155128,1199.0,546.0,1.0
5975,27.155708,1199.0,546.0,1.0
5976,27.164508,1199.25,546.0,1.0
5977,27.164786,1199.25,546.0,1.0
5978,27.175568,1199.0,546.0,1.0
5979,27.175862,1199.0,546.0,1.0
5980,27.184758,1201.25,546.0,1.0
5981,27.185052,1201.25,546.0,1.0
5982,27.194776,1203.25,546.0,1.0
5983,27.195072,1203.25,546.0,1.0
5984,27.20442,1202.75,546.0,1.0
5985,27.204706,1202.75,546.0,1.0
5986,27.210908,1202.25,546.0,1.0
5987,27.211202,1202.25,546.0,1.0
5988,27.215208,1202.25,546.0,1.0
5989,27.215504,1202.25,546.0,1.0
5990,27.224702,1202.25,546.0,1.0
5991,27.224988,1202.25,546.0,1.0
5992,27.23491,1201.0,546.0,1.0
5993,27.235212,1201.0,546.0,1.0
5994,27.24428,1198.75,546.0,1.0
5995,27.244584,1198.75,546.0,1.0
5996,27.255406,1198.0,546.0,1.0
5997,27.256086,1198.0,546.0,1.0
5998,27.26445,1198.75,546.0,1.0
5999,27.26907,1198.75,546.0,1.0
6000,27.275214,1199.0,546.0,1.0
6001,27.276722,1199.0,546.0,1.0
6002,27.284406,1200.75,546.0,1.0
6003,27.284692,1200.75,546.0,1.0
6004,27.295154,1202.0,546.0,1.0
6005,27.295448,1202.0,546.0,1.0
6006,27.304386,1201.75,546.0,1.0
6007,27.30496,1201.75,546.0,1.0
6008,27.31098,1201.0,546.0,1.0
6009,27.311276,1201.0,546.0,1.0
6010,27.315012,1201.0,546.0,1.0
6011,27.315306,1201.0,546.0,1.0
6012,27.324768,1200.5,546.0,1.0
6013,27.325054,1200.5,546.0,1.0
6014,27.33532,1200.25,546.0,1.0
6015,27.335614,1200.25,546.0,1.0
6016,27.344256,1200.0,546.0,1.0
6017,27.344592,1200.0,546.0,1.0
6018,27.355096,1200.25,546.0,1.0
6019,27.355676,1200.25,546.0,1.0
6020,27.364424,1200.0,546.0,1.0
6021,27.364712,1200.0,546.0,1.0
6022,27.375386,1199.5,546.0,1.0
6023,27.37568,1199.5,546.0,1.0
6024,27.384758,1201.0,546.0,1.0
6025,27.38506,1201.0,546.0,1.0
6026,27.394818,1201.75,546.0,1.0
6027,27.395152,1201.75,546.0,1.0
6028,27.404402,1200.75,546.0,1.0
6029,27.404764,1200.75,546.0,1.0
6030,27.410816,1200.25,546.0,1.0
6031,27.411112,1200.25,546.0,1.0
6032,27.415166,1200.25,546.0,1.0
6033,27.41547,1200.25,546.0,1.0
6034,27.424472,1200.5,546.0,1.0
6035,27.42476,1200.5,546.0,1.0
6036,27.43486,1200.25,546.0,1.0
6037,27.435164,1200.25,546.0,1.0
6038,27.44424,1198.75,546.0,1.0
6039,27.444576,1198.75,546.0,1.0
6040,27.45538,1198.5,546.0,1.0
6041,27.456232,1198.5,546.0,1.0
6042,27.464384,1199.25,546.0,1.0
6043,27.464664,1199.25,546.0,1.0
6044,27.475156,1198.75,546.0,1.0
6045,27.47546,1198.75,546.0,1.0
6046,27.484446,1199.75,546.0,1.0
6047,27.484732,1199.75,546.0,1.0
6048,27.495096,1201.0,546.0,1.0
6049,27.495384,1201.0,546.0,1.0
6050,27.50441,1201.25,546.0,1.0
6051,27.504696,1201.25,546.0,1.0
6052,27.51094,1201.5,546.0,1.0
6053,27.511234,1201.5,546.0,1.0
6054,27.514896,1201.5,546.0,1.0
6055,27.5152,1201.5,546.0,1.0
6056,27.524472,1201.75,546.0,1.0
6057,27.524784,1201.75,546.0,1.0
6058,27.53522,1200.25,546.0,1.0
6059,27.535516,1200.25,546.0,1.0
6060,27.544952,1198.25,546.0,1.0
6061,27.545272,1198.25,546.0,1.0
6062,27.555094,1197.5,546.0,1.0
6063,27.555684,1197.5,546.0,1.0
6064,27.564326,1198.5,546.0,1.0
6065,27.564612,1198.5,546.0,1.0
6066,27.575352,1199.25,546.0,1.0
6067,27.575648,1199.25,546.0,1.0
6068,27.584488,1201.5,546.0,1.0
6069,27.584774,1201.5,546.0,1.0
6070,27.594816,1203.75,546.0,1.0
6071,27.59544,1203.75,546.0,1.0
6072,27.604434,1203.75,546.0,1.0
6073,27.60472,1203.75,546.0,1.0
6074,27.611044,1202.5,546.0,1.0
6075,27.611332,1202.5,546.0,1.0
6076,27.615174,1202.5,546.0,1.0
6077,27.615476,1202.5,546.0,1.0
6078,27.624596,1201.5,546.0,1.0
6079,27.625012,1201.5,546.0,1.0
6080,27.634876,1200.0,546.0,1.0
6081,27.63544,1200.0,546.0,1.0
6082,27.644772,1198.75,546.0,1.0
6083,27.645076,1198.75,546.0,1.0
6084,27.655446,1197.5,546.0,1.0
6085,27.656298,1197.5,546.0,1.0
6086,27.664368,1197.0,546.0,1.0
6087,27.664654,1197.0,546.0,1.0
6088,27.6751,1196.75,546.0,1.0
6089,27.675444,1196.75,546.0,1.0
6090,27.684764,1198.25,546.0,1.0
6091,27.68506,1198.25,546.0,1.0
6092,27.69512,1200.0,546.0,1.0
6093,27.695424,1200.0,546.0,1.0
6094,27.704426,1199.75,546.0,1.0
6095,27.704712,1199.75,546.0,1.0
6096,27.710824,1199.5,546.0,1.0
6097,27.711208,1199.5,546.0,1.0
6098,27.715044,1199.5,546.0,1.0
6099,27.715346,1199.5,546.0,1.0
6100,27.72457,1200.0,546.0,1.0
6101,27.724864,1200.0,546.0,1.0
6102,27.735276,1198.5,546.0,1.0
6103,27.7359,1198.5,546.0,1.0
6104,27.744312,1196.25,546.0,1.0
6105,27.7446,1196.25,546.0,1.0
6106,27.755152,1196.0,546.0,1.0
6107,27.75574,1196.0,546.0,1.0
6108,27.764464,1197.0,546.0,1.0
6109,27.764752,1197.0,546.0,1.0
6110,27.775368,1197.0,546.0,1.0
6111,27.775672,1197.0,546.0,1.0
6112,27.784772,1199.0,546.0,1.0
6113,27.785068,1199.0,546.0,1.0
6114,27.794832,1201.25,546.0,1.0
6115,27.795448,1201.25,546.0,1.0
6116,27.804418,1201.5,546.0,1.0
6117,27.804704,1201.5,546.0,1.0
6118,27.810948,1201.25,546.0,1.0
6119,27.811232,1201.25,546.0,1.0
6120,27.815346,1201.25,546.0,1.0
6121,27.815648,1201.25,546.0,1.0
6122,27.824422,1201.25,546.0,1.0
6123,27.824708,1201.25,546.0,1.0
6124,27.835024,1201.0,546.0,1.0
6125,27.835318,1201.0,546.0,1.0
6126,27.84468,1200.0,546.0,1.0
6127,27.844984,1200.0,546.0,1.0
6128,27.855478,1199.25,546.0,1.0
6129,27.85633,1199.25,546.0,1.0
6130,27.86448,1198.25,546.0,1.0
6131,27.86476,1198.25,546.0,1.0
6132,27.875352,1197.0,546.0,1.0
6133,27.875836,1197.0,546.0,1.0
6134,27.884552,1197.75,546.0,1.0
6135,27.884838,1197.75,546.0,1.0
6136,27.89512,1199.0,546.0,1.0
6137,27.895604,1199.0,546.0,1.0
6138,27.904466,1199.25,546.0,1.0
6139,27.904752,1199.25,546.0,1.0
6140,27.911028,1199.5,546.0,1.0
6141,27.911316,1199.5,546.0,1.0
6142,27.915034,1199.5,546.0,1.0
6143,27.915328,1199.5,546.0,1.0
6144,27.924578,1201.0,546.0,1.0
6145,27.924872,1201.0,546.0,1.0
6146,27.935212,1200.5,546.0,1.0
6147,27.935514,1200.5,546.0,1.0
6148,27.944328,1198.0,546.0,1.0
6149,27.944616,1198.0,546.0,1.0
6150,27.955118,1195.25,546.0,1.0
6151,27.9557,1195.25,546.0,1.0
6152,27.964792,1193.75,546.0,1.0
6153,27.965104,1193.75,546.0,1.0
6154,27.975426,1193.5,546.0,1.0
6155,27.975728,1193.5,546.0,1.0
6156,27.984444,1195.75,546.0,1.0
6157,27.984732,1195.75,546.0,1.0
6158,27.994832,1197.75,546.0,1.0
6159,27.995292,1197.75,546.0,1.0
6160,28.004458,1198.25,546.0,1.0
6161,28.004908,1198.25,546.0,1.0
6162,28.01084,1199.0,546.0,1.0
6163,28.011134,1199.0,546.0,1.0
6164,28.015362,1199.0,545.0,1.0
6165,28.01568,1199.0,545.0,1.0
6166,28.024536,1200.0,545.0,1.0
6167,28.024824,1200.0,545.0,1.0
6168,28.034948,1198.75,545.0,1.0
6169,28.0354,1198.75,545.0,1.0
6170,28.044402,1197.0,545.0,1.0
6171,28.044688,1197.0,545.0,1.0
6172,28.055452,1196.5,545.0,1.0
6173,28.056312,1196.5,545.0,1.0
6174,28.06489,1196.25,545.0,1.0
6175,28.065202,1196.25,545.0,1.0
6176,28.075122,1194.0,545.0,1.0
6177,28.075744,1194.0,545.0,1.0
6178,28.08478,1193.75,545.0,1.0
6179,28.0851,1193.75,545.0,1.0
6180,28.095152,1195.0,545.0,1.0
6181,28.095438,1195.0,545.0,1.0
6182,28.104432,1195.25,545.0,1.0
6183,28.104752,1195.25,545.0,1.0
6184,28.110988,1196.0,545.0,1.0
6185,28.111272,1196.0,545.0,1.0
6186,28.115148,1196.0,545.0,1.0
6187,28.115444,1196.0,545.0,1.0
6188,28.124652,1197.75,545.0,1.0
6189,28.12493,1197.75,545.0,1.0
6190,28.1353,1199.0,545.0,1.0
6191,28.135596,1199.0,545.0,1.0
6192,28.144288,1199.5,545.0,1.0
6193,28.14486,1199.5,545.0,1.0
6194,28.155116,1198.75,545.0,1.0
6195,28.1557,1198.75,545.0,1.0
6196,28.1648,1198.25,545.0,1.0
6197,28.165104,1198.25,545.0,1.0
6198,28.175384,1197.25,545.0,1.0
6199,28.175688,1197.25,545.0,1.0
6200,28.184502,1198.5,545.0,1.0
6201,28.184788,1198.5,545.0,1.0
6202,28.194972,1200.0,545.0,1.0
6203,28.195274,1200.0,545.0,1.0
6204,28.20444,1199.25,545.0,1.0
6205,28.204728,1199.25,545.0,1.0
6206,28.21088,1199.0,545.0,1.0
6207,28.211168,1199.0,545.0,1.0
6208,28.215468,1199.0,545.0,1.0
6209,28.215762,1199.0,545.0,1.0
6210,28.224462,1199.5,545.0,1.0
6211,28.224748,1199.5,545.0,1.0
6212,28.235038,1198.75,545.0,1.0
6213,28.23534,1198.75,545.0,1.0
6214,28.244484,1197.0,545.0,1.0
6215,28.24477,1197.0,545.0,1.0
6216,28.255468,1195.75,545.0,1.0
6217,28.256328,1195.75,545.0,1.0
6218,28.264808,1195.5,545.0,1.0
6219,28.267266,1195.5,545.0,1.0
6220,28.275212,1194.25,545.0,1.0
6221,28.276376,1194.25,545.0,1.0
6222,28.284388,1194.25,545.0,1.0
6223,28.284674,1194.25,545.0,1.0
6224,28.295356,1195.5,545.0,1.0
6225,28.29566,1195.5,545.0,1.0
6226,28.304424,1195.25,545.0,1.0
6227,28.304712,1195.25,545.0,1.0
6228,28.310856,1195.75,545.0,1.0
6229,28.311142,1195.75,545.0,1.0
6230,28.315312,1195.75,545.0,1.0
6231,28.315616,1195.75,545.0,1.0
6232,28.324544,1197.75,545.0,1.0
6233,28.324824,1197.75,545.0,1.0
6234,28.33557,1198.5,545.0,1.0
6235,28.335874,1198.5,545.0,1.0
6236,28.344696,1198.5,545.0,1.0
6237,28.345,1198.5,545.0,1.0
6238,28.355174,1198.75,545.0,1.0
6239,28.355764,1198.75,545.0,1.0
6240,28.364906,1199.25,545.0,1.0
6241,28.365208,1199.25,545.0,1.0
6242,28.375424,1198.0,545.0,1.0
6243,28.37572,1198.0,545.0,1.0
6244,28.385042,1197.25,545.0,1.0
6245,28.385336,1197.25,545.0,1.0
6246,28.395004,1197.25,545.0,1.0
6247,28.395298,1197.25,545.0,1.0
6248,28.404506,1195.75,545.0,1.0
6249,28.404792,1195.75,545.0,1.0
6250,28.411036,1195.25,545.0,1.0
6251,28.411322,1195.25,545.0,1.0
6252,28.415376,1195.25,545.0,1.0
6253,28.41568,1195.25,545.0,1.0
6254,28.424576,1196.5,545.0,1.0
6255,28.424864,1196.5,545.0,1.0
6256,28.434972,1198.0,545.0,1.0
6257,28.435276,1198.0,545.0,1.0
6258,28.444384,1198.5,545.0,1.0
6259,28.444786,1198.5,545.0,1.0
6260,28.455452,1197.75,545.0,1.0
6261,28.45623,1197.75,545.0,1.0
6262,28.464816,1197.75,545.0,1.0
6263,28.465128,1197.75,545.0,1.0
6264,28.475342,1197.0,545.0,1.0
6265,28.475644,1197.0,545.0,1.0
6266,28.484526,1197.25,545.0,1.0
6267,28.484812,1197.25,545.0,1.0
6268,28.495208,1197.75,545.0,1.0
6269,28.495504,1197.75,545.0,1.0
6270,28.504556,1196.5,545.0,1.0
6271,28.504834,1196.5,545.0,1.0
6272,28.510856,1196.25,545.0,1.0
6273,28.51115,1196.25,545.0,1.0
6274,28.515204,1196.25,545.0,1.0
6275,28.5155,1196.25,545.0,1.0
6276,28.524536,1197.0,545.0,1.0
6277,28.524822,1197.0,545.0,1.0
6278,28.53534,1196.0,545.0,1.0
6279,28.535644,1196.0,545.0,1.0
6280,28.544458,1194.75,545.0,1.0
6281,28.544744,1194.75,545.0,1.0
6282,28.55524,1195.0,545.0,1.0
6283,28.555828,1195.0,545.0,1.0
6284,28.564816,1196.5,545.0,1.0
6285,28.565118,1196.5,545.0,1.0
6286,28.575532,1196.75,545.0,1.0
6287,28.575834,1196.75,545.0,1.0
6288,28.584796,1198.5,545.0,1.0
6289,28.5851,1198.5,545.0,1.0
6290,28.594962,1200.5,545.0,1.0
6291,28.595256,1200.5,545.0,1.0
6292,28.604506,1199.5,545.0,1.0
6293,28.604792,1199.5,545.0,1.0
6294,28.611018,1197.25,545.0,1.0
6295,28.611312,1197.25,545.0,1.0
6296,28.615384,1197.25,545.0,1.0
6297,28.615688,1197.25,545.0,1.0
6298,28.624592,1196.25,545.0,1.0
6299,28.625076,1196.25,545.0,1.0
6300,28.634996,1196.0,545.0,1.0
6301,28.636012,1196.0,545.0,1.0
6302,28.644712,1196.0,545.0,1.0
6303,28.645008,1196.0,545.0,1.0
6304,28.655542,1196.25,545.0,1.0
6305,28.65668,1196.25,545.0,1.0
6306,28.664578,1197.0,545.0,1.0
6307,28.664864,1197.0,545.0,1.0
6308,28.675236,1197.25,545.0,1.0
6309,28.675538,1197.25,545.0,1.0
6310,28.684804,1197.75,545.0,1.0
6311,28.6851,1197.75,545.0,1.0
6312,28.695216,1198.5,545.0,1.0
6313,28.69552,1198.5,545.0,1.0
6314,28.704488,1197.0,545.0,1.0
6315,28.704776,1197.0,545.0,1.0
6316,28.71101,1195.25,545.0,1.0
6317,28.711296,1195.25,545.0,1.0
6318,28.715122,1195.25,545.0,1.0
6319,28.715416,1195.25,545.0,1.0
6320,28.725002,1195.25,545.0,1.0
6321,28.725288,1195.25,545.0,1.0
6322,28.735364,1195.75,545.0,1.0
6323,28.736192,1195.75,545.0,1.0
6324,28.744712,1196.25,545.0,1.0
6325,28.745016,1196.25,545.0,1.0
6326,28.755296,1197.25,545.0,1.0
6327,28.756148,1197.25,545.0,1.0
6328,28.764824,1198.75,545.0,1.0
6329,28.765126,1198.75,545.0,1.0
6330,28.775636,1199.0,545.0,1.0
6331,28.776218,1199.0,545.0,1.0
6332,28.784582,1199.5,545.0,1.0
6333,28.784868,1199.5,545.0,1.0
6334,28.79496,1200.25,545.0,1.0
6335,28.795256,1200.25,545.0,1.0
6336,28.80458,1199.75,545.0,1.0
6337,28.804866,1199.75,545.0,1.0
6338,28.81087,1199.0,545.0,1.0
6339,28.811164,1199.0,545.0,1.0
6340,28.815392,1199.0,545.0,1.0
6341,28.815688,1199.0,545.0,1.0
6342,28.824888,1199.0,545.0,1.0
6343,28.825164,1199.0,545.0,1.0
6344,28.835144,1198.5,545.0,1.0
6345,28.835446,1198.5,545.0,1.0
6346,28.844498,1198.0,545.0,1.0
6347,28.844784,1198.0,545.0,1.0
6348,28.8556,1198.0,545.0,1.0
6349,28.856942,1198.0,545.0,1.0
6350,28.864824,1198.5,545.0,1.0
6351,28.865134,1198.5,545.0,1.0
6352,28.8754,1197.25,545.0,1.0
6353,28.875702,1197.25,545.0,1.0
6354,28.884812,1197.0,545.0,1.0
6355,28.885114,1197.0,545.0,1.0
6356,28.895224,1198.25,545.0,1.0
6357,28.895536,1198.25,545.0,1.0
6358,28.904914,1197.75,545.0,1.0
6359,28.905208,1197.75,545.0,1.0
6360,28.910862,1196.25,545.0,1.0
6361,28.911148,1196.25,545.0,1.0
6362,28.915064,1196.25,545.0,1.0
6363,28.915368,1196.25,545.0,1.0
6364,28.924788,1196.5,545.0,1.0
6365,28.925076,1196.5,545.0,1.0
6366,28.935308,1197.0,545.0,1.0
6367,28.935602,1197.0,545.0,1.0
6368,28.944408,1197.25,545.0,1.0
6369,28.944696,1197.25,545.0,1.0
6370,28.955222,1197.0,545.0,1.0
6371,28.955836,1197.0,545.0,1.0
6372,28.964512,1197.25,545.0,1.0
6373,28.96479,1197.25,545.0,1.0
6374,28.975546,1196.75,545.0,1.0
6375,28.975856,1196.75,545.0,1.0
6376,28.984508,1197.5,545.0,1.0
6377,28.984796,1197.5,545.0,1.0
6378,28.994944,1199.0,545.0,1.0
6379,28.995248,1199.0,545.0,1.0
6380,29.004612,1198.5,545.0,1.0
6381,29.005176,1198.5,545.0,1.0
6382,29.011024,1197.5,545.0,1.0
6383,29.011312,1197.5,545.0,1.0
6384,29.015392,1197.5,545.0,1.0
6385,29.015696,1197.5,545.0,1.0
6386,29.024812,1198.5,545.0,1.0
6387,29.0251,1198.5,545.0,1.0
6388,29.035094,1198.75,545.0,1.0
6389,29.035676,1198.75,545.0,1.0
6390,29.044432,1198.75,545.0,1.0
6391,29.044712,1198.75,545.0,1.0
6392,29.0555,1198.75,545.0,1.0
6393,29.056352,1198.75,545.0,1.0
6394,29.064486,1199.0,545.0,1.0
6395,29.064772,1199.0,545.0,1.0
6396,29.07526,1197.75,545.0,1.0
6397,29.07684,1197.75,545.0,1.0
6398,29.084598,1197.75,545.0,1.0
6399,29.085024,1197.75,545.0,1.0
6400,29.09528,1198.0,545.0,1.0
6401,29.095584,1198.0,545.0,1.0
6402,29.104586,1196.25,545.0,1.0
6403,29.104864,1196.25,545.0,1.0
6404,29.110902,1195.25,545.0,1.0
6405,29.111196,1195.25,545.0,1.0
6406,29.115024,1195.25,545.0,1.0
6407,29.115318,1195.25,545.0,1.0
6408,29.12474,1196.25,545.0,1.0
6409,29.125024,1196.25,545.0,1.0
6410,29.135282,1197.0,545.0,1.0
6411,29.135576,1197.0,545.0,1.0
6412,29.144424,1197.5,545.0,1.0
6413,29.144712,1197.5,545.0,1.0
6414,29.155236,1198.25,545.0,1.0
6415,29.155828,1198.25,545.0,1.0
6416,29.16483,1199.25,545.0,1.0
6417,29.165142,1199.25,545.0,1.0
6418,29.175554,1198.75,545.0,1.0
6419,29.175856,1198.75,545.0,1.0
6420,29.184828,1199.5,545.0,1.0
6421,29.185294,1199.5,545.0,1.0
6422,29.194984,1201.25,545.0,1.0
6423,29.195296,1201.25,545.0,1.0
6424,29.204544,1201.25,545.0,1.0
6425,29.204824,1201.25,545.0,1.0
6426,29.210868,1200.5,545.0,1.0
6427,29.211156,1200.5,545.0,1.0
6428,29.2154,1200.5,546.0,1.0
6429,29.215704,1200.5,546.0,1.0
6430,29.224756,1200.5,546.0,1.0
6431,29.22504,1200.5,546.0,1.0
6432,29.235076,1200.0,546.0,1.0
6433,29.23538,1200.0,546.0,1.0
6434,29.244728,1198.25,546.0,1.0
6435,29.24503,1198.25,546.0,1.0
6436,29.255548,1195.75,546.0,1.0
6437,29.2564,1195.75,546.0,1.0
6438,29.264592,1195.0,546.0,1.0
6439,29.26601,1195.0,546.0,1.0
6440,29.27534,1194.25,546.0,1.0
6441,29.282852,1194.25,546.0,1.0
6442,29.284876,1196.0,546.0,1.0
6443,29.285688,1196.0,546.0,1.0
6444,29.29524,1199.5,546.0,1.0
6445,29.295542,1199.5,546.0,1.0
6446,29.304512,1201.5,546.0,1.0
6447,29.3048,1201.5,546.0,1.0
6448,29.311024,1203.0,546.0,1.0
6449,29.31132,1203.0,546.0,1.0
6450,29.315236,1203.0,546.0,1.0
6451,29.31553,1203.0,546.0,1.0
6452,29.32468,1204.5,546.0,1.0
6453,29.324968,1204.5,546.0,1.0
6454,29.335396,1203.25,546.0,1.0
6455,29.335692,1203.25,546.0,1.0
6456,29.344432,1200.5,546.0,1.0
6457,29.344718,1200.5,546.0,1.0
6458,29.355196,1197.5,546.0,1.0
6459,29.355778,1197.5,546.0,1.0
6460,29.364846,1196.25,546.0,1.0
6461,29.365148,1196.25,546.0,1.0
6462,29.375552,1194.75,546.0,1.0
6463,29.375848,1194.75,546.0,1.0
6464,29.385146,1196.5,546.0,1.0
6465,29.38544,1196.5,546.0,1.0
6466,29.39496,1200.0,546.0,1.0
6467,29.395264,1200.0,546.0,1.0
6468,29.404454,1201.5,546.0,1.0
6469,29.404732,1201.5,546.0,1.0
6470,29.411008,1201.25,546.0,1.0
6471,29.411296,1201.25,546.0,1.0
6472,29.415504,1201.25,545.0,1.0
6473,29.415808,1201.25,545.0,1.0
6474,29.424754,1200.75,545.0,1.0
6475,29.42504,1200.75,545.0,1.0
6476,29.435052,1199.75,545.0,1.0
6477,29.435356,1199.75,545.0,1.0
6478,29.444488,1197.0,545.0,1.0
6479,29.444776,1197.0,545.0,1.0
6480,29.455516,1194.75,545.0,1.0
6481,29.456096,1194.75,545.0,1.0
6482,29.464536,1194.5,545.0,1.0
6483,29.46482,1194.5,545.0,1.0
6484,29.475356,1194.5,545.0,1.0
6485,29.476324,1194.5,545.0,1.0
6486,29.484448,1196.5,545.0,1.0
6487,29.484736,1196.5,545.0,1.0
6488,29.49528,1200.0,545.0,1.0
6489,29.495582,1200.0,545.0,1.0
6490,29.504602,1201.25,545.0,1.0
6491,29.50488,1201.25,545.0,1.0
6492,29.510918,1201.75,545.0,1.0
6493,29.511228,1201.75,545.0,1.0
6494,29.515152,1201.75,545.0,1.0
6495,29.516088,1201.75,545.0,1.0
6496,29.524728,1203.0,545.0,1.0
6497,29.525016,1203.0,545.0,1.0
6498,29.535494,1203.25,545.0,1.0
6499,29.535788,1203.25,545.0,1.0
6500,29.544742,1202.25,545.0,1.0
6501,29.545036,1202.25,545.0,1.0
6502,29.555268,1200.75,545.0,1.0
6503,29.555852,1200.75,545.0,1.0
6504,29.564584,1200.0,545.0,1.0
6505,29.56487,1200.0,545.0,1.0
6506,29.575576,1198.0,545.0,1.0
6507,29.575872,1198.0,545.0,1.0
6508,29.584834,1197.0,545.0,1.0
6509,29.585136,1197.0,545.0,1.0
6510,29.59504,1197.0,545.0,1.0
6511,29.595344,1197.0,545.0,1.0
6512,29.604584,1197.0,545.0,1.0
6513,29.604872,1197.0,545.0,1.0
6514,29.61104,1197.75,545.0,1.0
6515,29.611328,1197.75,545.0,1.0
6516,29.615424,1197.75,546.0,1.0
6517,29.615726,1197.75,546.0,1.0
6518,29.624672,1199.75,546.0,1.0
6519,29.624958,1199.75,546.0,1.0
6520,29.634952,1201.75,546.0,1.0
6521,29.635526,1201.75,546.0,1.0
6522,29.644742,1203.25,546.0,1.0
6523,29.645036,1203.25,546.0,1.0
6524,29.655548,1203.75,546.0,1.0
6525,29.6564,1203.75,546.0,1.0
6526,29.664854,1203.0,546.0,1.0
6527,29.665164,1203.0,546.0,1.0
6528,29.675404,1200.0,546.0,1.0
6529,29.675716,1200.0,546.0,1.0
6530,29.684628,1198.75,546.0,1.0
6531,29.684916,1198.75,546.0,1.0
6532,29.695328,1199.0,546.0,1.0
6533,29.695632,1199.0,546.0,1.0
6534,29.704616,1198.5,546.0,1.0
6535,29.704896,1198.5,546.0,1.0
6536,29.710884,1197.5,546.0,1.0
6537,29.711172,1197.5,546.0,1.0
6538,29.715192,1197.5,546.0,1.0
6539,29.715496,1197.5,546.0,1.0
6540,29.724712,1199.5,546.0,1.0
6541,29.725008,1199.5,546.0,1.0
6542,29.73551,1201.25,546.0,1.0
6543,29.736248,1201.25,546.0,1.0
6544,29.744472,1201.25,546.0,1.0
6545,29.74475,1201.25,546.0,1.0
6546,29.755244,1200.25,546.0,1.0
6547,29.755892,1200.25,546.0,1.0
6548,29.764852,1200.75,546.0,1.0
6549,29.765164,1200.75,546.0,1.0
6550,29.775692,1200.0,546.0,1.0
6551,29.775994,1200.0,546.0,1.0
6552,29.785136,1200.0,546.0,1.0
6553,29.78544,1200.0,546.0,1.0
6554,29.794984,1200.5,546.0,1.0
6555,29.795278,1200.5,546.0,1.0
6556,29.80452,1200.75,546.0,1.0
6557,29.804796,1200.75,546.0,1.0
6558,29.8109,1200.5,546.0,1.0
6559,29.811188,1200.5,546.0,1.0
6560,29.815422,1200.5,546.0,1.0
6561,29.815716,1200.5,546.0,1.0
6562,29.82472,1201.0,546.0,1.0
6563,29.825008,1201.0,546.0,1.0
6564,29.834912,1200.75,546.0,1.0
6565,29.835386,1200.75,546.0,1.0
6566,29.84475,1200.75,546.0,1.0
6567,29.845044,1200.75,546.0,1.0
6568,29.855628,1201.0,546.0,1.0
6569,29.856694,1201.0,546.0,1.0
6570,29.86496,1201.5,546.0,1.0
6571,29.865264,1201.5,546.0,1.0
6572,29.875404,1200.25,546.0,1.0
6573,29.875708,1200.25,546.0,1.0
6574,29.88485,1199.5,546.0,1.0
6575,29.885144,1199.5,546.0,1.0
6576,29.895312,1199.25,546.0,1.0
6577,29.895606,1199.25,546.0,1.0
6578,29.904528,1197.75,546.0,1.0
6579,29.904804,1197.75,546.0,1.0
6580,29.911048,1195.75,546.0,1.0
6581,29.911344,1195.75,546.0,1.0
6582,29.915414,1195.75,546.0,1.0
6583,29.915724,1195.75,546.0,1.0
6584,29.924704,1195.75,546.0,1.0
6585,29.92499,1195.75,546.0,1.0
6586,29.935336,1197.0,546.0,1.0
6587,29.935632,1197.0,546.0,1.0
6588,29.94475,1198.5,546.0,1.0
6589,29.945068,1198.5,546.0,1.0
6590,29.955276,1200.25,546.0,1.0
6591,29.955964,1200.25,546.0,1.0
6592,29.96491,1202.25,546.0,1.0
6593,29.965212,1202.25,546.0,1.0
6594,29.975502,1202.0,546.0,1.0
6595,29.975796,1202.0,546.0,1.0
6596,29.984556,1202.25,546.0,1.0
6597,29.98484,1202.25,546.0,1.0
6598,29.995016,1202.75,546.0,1.0
6599,29.995312,1202.75,546.0,1.0
6600,30.004576,1201.5,546.0,1.0
6601,30.005132,1201.5,546.0,1.0
6602,30.0109,1199.75,546.0,1.0
6603,30.011196,1199.75,546.0,1.0
6604,30.015406,1199.75,546.0,1.0
6605,30.015708,1199.75,546.0,1.0
6606,30.024604,1200.25,546.0,1.0
6607,30.024892,1200.25,546.0,1.0
6608,30.035116,1201.0,546.0,1.0
6609,30.03542,1201.0,546.0,1.0
6610,30.044488,1200.5,546.0,1.0
6611,30.044774,1200.5,546.0,1.0
6612,30.05553,1199.75,546.0,1.0
6613,30.056382,1199.75,546.0,1.0
6614,30.064868,1200.5,546.0,1.0
6615,30.065172,1200.5,546.0,1.0
6616,30.075412,1200.25,546.0,1.0
6617,30.075716,1200.25,546.0,1.0
6618,30.084848,1200.25,546.0,1.0
6619,30.085152,1200.25,546.0,1.0
6620,30.095302,1201.0,546.0,1.0
6621,30.095604,1201.0,546.0,1.0
6622,30.104502,1200.75,546.0,1.0
6623,30.10478,1200.75,546.0,1.0
6624,30.1109,1200.0,546.0,1.0
6625,30.111196,1200.0,546.0,1.0
6626,30.115078,1200.0,546.0,1.0
6627,30.11538,1200.0,546.0,1.0
6628,30.124752,1200.0,546.0,1.0
6629,30.12504,1200.0,546.0,1.0
6630,30.1355,1200.25,546.0,1.0
6631,30.135804,1200.25,546.0,1.0
6632,30.144764,1201.0,546.0,1.0
6633,30.14506,1201.0,546.0,1.0
6634,30.15526,1201.25,546.0,1.0
6635,30.15584,1201.25,546.0,1.0
6636,30.164632,1201.75,546.0,1.0
6637,30.164918,1201.75,546.0,1.0
6638,30.175632,1201.0,546.0,1.0
6639,30.175928,1201.0,546.0,1.0
6640,30.184848,1201.25,546.0,1.0
6641,30.185152,1201.25,546.0,1.0
6642,30.195112,1202.5,546.0,1.0
6643,30.195416,1202.5,546.0,1.0
6644,30.204576,1202.0,546.0,1.0
6645,30.20487,1202.0,546.0,1.0
6646,30.211104,1200.75,546.0,1.0
6647,30.211392,1200.75,546.0,1.0
6648,30.215438,1200.75,546.0,1.0
6649,30.21574,1200.75,546.0,1.0
6650,30.224696,1201.0,546.0,1.0
6651,30.224982,1201.0,546.0,1.0
6652,30.23514,1200.75,546.0,1.0
6653,30.235444,1200.75,546.0,1.0
6654,30.244764,1199.25,546.0,1.0
6655,30.245348,1199.25,546.0,1.0
6656,30.255604,1198.5,546.0,1.0
6657,30.256734,1198.5,546.0,1.0
6658,30.264556,1199.0,546.0,1.0
6659,30.266932,1199.0,546.0,1.0
6660,30.275492,1199.0,546.0,1.0
6661,30.276084,1199.0,546.0,1.0
6662,30.284964,1200.75,546.0,1.0
6663,30.285258,1200.75,546.0,1.0
6664,30.295318,1203.0,546.0,1.0
6665,30.29562,1203.0,546.0,1.0
6666,30.304632,1203.75,546.0,1.0
6667,30.304912,1203.75,546.0,1.0
6668,30.310908,1203.25,546.0,1.0
6669,30.311194,1203.25,546.0,1.0
6670,30.315144,1203.25,546.0,1.0
6671,30.315446,1203.25,546.0,1.0
6672,30.32498,1203.0,546.0,1.0
6673,30.325268,1203.0,546.0,1.0
6674,30.335418,1201.75,546.0,1.0
6675,30.335712,1201.75,546.0,1.0
6676,30.344872,1199.75,546.0,1.0
6677,30.345166,1199.75,546.0,1.0
6678,30.355292,1198.5,546.0,1.0
6679,30.35588,1198.5,546.0,1.0
6680,30.364876,1198.75,546.0,1.0
6681,30.36518,1198.75,546.0,1.0
6682,30.375624,1199.0,546.0,1.0
6683,30.375928,1199.0,546.0,1.0
6684,30.384864,1200.25,546.0,1.0
6685,30.38516,1200.25,546.0,1.0
6686,30.395056,1202.5,546.0,1.0
6687,30.39536,1202.5,546.0,1.0
6688,30.404592,1203.25,546.0,1.0
6689,30.404878,1203.25,546.0,1.0
6690,30.4109,1202.25,546.0,1.0
6691,30.411194,1202.25,546.0,1.0
6692,30.415446,1202.25,546.0,1.0
6693,30.415748,1202.25,546.0,1.0
6694,30.424892,1200.75,546.0,1.0
6695,30.425168,1200.75,546.0,1.0
6696,30.435116,1199.5,546.0,1.0
6697,30.435418,1199.5,546.0,1.0
6698,30.444772,1198.25,546.0,1.0
6699,30.445068,1198.25,546.0,1.0
6700,30.455596,1198.25,546.0,1.0
6701,30.456724,1198.25,546.0,1.0
6702,30.46458,1199.25,546.0,1.0
6703,30.46508,1199.25,546.0,1.0
6704,30.475412,1201.0,546.0,1.0
6705,30.475706,1201.0,546.0,1.0
6706,30.484864,1204.0,546.0,1.0
6707,30.485308,1204.0,546.0,1.0
6708,30.495292,1207.0,546.0,1.0
6709,30.495596,1207.0,546.0,1.0
6710,30.504542,1206.5,546.0,1.0
6711,30.504828,1206.5,546.0,1.0
6712,30.511072,1203.75,546.0,1.0
6713,30.511366,1203.75,546.0,1.0
6714,30.515176,1203.75,546.0,1.0
6715,30.515478,1203.75,546.0,1.0
6716,30.524932,1202.0,546.0,1.0
6717,30.525218,1202.0,546.0,1.0
6718,30.535434,1199.75,546.0,1.0
6719,30.535728,1199.75,546.0,1.0
6720,30.544772,1197.75,546.0,1.0
6721,30.545076,1197.75,546.0,1.0
6722,30.555308,1197.5,546.0,1.0
6723,30.555896,1197.5,546.0,1.0
6724,30.564588,1199.0,546.0,1.0
6725,30.564868,1199.0,546.0,1.0
6726,30.57568,1199.0,546.0,1.0
6727,30.575984,1199.0,546.0,1.0
6728,30.584964,1199.5,546.0,1.0
6729,30.585256,1199.5,546.0,1.0
6730,30.595064,1201.25,546.0,1.0
6731,30.59553,1201.25,546.0,1.0
6732,30.604558,1201.75,546.0,1.0
6733,30.604844,1201.75,546.0,1.0
6734,30.610898,1201.5,546.0,1.0
6735,30.611184,1201.5,546.0,1.0
6736,30.61547,1201.5,547.0,1.0
6737,30.615772,1201.5,547.0,1.0
6738,30.62516,1202.25,547.0,1.0
6739,30.625448,1202.25,547.0,1.0
6740,30.635114,1202.5,547.0,1.0
6741,30.63595,1202.5,547.0,1.0
6742,30.644872,1202.5,547.0,1.0
6743,30.645174,1202.5,547.0,1.0
6744,30.65562,1202.0,547.0,1.0
6745,30.656748,1202.0,547.0,1.0
6746,30.664884,1202.25,547.0,1.0
6747,30.665196,1202.25,547.0,1.0
6748,30.675484,1201.25,547.0,1.0
6749,30.675788,1201.25,547.0,1.0
6750,30.68488,1202.0,547.0,1.0
6751,30.685454,1202.0,547.0,1.0
6752,30.695408,1203.5,547.0,1.0
6753,30.695702,1203.5,547.0,1.0
6754,30.704516,1203.5,547.0,1.0
6755,30.704812,1203.5,547.0,1.0
6756,30.710906,1201.75,547.0,1.0
6757,30.711192,1201.75,547.0,1.0
6758,30.715184,1201.75,547.0,1.0
6759,30.715478,1201.75,547.0,1.0
6760,30.72502,1200.75,547.0,1.0
6761,30.725308,1200.75,547.0,1.0
6762,30.73536,1200.0,547.0,1.0
6763,30.736112,1200.0,547.0,1.0
6764,30.745068,1199.25,547.0,1.0
6765,30.745362,1199.25,547.0,1.0
6766,30.755356,1198.5,547.0,1.0
6767,30.756208,1198.5,547.0,1.0
6768,30.764596,1199.0,547.0,1.0
6769,30.764876,1199.0,547.0,1.0
6770,30.775444,1199.5,547.0,1.0
6771,30.775746,1199.5,547.0,1.0
6772,30.784872,1201.75,547.0,1.0
6773,30.785176,1201.75,547.0,1.0
6774,30.795136,1204.75,547.0,1.0
6775,30.795432,1204.75,547.0,1.0
6776,30.804582,1205.0,547.0,1.0
6777,30.804868,1205.0,547.0,1.0
6778,30.811104,1204.0,547.0,1.0
6779,30.811388,1204.0,547.0,1.0
6780,30.815346,1204.0,547.0,1.0
6781,30.81564,1204.0,547.0,1.0
6782,30.824972,1204.0,547.0,1.0
6783,30.82526,1204.0,547.0,1.0
6784,30.83518,1202.75,547.0,1.0
6785,30.835638,1202.75,547.0,1.0
6786,30.84478,1200.75,547.0,1.0
6787,30.845362,1200.75,547.0,1.0
6788,30.855724,1199.5,547.0,1.0
6789,30.856806,1199.5,547.0,1.0
6790,30.864908,1200.0,547.0,1.0
6791,30.865212,1200.0,547.0,1.0
6792,30.875508,1199.5,547.0,1.0
6793,30.87609,1199.5,547.0,1.0
6794,30.88497,1199.0,547.0,1.0
6795,30.885272,1199.0,547.0,1.0
6796,30.895448,1199.25,547.0,1.0
6797,30.895742,1199.25,547.0,1.0
6798,30.904524,1198.25,547.0,1.0
6799,30.904804,1198.25,547.0,1.0
6800,30.910922,1197.0,547.0,1.0
6801,30.911208,1197.0,547.0,1.0
6802,30.915264,1197.0,547.0,1.0
6803,30.91556,1197.0,547.0,1.0
6804,30.92484,1197.5,547.0,1.0
6805,30.92512,1197.5,547.0,1.0
6806,30.93544,1198.75,547.0,1.0
6807,30.935736,1198.75,547.0,1.0
6808,30.944878,1200.25,547.0,1.0
6809,30.94518,1200.25,547.0,1.0
6810,30.955324,1200.5,547.0,1.0
6811,30.956184,1200.5,547.0,1.0
6812,30.9649,1200.75,547.0,1.0
6813,30.965202,1200.75,547.0,1.0
6814,30.975796,1200.25,547.0,1.0
6815,30.97609,1200.25,547.0,1.0
6816,30.98488,1201.0,547.0,1.0
6817,30.985176,1201.0,547.0,1.0
6818,30.995062,1202.5,547.0,1.0
6819,30.995604,1202.5,547.0,1.0
6820,31.004622,1202.75,547.0,1.0
6821,31.004934,1202.75,547.0,1.0
6822,31.010964,1202.25,547.0,1.0
6823,31.011274,1202.25,547.0,1.0
6824,31.015468,1202.25,546.0,1.0
6825,31.015772,1202.25,546.0,1.0
6826,31.024956,1202.5,546.0,1.0
6827,31.025232,1202.5,546.0,1.0
6828,31.035376,1201.5,546.0,1.0
6829,31.035678,1201.5,546.0,1.0
6830,31.044796,1200.0,546.0,1.0
6831,31.045092,1200.0,546.0,1.0
6832,31.055584,1199.5,546.0,1.0
6833,31.056716,1199.5,546.0,1.0
6834,31.064996,1200.75,546.0,1.0
6835,31.0653,1200.75,546.0,1.0
6836,31.075564,1201.25,546.0,1.0
6837,31.075868,1201.25,546.0,1.0
6838,31.084888,1203.0,546.0,1.0
6839,31.085182,1203.0,546.0,1.0
6840,31.095372,1204.25,546.0,1.0
6841,31.095668,1204.25,546.0,1.0
6842,31.104606,1203.25,546.0,1.0
6843,31.104892,1203.25,546.0,1.0
6844,31.111102,1201.75,546.0,1.0
6845,31.111388,1201.75,546.0,1.0
6846,31.115182,1201.75,546.0,1.0
6847,31.115484,1201.75,546.0,1.0
6848,31.12475,1201.75,546.0,1.0
6849,31.125028,1201.75,546.0,1.0
6850,31.135448,1202.25,546.0,1.0
6851,31.135744,1202.25,546.0,1.0
6852,31.144796,1202.75,546.0,1.0
6853,31.145524,1202.75,546.0,1.0
6854,31.155372,1203.5,546.0,1.0
6855,31.15596,1203.5,546.0,1.0
6856,31.164908,1203.5,546.0,1.0
6857,31.165218,1203.5,546.0,1.0
6858,31.17572,1201.5,546.0,1.0
6859,31.176016,1201.5,546.0,1.0
6860,31.184684,1200.25,546.0,1.0
6861,31.184968,1200.25,546.0,1.0
6862,31.195086,1200.5,546.0,1.0
6863,31.195388,1200.5,546.0,1.0
6864,31.204712,1200.0,546.0,1.0
6865,31.205,1200.0,546.0,1.0
6866,31.21093,1198.25,546.0,1.0
6867,31.211216,1198.25,546.0,1.0
6868,31.215542,1198.25,547.0,1.0
6869,31.215836,1198.25,547.0,1.0
6870,31.22475,1198.25,547.0,1.0
6871,31.225036,1198.25,547.0,1.0
6872,31.235212,1198.75,547.0,1.0
6873,31.235514,1198.75,547.0,1.0
6874,31.244608,1199.25,547.0,1.0
6875,31.244886,1199.25,547.0,1.0
6876,31.255452,1199.25,547.0,1.0
6877,31.256036,1199.25,547.0,1.0
6878,31.264908,1199.75,547.0,1.0
6879,31.266676,1199.75,547.0,1.0
6880,31.275712,1200.0,547.0,1.0
6881,31.276662,1200.0,547.0,1.0
6882,31.284888,1201.25,547.0,1.0
6883,31.28519,1201.25,547.0,1.0
6884,31.295388,1202.0,547.0,1.0
6885,31.2957,1202.0,547.0,1.0
6886,31.304736,1200.75,547.0,1.0
6887,31.305024,1200.75,547.0,1.0
6888,31.310928,1199.75,547.0,1.0
6889,31.311216,1199.75,547.0,1.0
6890,31.315328,1199.75,546.0,1.0
6891,31.315624,1199.75,546.0,1.0
6892,31.324716,1200.0,546.0,1.0
6893,31.324996,1200.0,546.0,1.0
6894,31.335792,1199.0,546.0,1.0
6895,31.336088,1199.0,546.0,1.0
6896,31.344804,1197.75,546.0,1.0
6897,31.345098,1197.75,546.0,1.0
6898,31.355404,1197.5,546.0,1.0
6899,31.356264,1197.5,546.0,1.0
6900,31.364702,1198.5,546.0,1.0
6901,31.364988,1198.5,546.0,1.0
6902,31.375728,1199.0,546.0,1.0
6903,31.376032,1199.0,546.0,1.0
6904,31.384896,1200.5,546.0,1.0
6905,31.38519,1200.5,546.0,1.0
6906,31.395086,1202.5,546.0,1.0
6907,31.39538,1202.5,546.0,1.0
6908,31.404696,1202.5,546.0,1.0
6909,31.404982,1202.5,546.0,1.0
6910,31.41115,1201.75,546.0,1.0
6911,31.411444,1201.75,546.0,1.0
6912,31.415476,1201.75,546.0,1.0
6913,31.415772,1201.75,546.0,1.0
6914,31.42479,1201.25,546.0,1.0
6915,31.425068,1201.25,546.0,1.0
6916,31.435128,1201.75,546.0,1.0
6917,31.43571,1201.75,546.0,1.0
6918,31.444804,1202.5,546.0,1.0
6919,31.445106,1202.5,546.0,1.0
6920,31.455648,1203.0,546.0,1.0
6921,31.45678,1203.0,546.0,1.0
6922,31.464914,1204.5,546.0,1.0
6923,31.465218,1204.5,546.0,1.0
6924,31.475408,1204.5,546.0,1.0
6925,31.4759,1204.5,546.0,1.0
6926,31.484674,1204.75,546.0,1.0
6927,31.48496,1204.75,546.0,1.0
6928,31.495348,1204.25,546.0,1.0
6929,31.495644,1204.25,546.0,1.0
6930,31.50476,1201.0,546.0,1.0
6931,31.505048,1201.0,546.0,1.0
6932,31.510936,1197.5,546.0,1.0
6933,31.511232,1197.5,546.0,1.0
6934,31.515304,1197.5,547.0,1.0
6935,31.515608,1197.5,547.0,1.0
6936,31.524748,1196.5,547.0,1.0
6937,31.525036,1196.5,547.0,1.0
6938,31.535464,1197.25,547.0,1.0
6939,31.53576,1197.25,547.0,1.0
6940,31.5449,1198.5,547.0,1.0
6941,31.545196,1198.5,547.0,1.0
6942,31.555388,1199.5,547.0,1.0
6943,31.555968,1199.5,547.0,1.0
6944,31.564914,1200.5,547.0,1.0
6945,31.565224,1200.5,547.0,1.0
6946,31.575688,1200.5,547.0,1.0
6947,31.575982,1200.5,547.0,1.0
6948,31.584904,1201.0,547.0,1.0
6949,31.585198,1201.0,547.0,1.0
6950,31.595076,1201.75,547.0,1.0
6951,31.59566,1201.75,547.0,1.0
6952,31.604736,1201.75,547.0,1.0
6953,31.605022,1201.75,547.0,1.0
6954,31.61096,1202.0,547.0,1.0
6955,31.611272,1202.0,547.0,1.0
6956,31.615484,1202.0,546.0,1.0
6957,31.615778,1202.0,546.0,1.0
6958,31.62497,1202.5,546.0,1.0
6959,31.625256,1202.5,546.0,1.0
6960,31.63516,1201.75,546.0,1.0
6961,31.6362,1201.75,546.0,1.0
6962,31.644812,1201.25,546.0,1.0
6963,31.645432,1201.25,546.0,1.0
6964,31.655624,1201.0,546.0,1.0
6965,31.656738,1201.0,546.0,1.0
6966,31.665012,1201.5,546.0,1.0
6967,31.667272,1201.5,546.0,1.0
6968,31.675416,1201.0,546.0,1.0
6969,31.676728,1201.0,546.0,1.0
6970,31.684902,1201.5,546.0,1.0
6971,31.685722,1201.5,546.0,1.0
6972,31.695404,1203.25,546.0,1.0
6973,31.6957,1203.25,546.0,1.0
6974,31.704712,1202.25,546.0,1.0
6975,31.704996,1202.25,546.0,1.0
6976,31.711092,1200.25,546.0,1.0
6977,31.711388,1200.25,546.0,1.0
6978,31.715572,1200.25,546.0,1.0
6979,31.715868,1200.25,546.0,1.0
6980,31.72478,1199.0,546.0,1.0
6981,31.725158,1199.0,546.0,1.0
6982,31.735464,1198.25,546.0,1.0
6983,31.736036,1198.25,546.0,1.0
6984,31.744812,1196.75,546.0,1.0
6985,31.745114,1196.75,546.0,1.0
6986,31.755516,1195.5,546.0,1.0
6987,31.756368,1195.5,546.0,1.0
6988,31.764922,1196.25,546.0,1.0
6989,31.765232,1196.25,546.0,1.0
6990,31.775694,1197.5,546.0,1.0
6991,31.775996,1197.5,546.0,1.0
6992,31.784664,1200.25,546.0,1.0
6993,31.785024,1200.25,546.0,1.0
6994,31.795118,1202.75,546.0,1.0
6995,31.79542,1202.75,546.0,1.0
6996,31.804694,1202.75,546.0,1.0
6997,31.80498,1202.75,546.0,1.0
6998,31.810952,1202.5,546.0,1.0
6999,31.81124,1202.5,546.0,1.0
7000,31.815614,1202.5,546.0,1.0
7001,31.815908,1202.5,546.0,1.0
7002,31.824796,1202.0,546.0,1.0
7003,31.825092,1202.0,546.0,1.0
7004,31.83512,1201.25,546.0,1.0
7005,31.835414,1201.25,546.0,1.0
7006,31.844908,1200.25,546.0,1.0
7007,31.845212,1200.25,546.0,1.0
7008,31.855476,1199.25,546.0,1.0
7009,31.856058,1199.25,546.0,1.0
7010,31.86511,1200.0,546.0,1.0
7011,31.865396,1200.0,546.0,1.0
7012,31.875472,1200.25,546.0,1.0
7013,31.875768,1200.25,546.0,1.0
7014,31.884918,1201.25,546.0,1.0
7015,31.885212,1201.25,546.0,1.0
7016,31.895388,1201.75,546.0,1.0
7017,31.895724,1201.75,546.0,1.0
7018,31.904668,1200.25,546.0,1.0
7019,31.904956,1200.25,546.0,1.0
7020,31.910944,1199.25,546.0,1.0
7021,31.91124,1199.25,546.0,1.0
7022,31.915596,1199.25,547.0,1.0
7023,31.91663,1199.25,547.0,1.0
7024,31.924788,1199.0,547.0,1.0
7025,31.925076,1199.0,547.0,1.0
7026,31.935406,1199.0,547.0,1.0
7027,31.9357,1199.0,547.0,1.0
7028,31.944818,1199.25,547.0,1.0
7029,31.94512,1199.25,547.0,1.0
7030,31.955428,1199.75,547.0,1.0
7031,31.956016,1199.75,547.0,1.0
7032,31.965028,1201.0,547.0,1.0
7033,31.965332,1201.0,547.0,1.0
7034,31.975736,1200.75,547.0,1.0
7035,31.97603,1200.75,547.0,1.0
7036,31.984918,1201.5,547.0,1.0
7037,31.98546,1201.5,547.0,1.0
7038,31.995124,1202.75,547.0,1.0
7039,31.995428,1202.75,547.0,1.0
7040,32.004644,1201.25,547.0,1.0
7041,32.00498,1201.25,547.0,1.0
7042,32.011124,1200.0,547.0,1.0
7043,32.011412,1200.0,547.0,1.0
7044,32.015524,1200.0,546.0,1.0
7045,32.016096,1200.0,546.0,1.0
7046,32.024764,1200.0,546.0,1.0
7047,32.025052,1200.0,546.0,1.0
7048,32.035128,1199.5,546.0,1.0
7049,32.035692,1199.5,546.0,1.0
7050,32.044826,1199.0,546.0,1.0
7051,32.04512,1199.0,546.0,1.0
7052,32.05564,1198.0,546.0,1.0
7053,32.05677,1198.0,546.0,1.0
7054,32.065004,1198.25,546.0,1.0
7055,32.06529,1198.25,546.0,1.0
7056,32.075456,1198.75,546.0,1.0
7057,32.07576,1198.75,546.0,1.0
7058,32.084672,1200.75,546.0,1.0
7059,32.084952,1200.75,546.0,1.0
7060,32.095428,1202.5,546.0,1.0
7061,32.095724,1202.5,546.0,1.0
7062,32.104684,1202.75,546.0,1.0
7063,32.104972,1202.75,546.0,1.0
7064,32.111016,1202.75,546.0,1.0
7065,32.111304,1202.75,546.0,1.0
7066,32.115548,1202.75,546.0,1.0
7067,32.115852,1202.75,546.0,1.0
7068,32.124904,1203.0,546.0,1.0
7069,32.12519,1203.0,546.0,1.0
7070,32.13548,1202.5,546.0,1.0
7071,32.135774,1202.5,546.0,1.0
7072,32.144588,1202.0,546.0,1.0
7073,32.144998,1202.0,546.0,1.0
7074,32.155384,1200.5,546.0,1.0
7075,32.155968,1200.5,546.0,1.0
7076,32.165004,1199.5,546.0,1.0
7077,32.165288,1199.5,546.0,1.0
7078,32.17571,1197.5,546.0,1.0
7079,32.176012,1197.5,546.0,1.0
7080,32.184918,1197.75,546.0,1.0
7081,32.18522,1197.75,546.0,1.0
7082,32.195148,1199.5,546.0,1.0
7083,32.195534,1199.5,546.0,1.0
7084,32.204644,1199.75,546.0,1.0
7085,32.204932,1199.75,546.0,1.0
7086,32.210944,1199.75,546.0,1.0
7087,32.21123,1199.75,546.0,1.0
7088,32.215516,1199.75,546.0,1.0
7089,32.21581,1199.75,546.0,1.0
7090,32.224862,1200.5,546.0,1.0
7091,32.22514,1200.5,546.0,1.0
7092,32.235134,1199.75,546.0,1.0
7093,32.235438,1199.75,546.0,1.0
7094,32.244834,1198.5,546.0,1.0
7095,32.245136,1198.5,546.0,1.0
7096,32.255712,1197.0,546.0,1.0
7097,32.256844,1197.0,546.0,1.0
7098,32.265036,1197.0,546.0,1.0
7099,32.26696,1197.0,546.0,1.0
7100,32.27584,1197.5,546.0,1.0
7101,32.276414,1197.5,546.0,1.0
7102,32.284924,1200.25,546.0,1.0
7103,32.28522,1200.25,546.0,1.0
7104,32.2955,1203.25,546.0,1.0
7105,32.296084,1203.25,546.0,1.0
7106,32.304628,1203.5,546.0,1.0
7107,32.304914,1203.5,546.0,1.0
7108,32.311124,1203.25,546.0,1.0
7109,32.311418,1203.25,546.0,1.0
7110,32.315588,1203.25,546.0,1.0
7111,32.3159,1203.25,546.0,1.0
7112,32.324828,1202.75,546.0,1.0
7113,32.325116,1202.75,546.0,1.0
7114,32.335486,1201.0,546.0,1.0
7115,32.33579,1201.0,546.0,1.0
7116,32.344834,1198.25,546.0,1.0
7117,32.345128,1198.25,546.0,1.0
7118,32.35536,1195.75,546.0,1.0
7119,32.35595,1195.75,546.0,1.0
7120,32.36502,1195.75,546.0,1.0
7121,32.365304,1195.75,546.0,1.0
7122,32.375496,1196.5,546.0,1.0
7123,32.375792,1196.5,546.0,1.0
7124,32.385252,1198.5,546.0,1.0
7125,32.385548,1198.5,546.0,1.0
7126,32.395108,1201.0,546.0,1.0
7127,32.395412,1201.0,546.0,1.0
7128,32.404692,1202.25,546.0,1.0
7129,32.40498,1202.25,546.0,1.0
7130,32.410952,1203.25,546.0,1.0
7131,32.411246,1203.25,546.0,1.0
7132,32.415604,1203.25,546.0,1.0
7133,32.416022,1203.25,546.0,1.0
7134,32.424852,1203.75,546.0,1.0
7135,32.42514,1203.75,546.0,1.0
7136,32.435208,1203.25,546.0,1.0
7137,32.435504,1203.25,546.0,1.0
7138,32.444596,1203.0,546.0,1.0
7139,32.444882,1203.0,546.0,1.0
7140,32.455492,1202.25,546.0,1.0
7141,32.456072,1202.25,546.0,1.0
7142,32.465002,1201.25,546.0,1.0
7143,32.465288,1201.25,546.0,1.0
7144,32.475308,1198.75,546.0,1.0
7145,32.475602,1198.75,546.0,1.0
7146,32.48494,1197.75,546.0,1.0
7147,32.485236,1197.75,546.0,1.0
7148,32.495468,1198.5,546.0,1.0
7149,32.495764,1198.5,546.0,1.0
7150,32.504684,1197.75,546.0,1.0
7151,32.504972,1197.75,546.0,1.0
7152,32.51096,1197.75,546.0,1.0
7153,32.51128,1197.75,546.0,1.0
7154,32.515588,1197.75,546.0,1.0
7155,32.515892,1197.75,546.0,1.0
7156,32.524772,1199.5,546.0,1.0
7157,32.525058,1199.5,546.0,1.0
7158,32.535478,1201.25,546.0,1.0
7159,32.53578,1201.25,546.0,1.0
7160,32.54484,1201.5,546.0,1.0
7161,32.545136,1201.5,546.0,1.0
7162,32.555556,1200.0,546.0,1.0
7163,32.556146,1200.0,546.0,1.0
7164,32.565044,1200.0,546.0,1.0
7165,32.565346,1200.0,546.0,1.0
7166,32.575676,1199.25,546.0,1.0
7167,32.57598,1199.25,546.0,1.0
7168,32.584932,1200.0,546.0,1.0
7169,32.585228,1200.0,546.0,1.0
7170,32.595124,1201.25,546.0,1.0
7171,32.59542,1201.25,546.0,1.0
7172,32.604716,1201.5,546.0,1.0
7173,32.605004,1201.5,546.0,1.0
7174,32.611124,1202.0,546.0,1.0
7175,32.611408,1202.0,546.0,1.0
7176,32.61566,1202.0,546.0,1.0
7177,32.615956,1202.0,546.0,1.0
7178,32.624704,1202.5,546.0,1.0
7179,32.625,1202.5,546.0,1.0
7180,32.635192,1201.5,546.0,1.0
7181,32.635486,1201.5,546.0,1.0
7182,32.64484,1200.75,546.0,1.0
7183,32.645432,1200.75,546.0,1.0
7184,32.655776,1199.5,546.0,1.0
7185,32.6569,1199.5,546.0,1.0
7186,32.665174,1200.0,546.0,1.0
7187,32.665508,1200.0,546.0,1.0
7188,32.675372,1200.0,546.0,1.0
7189,32.675668,1200.0,546.0,1.0
7190,32.684688,1200.5,546.0,1.0
7191,32.685136,1200.5,546.0,1.0
7192,32.695492,1201.5,546.0,1.0
7193,32.695788,1201.5,546.0,1.0
7194,32.704634,1200.0,546.0,1.0
7195,32.705192,1200.0,546.0,1.0
7196,32.711064,1198.5,546.0,1.0
7197,32.711352,1198.5,546.0,1.0
7198,32.715546,1198.5,546.0,1.0
7199,32.715848,1198.5,546.0,1.0
7200,32.724704,1197.75,546.0,1.0
7201,32.724992,1197.75,546.0,1.0
7202,32.735502,1197.75,546.0,1.0
7203,32.736362,1197.75,546.0,1.0
7204,32.74494,1198.5,546.0,1.0
7205,32.745234,1198.5,546.0,1.0
7206,32.75544,1199.25,546.0,1.0
7207,32.756032,1199.25,546.0,1.0
7208,32.765214,1200.5,546.0,1.0
7209,32.7655,1200.5,546.0,1.0
7210,32.775684,1200.5,546.0,1.0
7211,32.775988,1200.5,546.0,1.0
7212,32.78494,1201.5,546.0,1.0
7213,32.785236,1201.5,546.0,1.0
7214,32.795156,1202.25,546.0,1.0
7215,32.795452,1202.25,546.0,1.0
7216,32.804782,1200.0,546.0,1.0
7217,32.805068,1200.0,546.0,1.0
7218,32.810968,1198.0,546.0,1.0
7219,32.811252,1198.0,546.0,1.0
7220,32.815612,1198.0,546.0,1.0
7221,32.816192,1198.0,546.0,1.0
7222,32.824754,1198.0,546.0,1.0
7223,32.82504,1198.0,546.0,1.0
7224,32.835256,1198.75,546.0,1.0
7225,32.835552,1198.75,546.0,1.0
7226,32.844856,1198.75,546.0,1.0
7227,32.845152,1198.75,546.0,1.0
7228,32.855498,1199.0,546.0,1.0
7229,32.85635,1199.0,546.0,1.0
7230,32.865084,1200.0,546.0,1.0
7231,32.86537,1200.0,546.0,1.0
7232,32.875372,1199.75,546.0,1.0
7233,32.875668,1199.75,546.0,1.0
7234,32.884948,1200.0,546.0,1.0
7235,32.885244,1200.0,546.0,1.0
7236,32.8954,1200.5,546.0,1.0
7237,32.895704,1200.5,546.0,1.0
7238,32.904952,1200.0,546.0,1.0
7239,32.905232,1200.0,546.0,1.0
7240,32.911122,1200.25,546.0,1.0
7241,32.911408,1200.25,546.0,1.0
7242,32.915668,1200.25,546.0,1.0
7243,32.915972,1200.25,546.0,1.0
7244,32.92477,1200.75,546.0,1.0
7245,32.925056,1200.75,546.0,1.0
7246,32.9355,1201.25,546.0,1.0
7247,32.935804,1201.25,546.0,1.0
7248,32.944856,1201.75,546.0,1.0
7249,32.945152,1201.75,546.0,1.0
7250,32.955432,1201.25,546.0,1.0
7251,32.956022,1201.25,546.0,1.0
7252,32.964976,1201.75,546.0,1.0
7253,32.965272,1201.75,546.0,1.0
7254,32.97565,1200.75,546.0,1.0
7255,32.975952,1200.75,546.0,1.0
7256,32.984662,1200.75,546.0,1.0
7257,32.984948,1200.75,546.0,1.0
7258,32.995124,1200.75,546.0,1.0
7259,32.995426,1200.75,546.0,1.0
7260,33.004708,1198.25,546.0,1.0
7261,33.005248,1198.25,546.0,1.0
7262,33.011088,1197.25,546.0,1.0
7263,33.011376,1197.25,546.0,1.0
7264,33.01562,1197.25,546.0,1.0
7265,33.015922,1197.25,546.0,1.0
7266,33.02477,1198.25,546.0,1.0
7267,33.025048,1198.25,546.0,1.0
7268,33.03519,1199.5,546.0,1.0
7269,33.035492,1199.5,546.0,1.0
7270,33.04493,1200.75,546.0,1.0
7271,33.045224,1200.75,546.0,1.0
7272,33.055678,1201.25,546.0,1.0
7273,33.056808,1201.25,546.0,1.0
7274,33.065008,1201.75,546.0,1.0
7275,33.065288,1201.75,546.0,1.0
7276,33.075478,1200.75,546.0,1.0
7277,33.07578,1200.75,546.0,1.0
7278,33.084652,1200.75,546.0,1.0
7279,33.08494,1200.75,546.0,1.0
7280,33.09536,1201.0,546.0,1.0
7281,33.095656,1201.0,546.0,1.0
7282,33.104684,1200.0,546.0,1.0
7283,33.10496,1200.0,546.0,1.0
7284,33.110966,1199.5,546.0,1.0
7285,33.11126,1199.5,546.0,1.0
7286,33.11556,1199.5,547.0,1.0
7287,33.115864,1199.5,547.0,1.0
7288,33.124776,1199.5,547.0,1.0
7289,33.125064,1199.5,547.0,1.0
7290,33.13542,1199.25,547.0,1.0
7291,33.135722,1199.25,547.0,1.0
7292,33.144856,1198.75,547.0,1.0
7293,33.14516,1198.75,547.0,1.0
7294,33.155384,1197.75,547.0,1.0
7295,33.155972,1197.75,547.0,1.0
7296,33.1651,1198.75,547.0,1.0
7297,33.165384,1198.75,547.0,1.0
7298,33.1757,1199.25,547.0,1.0
7299,33.176002,1199.25,547.0,1.0
7300,33.184956,1200.25,547.0,1.0
7301,33.185252,1200.25,547.0,1.0
7302,33.195072,1201.5,547.0,1.0
7303,33.195646,1201.5,547.0,1.0
7304,33.204748,1200.75,547.0,1.0
7305,33.205182,1200.75,547.0,1.0
7306,33.211162,1199.25,547.0,1.0
7307,33.211448,1199.25,547.0,1.0
7308,33.215536,1199.25,546.0,1.0
7309,33.21584,1199.25,546.0,1.0
7310,33.224728,1198.0,546.0,1.0
7311,33.225016,1198.0,546.0,1.0
7312,33.235214,1197.0,546.0,1.0
7313,33.235516,1197.0,546.0,1.0
7314,33.244864,1197.0,546.0,1.0
7315,33.245168,1197.0,546.0,1.0
7316,33.25571,1197.25,546.0,1.0
7317,33.25684,1197.25,546.0,1.0
7318,33.265148,1198.0,546.0,1.0
7319,33.267948,1198.0,546.0,1.0
7320,33.275608,1198.0,546.0,1.0
7321,33.27619,1198.0,546.0,1.0
7322,33.284734,1200.25,546.0,1.0
7323,33.28502,1200.25,546.0,1.0
7324,33.295432,1202.5,546.0,1.0
7325,33.295736,1202.5,546.0,1.0
7326,33.304724,1201.5,546.0,1.0
7327,33.30501,1201.5,546.0,1.0
7328,33.311024,1200.75,546.0,1.0
7329,33.311308,1200.75,546.0,1.0
7330,33.315594,1200.75,545.0,1.0
7331,33.315896,1200.75,545.0,1.0
7332,33.324826,1201.25,545.0,1.0
7333,33.325112,1201.25,545.0,1.0
7334,33.335508,1200.75,545.0,1.0
7335,33.335812,1200.75,545.0,1.0
7336,33.344912,1199.25,545.0,1.0
7337,33.345208,1199.25,545.0,1.0
7338,33.355432,1198.5,545.0,1.0
7339,33.356012,1198.5,545.0,1.0
7340,33.365228,1199.75,545.0,1.0
7341,33.365516,1199.75,545.0,1.0
7342,33.375708,1199.5,545.0,1.0
7343,33.37601,1199.5,545.0,1.0
7344,33.384964,1200.25,545.0,1.0
7345,33.38526,1200.25,545.0,1.0
7346,33.395228,1200.75,545.0,1.0
7347,33.395524,1200.75,545.0,1.0
7348,33.404716,1199.25,545.0,1.0
7349,33.404992,1199.25,545.0,1.0
7350,33.41099,1198.25,545.0,1.0
7351,33.4113,1198.25,545.0,1.0
7352,33.415618,1198.25,546.0,1.0
7353,33.41592,1198.25,546.0,1.0
7354,33.42486,1198.25,546.0,1.0
7355,33.425136,1198.25,546.0,1.0
7356,33.435254,1198.0,546.0,1.0
7357,33.435556,1198.0,546.0,1.0
7358,33.444872,1198.25,546.0,1.0
7359,33.445444,1198.25,546.0,1.0
7360,33.455768,1198.5,546.0,1.0
7361,33.456898,1198.5,546.0,1.0
7362,33.465072,1200.0,546.0,1.0
7363,33.465376,1200.0,546.0,1.0
7364,33.475502,1200.25,546.0,1.0
7365,33.475804,1200.25,546.0,1.0
7366,33.484972,1202.0,546.0,1.0
7367,33.485266,1202.0,546.0,1.0
7368,33.495424,1204.0,546.0,1.0
7369,33.495728,1204.0,546.0,1.0
7370,33.504828,1204.0,546.0,1.0
7371,33.505116,1204.0,546.0,1.0
7372,33.51112,1203.25,546.0,1.0
7373,33.511408,1203.25,546.0,1.0
7374,33.515618,1203.25,546.0,1.0
7375,33.51592,1203.25,546.0,1.0
7376,33.524858,1202.25,546.0,1.0
7377,33.525144,1202.25,546.0,1.0
7378,33.535532,1200.0,546.0,1.0
7379,33.535828,1200.0,546.0,1.0
7380,33.544872,1197.75,546.0,1.0
7381,33.545176,1197.75,546.0,1.0
7382,33.555408,1195.75,546.0,1.0
7383,33.555996,1195.75,546.0,1.0
7384,33.565032,1195.25,546.0,1.0
7385,33.565312,1195.25,546.0,1.0
7386,33.575712,1195.25,546.0,1.0
7387,33.576008,1195.25,546.0,1.0
7388,33.584752,1198.25,546.0,1.0
7389,33.585036,1198.25,546.0,1.0
7390,33.595152,1201.25,546.0,1.0
7391,33.595448,1201.25,546.0,1.0
7392,33.604756,1201.0,546.0,1.0
7393,33.60504,1201.0,546.0,1.0
7394,33.611088,1201.0,546.0,1.0
7395,33.611384,1201.0,546.0,1.0
7396,33.61564,1201.0,546.0,1.0
7397,33.615936,1201.0,546.0,1.0
7398,33.624808,1201.25,546.0,1.0
7399,33.625168,1201.25,546.0,1.0
7400,33.63522,1199.75,546.0,1.0
7401,33.636056,1199.75,546.0,1.0
7402,33.64488,1197.75,546.0,1.0
7403,33.645176,1197.75,546.0,1.0
7404,33.655528,1196.75,546.0,1.0
7405,33.65612,1196.75,546.0,1.0
7406,33.665056,1198.0,546.0,1.0
7407,33.665344,1198.0,546.0,1.0
7408,33.675544,1198.25,546.0,1.0
7409,33.675944,1198.25,546.0,1.0
7410,33.684972,1199.5,546.0,1.0
7411,33.685552,1199.5,546.0,1.0
7412,33.69544,1201.75,546.0,1.0
7413,33.695744,1201.75,546.0,1.0
7414,33.704688,1202.0,546.0,1.0
7415,33.704976,1202.0,546.0,1.0
7416,33.71098,1201.25,546.0,1.0
7417,33.711292,1201.25,546.0,1.0
7418,33.715592,1201.25,545.0,1.0
7419,33.715896,1201.25,545.0,1.0
7420,33.724792,1200.5,545.0,1.0
7421,33.72508,1200.5,545.0,1.0
7422,33.735508,1199.0,545.0,1.0
7423,33.735908,1199.0,545.0,1.0
7424,33.74488,1197.75,545.0,1.0
7425,33.745184,1197.75,545.0,1.0
7426,33.75556,1196.75,545.0,1.0
7427,33.756424,1196.75,545.0,1.0
7428,33.765096,1196.75,545.0,1.0
7429,33.765384,1196.75,545.0,1.0
7430,33.775852,1196.75,545.0,1.0
7431,33.776156,1196.75,545.0,1.0
7432,33.784972,1199.25,545.0,1.0
7433,33.785264,1199.25,545.0,1.0
7434,33.795152,1202.0,545.0,1.0
7435,33.795456,1202.0,545.0,1.0
7436,33.804904,1202.25,545.0,1.0
7437,33.805196,1202.25,545.0,1.0
7438,33.811168,1202.25,545.0,1.0
7439,33.811456,1202.25,545.0,1.0
7440,33.815788,1202.25,546.0,1.0
7441,33.816084,1202.25,546.0,1.0
7442,33.824728,1203.0,546.0,1.0
7443,33.82502,1203.0,546.0,1.0
7444,33.83526,1202.75,546.0,1.0
7445,33.835776,1202.75,546.0,1.0
7446,33.844888,1202.0,546.0,1.0
7447,33.845184,1202.0,546.0,1.0
7448,33.855608,1200.25,546.0,1.0
7449,33.8562,1200.25,546.0,1.0
7450,33.865252,1198.75,546.0,1.0
7451,33.865556,1198.75,546.0,1.0
7452,33.875648,1197.0,546.0,1.0
7453,33.875944,1197.0,546.0,1.0
7454,33.88474,1197.75,546.0,1.0
7455,33.885028,1197.75,546.0,1.0
7456,33.895432,1199.5,546.0,1.0
7457,33.895728,1199.5,546.0,1.0
7458,33.904984,1200.25,546.0,1.0
7459,33.905264,1200.25,546.0,1.0
7460,33.91116,1202.0,546.0,1.0
7461,33.911448,1202.0,546.0,1.0
7462,33.91564,1202.0,546.0,1.0
7463,33.915944,1202.0,546.0,1.0
7464,33.924824,1204.25,546.0,1.0
7465,33.925104,1204.25,546.0,1.0
7466,33.935472,1205.5,546.0,1.0
7467,33.935768,1205.5,546.0,1.0
7468,33.944888,1204.75,546.0,1.0
7469,33.945344,1204.75,546.0,1.0
7470,33.955552,1203.25,546.0,1.0
7471,33.956144,1203.25,546.0,1.0
7472,33.965284,1202.25,546.0,1.0
7473,33.96558,1202.25,546.0,1.0
7474,33.975884,1199.5,546.0,1.0
7475,33.976188,1199.5,546.0,1.0
7476,33.984976,1198.75,546.0,1.0
7477,33.985272,1198.75,546.0,1.0
7478,33.99512,1199.5,546.0,1.0
7479,33.995416,1199.5,546.0,1.0
7480,34.004836,1199.5,546.0,1.0
7481,34.005368,1199.5,546.0,1.0
7482,34.011012,1200.5,546.0,1.0
7483,34.011308,1200.5,546.0,1.0
7484,34.01556,1200.5,547.0,1.0
7485,34.015856,1200.5,547.0,1.0
7486,34.024816,1203.0,547.0,1.0
7487,34.025104,1203.0,547.0,1.0
7488,34.03518,1204.5,547.0,1.0
7489,34.03562,1204.5,547.0,1.0
7490,34.044896,1205.0,547.0,1.0
7491,34.0452,1205.0,547.0,1.0
7492,34.055544,1204.0,547.0,1.0
7493,34.056128,1204.0,547.0,1.0
7494,34.065072,1202.75,547.0,1.0
7495,34.065384,1202.75,547.0,1.0
7496,34.0755,1201.5,547.0,1.0
7497,34.075804,1201.5,547.0,1.0
7498,34.084976,1201.5,547.0,1.0
7499,34.08528,1201.5,547.0,1.0
7500,34.095416,1202.0,547.0,1.0
7501,34.095712,1202.0,547.0,1.0
7502,34.104696,1201.0,547.0,1.0
7503,34.104984,1201.0,547.0,1.0
7504,34.110988,1201.75,547.0,1.0
7505,34.1113,1201.75,547.0,1.0
7506,34.115476,1201.75,547.0,1.0
7507,34.11578,1201.75,547.0,1.0
7508,34.124932,1203.25,547.0,1.0
7509,34.125216,1203.25,547.0,1.0
7510,34.13554,1203.25,547.0,1.0
7511,34.135832,1203.25,547.0,1.0
7512,34.144896,1203.25,547.0,1.0
7513,34.145368,1203.25,547.0,1.0
7514,34.155488,1203.0,547.0,1.0
7515,34.156068,1203.0,547.0,1.0
7516,34.165008,1202.75,547.0,1.0
7517,34.165308,1202.75,547.0,1.0
7518,34.175712,1201.25,547.0,1.0
7519,34.176008,1201.25,547.0,1.0
7520,34.185036,1200.0,547.0,1.0
7521,34.185328,1200.0,547.0,1.0
7522,34.195128,1200.0,547.0,1.0
7523,34.1957,1200.0,547.0,1.0
7524,34.20476,1199.5,547.0,1.0
7525,34.205048,1199.5,547.0,1.0
7526,34.211184,1200.0,547.0,1.0
7527,34.211472,1200.0,547.0,1.0
7528,34.21564,1200.0,547.0,1.0
7529,34.215944,1200.0,547.0,1.0
7530,34.224776,1201.5,547.0,1.0
7531,34.22506,1201.5,547.0,1.0
7532,34.235292,1203.25,547.0,1.0
7533,34.235596,1203.25,547.0,1.0
7534,34.244896,1204.0,547.0,1.0
7535,34.245196,1204.0,547.0,1.0
7536,34.255816,1203.75,547.0,1.0
7537,34.256944,1203.75,547.0,1.0
7538,34.265032,1203.25,547.0,1.0
7539,34.265652,1203.25,547.0,1.0
7540,34.275492,1201.75,547.0,1.0
7541,34.282784,1201.75,547.0,1.0
7542,34.284992,1202.0,547.0,1.0
7543,34.285288,1202.0,547.0,1.0
7544,34.295464,1203.0,547.0,1.0
7545,34.29576,1203.0,547.0,1.0
7546,34.304792,1203.25,547.0,1.0
7547,34.30508,1203.25,547.0,1.0
7548,34.311036,1203.75,547.0,1.0
7549,34.311332,1203.75,547.0,1.0
7550,34.315536,1203.75,547.0,1.0
7551,34.315828,1203.75,547.0,1.0
7552,34.324832,1204.75,547.0,1.0
7553,34.32512,1204.75,547.0,1.0
7554,34.335556,1205.5,547.0,1.0
7555,34.335848,1205.5,547.0,1.0
7556,34.344904,1205.25,547.0,1.0
7557,34.345204,1205.25,547.0,1.0
7558,34.35548,1203.75,547.0,1.0
7559,34.356068,1203.75,547.0,1.0
7560,34.36508,1203.0,547.0,1.0
7561,34.365392,1203.0,547.0,1.0
7562,34.375736,1201.5,547.0,1.0
7563,34.376032,1201.5,547.0,1.0
7564,34.384992,1201.5,547.0,1.0
7565,34.385396,1201.5,547.0,1.0
7566,34.395112,1200.75,547.0,1.0
7567,34.395416,1200.75,547.0,1.0
7568,34.404768,1200.0,547.0,1.0
7569,34.405244,1200.0,547.0,1.0
7570,34.41102,1201.0,547.0,1.0
7571,34.411316,1201.0,547.0,1.0
7572,34.415576,1201.0,548.0,1.0
7573,34.415868,1201.0,548.0,1.0
7574,34.424864,1203.75,548.0,1.0
7575,34.425144,1203.75,548.0,1.0
7576,34.4353,1205.25,548.0,1.0
7577,34.435596,1205.25,548.0,1.0
7578,34.444904,1206.0,548.0,1.0
7579,34.445204,1206.0,548.0,1.0
7580,34.45578,1206.75,548.0,1.0
7581,34.456912,1206.75,548.0,1.0
7582,34.465012,1206.5,548.0,1.0
7583,34.465392,1206.5,548.0,1.0
7584,34.475492,1204.75,548.0,1.0
7585,34.475792,1204.75,548.0,1.0
7586,34.484992,1204.0,548.0,1.0
7587,34.485296,1204.0,548.0,1.0
7588,34.495568,1204.0,548.0,1.0
7589,34.495864,1204.0,548.0,1.0
7590,34.504992,1202.75,548.0,1.0
7591,34.505276,1202.75,548.0,1.0
7592,34.511168,1201.5,548.0,1.0
7593,34.511456,1201.5,548.0,1.0
7594,34.515296,1201.5,548.0,1.0
7595,34.51614,1201.5,548.0,1.0
7596,34.524988,1201.5,548.0,1.0
7597,34.525272,1201.5,548.0,1.0
7598,34.53548,1201.75,548.0,1.0
7599,34.535776,1201.75,548.0,1.0
7600,34.544904,1201.5,548.0,1.0
7601,34.545204,1201.5,548.0,1.0
7602,34.555552,1201.25,548.0,1.0
7603,34.556132,1201.25,548.0,1.0
7604,34.565012,1201.25,548.0,1.0
7605,34.565324,1201.25,548.0,1.0
7606,34.575728,1201.25,548.0,1.0
7607,34.576024,1201.25,548.0,1.0
7608,34.585,1202.5,548.0,1.0
7609,34.585296,1202.5,548.0,1.0
7610,34.595316,1203.25,548.0,1.0
7611,34.595608,1203.25,548.0,1.0
7612,34.604908,1203.0,548.0,1.0
7613,34.605196,1203.0,548.0,1.0
7614,34.611028,1202.75,548.0,1.0
7615,34.61132,1202.75,548.0,1.0
7616,34.615576,1202.75,547.0,1.0
7617,34.616148,1202.75,547.0,1.0
7618,34.624732,1203.0,547.0,1.0
7619,34.62502,1203.0,547.0,1.0
7620,34.635268,1202.5,547.0,1.0
7621,34.63584,1202.5,547.0,1.0
7622,34.64492,1201.5,547.0,1.0
7623,34.64522,1201.5,547.0,1.0
7624,34.65556,1201.25,547.0,1.0
7625,34.65614,1201.25,547.0,1.0
7626,34.665072,1202.0,547.0,1.0
7627,34.665372,1202.0,547.0,1.0
7628,34.675472,1203.0,547.0,1.0
7629,34.675776,1203.0,547.0,1.0
7630,34.685,1205.25,547.0,1.0
7631,34.685304,1205.25,547.0,1.0
7632,34.69556,1206.75,547.0,1.0
7633,34.695864,1206.75,547.0,1.0
7634,34.70484,1206.25,547.0,1.0
7635,34.705128,1206.25,547.0,1.0
7636,34.71102,1205.0,547.0,1.0
7637,34.71132,1205.0,547.0,1.0
7638,34.71536,1205.0,547.0,1.0
7639,34.715664,1205.0,547.0,1.0
7640,34.724984,1203.5,547.0,1.0
7641,34.725272,1203.5,547.0,1.0
7642,34.735488,1201.0,547.0,1.0
7643,34.736176,1201.0,547.0,1.0
7644,34.744908,1199.25,547.0,1.0
7645,34.745204,1199.25,547.0,1.0
7646,34.755688,1199.5,547.0,1.0
7647,34.75682,1199.5,547.0,1.0
7648,34.765044,1201.25,547.0,1.0
7649,34.765348,1201.25,547.0,1.0
7650,34.775564,1202.75,547.0,1.0
7651,34.775868,1202.75,547.0,1.0
7652,34.785304,1206.0,547.0,1.0
7653,34.785608,1206.0,547.0,1.0
7654,34.795348,1207.5,547.0,1.0
7655,34.796208,1207.5,547.0,1.0
7656,34.805032,1206.5,547.0,1.0
7657,34.805308,1206.5,547.0,1.0
7658,34.811224,1204.25,547.0,1.0
7659,34.811512,1204.25,547.0,1.0
7660,34.815584,1204.25,548.0,1.0
7661,34.815876,1204.25,548.0,1.0
7662,34.82492,1203.0,548.0,1.0
7663,34.825208,1203.0,548.0,1.0
7664,34.835244,1202.0,548.0,1.0
7665,34.835536,1202.0,548.0,1.0
7666,34.845204,1201.75,548.0,1.0
7667,34.845508,1201.75,548.0,1.0
7668,34.855584,1202.0,548.0,1.0
7669,34.856172,1202.0,548.0,1.0
7670,34.865324,1202.5,548.0,1.0
7671,34.865608,1202.5,548.0,1.0
7672,34.875572,1203.0,548.0,1.0
7673,34.875876,1203.0,548.0,1.0
7674,34.885016,1204.25,548.0,1.0
7675,34.88532,1204.25,548.0,1.0
7676,34.895568,1204.25,548.0,1.0
7677,34.895872,1204.25,548.0,1.0
7678,34.905016,1203.25,548.0,1.0
7679,34.9053,1203.25,548.0,1.0
7680,34.911036,1202.5,548.0,1.0
7681,34.91132,1202.5,548.0,1.0
7682,34.915592,1202.5,548.0,1.0
7683,34.915892,1202.5,548.0,1.0
7684,34.925068,1202.5,548.0,1.0
7685,34.925356,1202.5,548.0,1.0
7686,34.935568,1202.25,548.0,1.0
7687,34.935864,1202.25,548.0,1.0
7688,34.94522,1202.0,548.0,1.0
7689,34.945516,1202.0,548.0,1.0
7690,34.955704,1202.5,548.0,1.0
7691,34.956836,1202.5,548.0,1.0
7692,34.965028,1202.75,548.0,1.0
7693,34.965432,1202.75,548.0,1.0
7694,34.975784,1202.25,548.0,1.0
7695,34.976088,1202.25,548.0,1.0
7696,34.985008,1204.0,548.0,1.0
7697,34.985312,1204.0,548.0,1.0
7698,34.995496,1205.25,548.0,1.0
7699,34.995788,1205.25,548.0,1.0
7700,35.004916,1205.25,548.0,1.0
7701,35.0052,1205.25,548.0,1.0
7702,35.011024,1204.0,548.0,1.0
7703,35.011328,1204.0,548.0,1.0
7704,35.015588,1204.0,547.0,1.0
7705,35.015884,1204.0,547.0,1.0
7706,35.02474,1202.75,547.0,1.0
7707,35.025028,1202.75,547.0,1.0
7708,35.03524,1200.75,547.0,1.0
7709,35.035536,1200.75,547.0,1.0
7710,35.044924,1198.25,547.0,1.0
7711,35.04522,1198.25,547.0,1.0
7712,35.055584,1197.25,547.0,1.0
7713,35.056164,1197.25,547.0,1.0
7714,35.065052,1197.75,547.0,1.0
7715,35.065356,1197.75,547.0,1.0
7716,35.075512,1198.75,547.0,1.0
7717,35.075816,1198.75,547.0,1.0
7718,35.085016,1202.5,547.0,1.0
7719,35.085312,1202.5,547.0,1.0
7720,35.095584,1206.0,547.0,1.0
7721,35.095888,1206.0,547.0,1.0
7722,35.104864,1206.75,547.0,1.0
7723,35.105152,1206.75,547.0,1.0
7724,35.111176,1206.25,547.0,1.0
7725,35.111468,1206.25,547.0,1.0
7726,35.115376,1206.25,547.0,1.0
7727,35.115672,1206.25,547.0,1.0
7728,35.124788,1205.75,547.0,1.0
7729,35.125076,1205.75,547.0,1.0
7730,35.135552,1204.0,547.0,1.0
7731,35.135848,1204.0,547.0,1.0
7732,35.144924,1201.5,547.0,1.0
7733,35.145228,1201.5,547.0,1.0
7734,35.155664,1200.25,547.0,1.0
7735,35.156288,1200.25,547.0,1.0
7736,35.165036,1200.25,547.0,1.0
7737,35.16534,1200.25,547.0,1.0
7738,35.175784,1200.75,547.0,1.0
7739,35.17608,1200.75,547.0,1.0
7740,35.185032,1202.5,547.0,1.0
7741,35.185328,1202.5,547.0,1.0
7742,35.195716,1202.75,547.0,1.0
7743,35.196008,1202.75,547.0,1.0
7744,35.204964,1202.75,547.0,1.0
7745,35.205252,1202.75,547.0,1.0
7746,35.211024,1203.25,547.0,1.0
7747,35.211328,1203.25,547.0,1.0
7748,35.215612,1203.25,547.0,1.0
7749,35.215916,1203.25,547.0,1.0
7750,35.224896,1203.5,547.0,1.0
7751,35.225176,1203.5,547.0,1.0
7752,35.235348,1203.0,547.0,1.0
7753,35.235644,1203.0,547.0,1.0
7754,35.24522,1201.75,547.0,1.0
7755,35.24552,1201.75,547.0,1.0
7756,35.255576,1201.5,547.0,1.0
7757,35.256164,1201.5,547.0,1.0
7758,35.265044,1200.25,547.0,1.0
7759,35.2704,1200.25,547.0,1.0
7760,35.275596,1199.25,547.0,1.0
7761,35.275888,1199.25,547.0,1.0
7762,35.285024,1201.75,547.0,1.0
7763,35.28532,1201.75,547.0,1.0
7764,35.295764,1203.75,547.0,1.0
7765,35.296344,1203.75,547.0,1.0
7766,35.304896,1204.25,547.0,1.0
7767,35.305176,1204.25,547.0,1.0
7768,35.311032,1204.25,547.0,1.0
7769,35.311336,1204.25,547.0,1.0
7770,35.3154,1204.25,548.0,1.0
7771,35.315704,1204.25,548.0,1.0
7772,35.324928,1205.75,548.0,1.0
7773,35.325216,1205.75,548.0,1.0
7774,35.335592,1206.0,548.0,1.0
7775,35.335888,1206.0,548.0,1.0
7776,35.345212,1204.25,548.0,1.0
7777,35.345512,1204.25,548.0,1.0
7778,35.355568,1203.0,548.0,1.0
7779,35.356148,1203.0,548.0,1.0
7780,35.365052,1200.5,548.0,1.0
7781,35.365356,1200.5,548.0,1.0
7782,35.375792,1198.25,548.0,1.0
7783,35.376096,1198.25,548.0,1.0
7784,35.385024,1198.5,548.0,1.0
7785,35.385328,1198.5,548.0,1.0
7786,35.395624,1198.25,548.0,1.0
7787,35.39592,1198.25,548.0,1.0
7788,35.404848,1198.75,548.0,1.0
7789,35.405136,1198.75,548.0,1.0
7790,35.411248,1199.5,548.0,1.0
7791,35.411532,1199.5,548.0,1.0
7792,35.415604,1199.5,547.0,1.0
7793,35.4159,1199.5,547.0,1.0
7794,35.424952,1201.0,547.0,1.0
7795,35.42524,1201.0,547.0,1.0
7796,35.43534,1202.0,547.0,1.0
7797,35.43564,1202.0,547.0,1.0
7798,35.445252,1201.5,547.0,1.0
7799,35.445548,1201.5,547.0,1.0
7800,35.455836,1201.5,547.0,1.0
7801,35.456976,1201.5,547.0,1.0
7802,35.465044,1201.75,547.0,1.0
7803,35.465488,1201.75,547.0,1.0
7804,35.47552,1201.5,547.0,1.0
7805,35.47584,1201.5,547.0,1.0
7806,35.48504,1202.75,547.0,1.0
7807,35.485336,1202.75,547.0,1.0
7808,35.495584,1203.25,547.0,1.0
7809,35.495888,1203.25,547.0,1.0
7810,35.504864,1202.0,547.0,1.0
7811,35.505152,1202.0,547.0,1.0
7812,35.511056,1201.0,547.0,1.0
7813,35.511352,1201.0,547.0,1.0
7814,35.515408,1201.0,547.0,1.0
7815,35.515712,1201.0,547.0,1.0
7816,35.524936,1200.5,547.0,1.0
7817,35.525224,1200.5,547.0,1.0
7818,35.535568,1200.25,547.0,1.0
7819,35.535872,1200.25,547.0,1.0
7820,35.545236,1199.5,547.0,1.0
7821,35.545704,1199.5,547.0,1.0
7822,35.555564,1199.5,547.0,1.0
7823,35.556148,1199.5,547.0,1.0
7824,35.565044,1199.25,547.0,1.0
7825,35.565356,1199.25,547.0,1.0
7826,35.575768,1199.0,547.0,1.0
7827,35.57606,1199.0,547.0,1.0
7828,35.585032,1201.25,547.0,1.0
7829,35.585328,1201.25,547.0,1.0
7830,35.595484,1202.0,547.0,1.0
7831,35.595788,1202.0,547.0,1.0
7832,35.604904,1200.75,547.0,1.0
7833,35.605184,1200.75,547.0,1.0
7834,35.61104,1200.25,547.0,1.0
7835,35.611344,1200.25,547.0,1.0
7836,35.615604,1200.25,547.0,1.0
7837,35.615908,1200.25,547.0,1.0
7838,35.624796,1200.75,547.0,1.0
7839,35.62508,1200.75,547.0,1.0
7840,35.635264,1201.0,547.0,1.0
7841,35.6361,1201.0,547.0,1.0
7842,35.645236,1200.25,547.0,1.0
7843,35.645816,1200.25,547.0,1.0
7844,35.655868,1201.25,547.0,1.0
7845,35.656992,1201.25,547.0,1.0
7846,35.664748,1203.0,547.0,1.0
7847,35.665036,1203.0,547.0,1.0
7848,35.67552,1203.25,547.0,1.0
7849,35.675816,1203.25,547.0,1.0
7850,35.685032,1203.25,547.0,1.0
7851,35.685496,1203.25,547.0,1.0
7852,35.695616,1202.0,547.0,1.0
7853,35.695912,1202.0,547.0,1.0
7854,35.704808,1200.25,547.0,1.0
7855,35.705096,1200.25,547.0,1.0
7856,35.711204,1199.0,547.0,1.0
7857,35.711492,1199.0,547.0,1.0
7858,35.715472,1199.0,547.0,1.0
7859,35.715768,1199.0,547.0,1.0
7860,35.724844,1199.0,547.0,1.0
7861,35.725132,1199.0,547.0,1.0
7862,35.735576,1199.5,547.0,1.0
7863,35.736168,1199.5,547.0,1.0
7864,35.745232,1200.25,547.0,1.0
7865,35.7457,1200.25,547.0,1.0
7866,35.755564,1201.75,547.0,1.0
7867,35.756916,1201.75,547.0,1.0
7868,35.765052,1202.25,547.0,1.0
7869,35.76536,1202.25,547.0,1.0
7870,35.775816,1202.0,547.0,1.0
7871,35.77612,1202.0,547.0,1.0
7872,35.785048,1203.5,547.0,1.0
7873,35.785352,1203.5,547.0,1.0
7874,35.79578,1203.25,547.0,1.0
7875,35.79608,1203.25,547.0,1.0
7876,35.804952,1201.75,547.0,1.0
7877,35.80528,1201.75,547.0,1.0
7878,35.81122,1201.0,547.0,1.0
7879,35.811508,1201.0,547.0,1.0
7880,35.815628,1201.0,546.0,1.0
7881,35.815932,1201.0,546.0,1.0
7882,35.825132,1200.25,546.0,1.0
7883,35.825416,1200.25,546.0,1.0
7884,35.835224,1199.0,546.0,1.0
7885,35.83552,1199.0,546.0,1.0
7886,35.84526,1197.5,546.0,1.0
7887,35.845552,1197.5,546.0,1.0
7888,35.855604,1197.75,546.0,1.0
7889,35.856188,1197.75,546.0,1.0
7890,35.86506,1198.25,546.0,1.0
7891,35.86536,1198.25,546.0,1.0
7892,35.875528,1198.75,546.0,1.0
7893,35.876092,1198.75,546.0,1.0
7894,35.88504,1201.0,546.0,1.0
7895,35.885344,1201.0,546.0,1.0
7896,35.895664,1201.25,546.0,1.0
7897,35.895968,1201.25,546.0,1.0
7898,35.905092,1200.25,546.0,1.0
7899,35.90538,1200.25,546.0,1.0
7900,35.911056,1199.5,546.0,1.0
7901,35.911368,1199.5,546.0,1.0
7902,35.915612,1199.5,546.0,1.0
7903,35.915916,1199.5,546.0,1.0
7904,35.924836,1199.75,546.0,1.0
7905,35.925124,1199.75,546.0,1.0
7906,35.9356,1199.5,546.0,1.0
7907,35.935896,1199.5,546.0,1.0
7908,35.945232,1199.0,546.0,1.0
7909,35.945536,1199.0,546.0,1.0
7910,35.955604,1199.75,546.0,1.0
7911,35.956252,1199.75,546.0,1.0
7912,35.965084,1201.0,546.0,1.0
7913,35.965384,1201.0,546.0,1.0
7914,35.975792,1201.75,546.0,1.0
7915,35.976084,1201.75,546.0,1.0
7916,35.985048,1203.5,546.0,1.0
7917,35.985368,1203.5,546.0,1.0
7918,35.995632,1203.5,546.0,1.0
7919,35.995928,1203.5,546.0,1.0
7920,36.004976,1201.0,546.0,1.0
7921,36.005312,1201.0,546.0,1.0
7922,36.01122,1198.25,546.0,1.0
7923,36.011516,1198.25,546.0,1.0
7924,36.01562,1198.25,546.0,1.0
7925,36.015916,1198.25,546.0,1.0
7926,36.024976,1196.25,546.0,1.0
7927,36.025264,1196.25,546.0,1.0
7928,36.03528,1195.5,546.0,1.0
7929,36.035584,1195.5,546.0,1.0
7930,36.045264,1196.0,546.0,1.0
7931,36.045552,1196.0,546.0,1.0
7932,36.055868,1197.5,546.0,1.0
7933,36.057008,1197.5,546.0,1.0
7934,36.065068,1199.0,546.0,1.0
7935,36.065368,1199.0,546.0,1.0
7936,36.075488,1200.25,546.0,1.0
7937,36.075792,1200.25,546.0,1.0
7938,36.085064,1203.25,546.0,1.0
7939,36.08536,1203.25,546.0,1.0
7940,36.095608,1203.0,546.0,1.0
7941,36.0959,1203.0,546.0,1.0
7942,36.105328,1201.0,546.0,1.0
7943,36.105616,1201.0,546.0,1.0
7944,36.111056,1200.25,546.0,1.0
7945,36.111344,1200.25,546.0,1.0
7946,36.115464,1200.25,546.0,1.0
7947,36.115832,1200.25,546.0,1.0
7948,36.124804,1200.75,546.0,1.0
7949,36.125088,1200.75,546.0,1.0
7950,36.135608,1201.25,546.0,1.0
7951,36.135912,1201.25,546.0,1.0
7952,36.145264,1200.75,546.0,1.0
7953,36.145568,1200.75,546.0,1.0
7954,36.15558,1201.25,546.0,1.0
7955,36.15616,1201.25,546.0,1.0
7956,36.165108,1200.75,546.0,1.0
7957,36.165764,1200.75,546.0,1.0
7958,36.17578,1199.25,546.0,1.0
7959,36.176084,1199.25,546.0,1.0
7960,36.185056,1199.0,546.0,1.0
7961,36.185352,1199.0,546.0,1.0
7962,36.195516,1197.75,546.0,1.0
7963,36.195812,1197.75,546.0,1.0
7964,36.204896,1196.5,546.0,1.0
7965,36.205336,1196.5,546.0,1.0
7966,36.211064,1196.0,546.0,1.0
7967,36.211368,1196.0,546.0,1.0
7968,36.215768,1196.0,546.0,1.0
7969,36.216324,1196.0,546.0,1.0
7970,36.224884,1197.25,546.0,1.0
7971,36.225172,1197.25,546.0,1.0
7972,36.235296,1198.0,546.0,1.0
7973,36.235592,1198.0,546.0,1.0
7974,36.245248,1198.25,546.0,1.0
7975,36.245544,1198.25,546.0,1.0
7976,36.25562,1199.75,546.0,1.0
7977,36.2562,1199.75,546.0,1.0
7978,36.265092,1200.75,546.0,1.0
7979,36.265868,1200.75,546.0,1.0
7980,36.275584,1200.5,546.0,1.0
7981,36.281272,1200.5,546.0,1.0
7982,36.285056,1202.25,546.0,1.0
7983,36.285348,1202.25,546.0,1.0
7984,36.295632,1203.0,546.0,1.0
7985,36.295924,1203.0,546.0,1.0
7986,36.304944,1202.5,546.0,1.0
7987,36.305224,1202.5,546.0,1.0
7988,36.311236,1201.75,546.0,1.0
7989,36.311524,1201.75,546.0,1.0
7990,36.315488,1201.75,546.0,1.0
7991,36.315784,1201.75,546.0,1.0
7992,36.324968,1201.0,546.0,1.0
7993,36.325252,1201.0,546.0,1.0
7994,36.33588,1200.0,546.0,1.0
7995,36.336172,1200.0,546.0,1.0
7996,36.345248,1199.25,546.0,1.0
7997,36.345544,1199.25,546.0,1.0
7998,36.355652,1198.25,546.0,1.0
7999,36.356236,1198.25,546.0,1.0
8000,36.365072,1196.75,546.0,1.0
8001,36.365376,1196.75,546.0,1.0
8002,36.375772,1196.25,546.0,1.0
8003,36.376076,1196.25,546.0,1.0
8004,36.385072,1198.5,546.0,1.0
8005,36.385368,1198.5,546.0,1.0
8006,36.395556,1199.25,546.0,1.0
8007,36.39586,1199.25,546.0,1.0
8008,36.404952,1198.75,546.0,1.0
8009,36.405232,1198.75,546.0,1.0
8010,36.411136,1198.75,546.0,1.0
8011,36.411432,1198.75,546.0,1.0
8012,36.415652,1198.75,546.0,1.0
8013,36.415952,1198.75,546.0,1.0
8014,36.424916,1199.75,546.0,1.0
8015,36.42536,1199.75,546.0,1.0
8016,36.43532,1199.5,546.0,1.0
8017,36.435616,1199.5,546.0,1.0
8018,36.44528,1198.5,546.0,1.0
8019,36.445576,1198.5,546.0,1.0
8020,36.45562,1199.0,546.0,1.0
8021,36.4562,1199.0,546.0,1.0
8022,36.46508,1199.5,546.0,1.0
8023,36.465384,1199.5,546.0,1.0
8024,36.47556,1199.0,546.0,1.0
8025,36.475856,1199.0,546.0,1.0
8026,36.485072,1200.0,546.0,1.0
8027,36.485364,1200.0,546.0,1.0
8028,36.495632,1199.75,546.0,1.0
8029,36.495924,1199.75,546.0,1.0
8030,36.504984,1198.75,546.0,1.0
8031,36.505272,1198.75,546.0,1.0
8032,36.511056,1198.0,546.0,1.0
8033,36.511368,1198.0,546.0,1.0
8034,36.515676,1198.0,546.0,1.0
8035,36.515972,1198.0,546.0,1.0
8036,36.5249,1198.0,546.0,1.0
8037,36.525188,1198.0,546.0,1.0
8038,36.535632,1198.25,546.0,1.0
8039,36.53596,1198.25,546.0,1.0
8040,36.545256,1197.75,546.0,1.0
8041,36.545552,1197.75,546.0,1.0
8042,36.555644,1198.25,546.0,1.0
8043,36.556232,1198.25,546.0,1.0
8044,36.565088,1198.25,546.0,1.0
8045,36.565392,1198.25,546.0,1.0
8046,36.57574,1198.5,546.0,1.0
8047,36.576044,1198.5,546.0,1.0
8048,36.585064,1200.75,546.0,1.0
8049,36.585364,1200.75,546.0,1.0
8050,36.595632,1201.5,546.0,1.0
8051,36.595932,1201.5,546.0,1.0
8052,36.60488,1200.75,546.0,1.0
8053,36.605164,1200.75,546.0,1.0
8054,36.61122,1199.75,546.0,1.0
8055,36.611512,1199.75,546.0,1.0
8056,36.615652,1199.75,545.0,1.0
8057,36.615952,1199.75,545.0,1.0
8058,36.62494,1199.5,545.0,1.0
8059,36.6254,1199.5,545.0,1.0
8060,36.63532,1199.0,545.0,1.0
8061,36.635624,1199.0,545.0,1.0
8062,36.645272,1198.0,545.0,1.0
8063,36.64616,1198.0,545.0,1.0
8064,36.655644,1198.25,545.0,1.0
8065,36.657012,1198.25,545.0,1.0
8066,36.66508,1198.25,545.0,1.0
8067,36.665808,1198.25,545.0,1.0
8068,36.675608,1197.5,545.0,1.0
8069,36.676904,1197.5,545.0,1.0
8070,36.685088,1198.5,545.0,1.0
8071,36.685824,1198.5,545.0,1.0
8072,36.695892,1198.5,545.0,1.0
8073,36.696892,1198.5,545.0,1.0
8074,36.70488,1197.5,545.0,1.0
8075,36.7054,1197.5,545.0,1.0
8076,36.71108,1197.5,545.0,1.0
8077,36.711368,1197.5,545.0,1.0
8078,36.715528,1197.5,546.0,1.0
8079,36.715824,1197.5,546.0,1.0
8080,36.724972,1198.75,546.0,1.0
8081,36.72526,1198.75,546.0,1.0
8082,36.735608,1199.0,546.0,1.0
8083,36.736328,1199.0,546.0,1.0
8084,36.745272,1198.5,546.0,1.0
8085,36.745568,1198.5,546.0,1.0
8086,36.755676,1199.5,546.0,1.0
8087,36.756256,1199.5,546.0,1.0
8088,36.765088,1200.0,546.0,1.0
8089,36.765416,1200.0,546.0,1.0
8090,36.775812,1199.5,546.0,1.0
8091,36.776108,1199.5,546.0,1.0
8092,36.785072,1201.25,546.0,1.0
8093,36.785364,1201.25,546.0,1.0
8094,36.795752,1202.25,546.0,1.0
8095,36.796056,1202.25,546.0,1.0
8096,36.805172,1202.25,546.0,1.0
8097,36.80546,1202.25,546.0,1.0
8098,36.811072,1201.5,546.0,1.0
8099,36.811376,1201.5,546.0,1.0
8100,36.815648,1201.5,546.0,1.0
8101,36.815944,1201.5,546.0,1.0
8102,36.824956,1201.25,546.0,1.0
8103,36.825244,1201.25,546.0,1.0
8104,36.83528,1200.75,546.0,1.0
8105,36.835572,1200.75,546.0,1.0
8106,36.845264,1199.25,546.0,1.0
8107,36.845568,1199.25,546.0,1.0
8108,36.855628,1198.75,546.0,1.0
8109,36.856208,1198.75,546.0,1.0
8110,36.865104,1197.75,546.0,1.0
8111,36.865408,1197.75,546.0,1.0
8112,36.875616,1197.25,546.0,1.0
8113,36.875912,1197.25,546.0,1.0
8114,36.88508,1199.25,546.0,1.0
8115,36.885372,1199.25,546.0,1.0
8116,36.89572,1199.5,546.0,1.0
8117,36.896016,1199.5,546.0,1.0
8118,36.90508,1198.75,546.0,1.0
8119,36.90536,1198.75,546.0,1.0
8120,36.911236,1198.75,546.0,1.0
8121,36.91152,1198.75,546.0,1.0
8122,36.91564,1198.75,546.0,1.0
8123,36.915936,1198.75,546.0,1.0
8124,36.924988,1199.5,546.0,1.0
8125,36.925284,1199.5,546.0,1.0
8126,36.935608,1199.0,546.0,1.0
8127,36.936188,1199.0,546.0,1.0
8128,36.945312,1197.25,546.0,1.0
8129,36.945608,1197.25,546.0,1.0
8130,36.955708,1197.0,546.0,1.0
8131,36.95638,1197.0,546.0,1.0
8132,36.965096,1196.75,546.0,1.0
8133,36.9654,1196.75,546.0,1.0
8134,36.975852,1196.5,546.0,1.0
8135,36.976148,1196.5,546.0,1.0
8136,36.985084,1198.25,546.0,1.0
8137,36.985388,1198.25,546.0,1.0
8138,36.995704,1199.0,546.0,1.0
8139,36.996004,1199.0,546.0,1.0
8140,37.005056,1198.5,546.0,1.0
8141,37.005508,1198.5,546.0,1.0
8142,37.01108,1197.75,546.0,1.0
8143,37.011364,1197.75,546.0,1.0
8144,37.015672,1197.75,545.0,1.0
8145,37.016044,1197.75,545.0,1.0
8146,37.02502,1197.25,545.0,1.0
8147,37.025308,1197.25,545.0,1.0
8148,37.035336,1196.75,545.0,1.0
8149,37.035784,1196.75,545.0,1.0
8150,37.045296,1196.25,545.0,1.0
8151,37.045764,1196.25,545.0,1.0
8152,37.055636,1197.25,545.0,1.0
8153,37.056216,1197.25,545.0,1.0
8154,37.065096,1198.25,545.0,1.0
8155,37.0654,1198.25,545.0,1.0
8156,37.0756,1198.75,545.0,1.0
8157,37.075896,1198.75,545.0,1.0
8158,37.085076,1201.5,545.0,1.0
8159,37.08538,1201.5,545.0,1.0
8160,37.095644,1203.0,545.0,1.0
8161,37.09594,1203.0,545.0,1.0
8162,37.105,1203.0,545.0,1.0
8163,37.105288,1203.0,545.0,1.0
8164,37.111104,1202.5,545.0,1.0
8165,37.1114,1202.5,545.0,1.0
8166,37.115488,1202.5,545.0,1.0
8167,37.11592,1202.5,545.0,1.0
8168,37.124996,1203.0,545.0,1.0
8169,37.125284,1203.0,545.0,1.0
8170,37.135656,1203.5,545.0,1.0
8171,37.135948,1203.5,545.0,1.0
8172,37.145568,1202.75,545.0,1.0
8173,37.146148,1202.75,545.0,1.0
8174,37.155724,1201.0,545.0,1.0
8175,37.156316,1201.0,545.0,1.0
8176,37.165112,1198.75,545.0,1.0
8177,37.165424,1198.75,545.0,1.0
8178,37.175788,1197.0,545.0,1.0
8179,37.176088,1197.0,545.0,1.0
8180,37.185084,1197.25,545.0,1.0
8181,37.18538,1197.25,545.0,1.0
8182,37.195432,1197.0,545.0,1.0
8183,37.195736,1197.0,545.0,1.0
8184,37.205016,1196.75,545.0,1.0
8185,37.205304,1196.75,545.0,1.0
8186,37.211232,1197.75,545.0,1.0
8187,37.211528,1197.75,545.0,1.0
8188,37.215656,1197.75,546.0,1.0
8189,37.21596,1197.75,546.0,1.0
8190,37.225096,1199.75,546.0,1.0
8191,37.225392,1199.75,546.0,1.0
8192,37.235352,1200.25,546.0,1.0
8193,37.235852,1200.25,546.0,1.0
8194,37.245568,1200.0,546.0,1.0
8195,37.24588,1200.0,546.0,1.0
8196,37.25566,1201.0,546.0,1.0
8197,37.25624,1201.0,546.0,1.0
8198,37.265104,1201.5,546.0,1.0
8199,37.266768,1201.5,546.0,1.0
8200,37.27578,1201.0,546.0,1.0
8201,37.2766,1201.0,546.0,1.0
8202,37.285176,1202.0,546.0,1.0
8203,37.285472,1202.0,546.0,1.0
8204,37.295644,1202.25,546.0,1.0
8205,37.29594,1202.25,546.0,1.0
8206,37.305112,1200.5,546.0,1.0
8207,37.305392,1200.5,546.0,1.0
8208,37.311088,1198.0,546.0,1.0
8209,37.31138,1198.0,546.0,1.0
8210,37.315484,1198.0,546.0,1.0
8211,37.31578,1198.0,546.0,1.0
8212,37.325112,1196.75,546.0,1.0
8213,37.325416,1196.75,546.0,1.0
8214,37.335656,1196.25,546.0,1.0
8215,37.335948,1196.25,546.0,1.0
8216,37.345008,1196.0,546.0,1.0
8217,37.345304,1196.0,546.0,1.0
8218,37.35574,1197.25,546.0,1.0
8219,37.35632,1197.25,546.0,1.0
8220,37.365104,1198.5,546.0,1.0
8221,37.365416,1198.5,546.0,1.0
8222,37.375664,1200.0,546.0,1.0
8223,37.375968,1200.0,546.0,1.0
8224,37.385092,1202.25,546.0,1.0
8225,37.385388,1202.25,546.0,1.0
8226,37.39548,1202.25,546.0,1.0
8227,37.395784,1202.25,546.0,1.0
8228,37.405032,1200.25,546.0,1.0
8229,37.405328,1200.25,546.0,1.0
8230,37.411144,1198.0,546.0,1.0
8231,37.411432,1198.0,546.0,1.0
8232,37.415664,1198.0,546.0,0.0
8233,37.415968,1198.0,546.0,0.0
8234,37.425104,1197.25,546.0,0.0
8235,37.425388,1197.25,546.0,0.0
8236,37.43536,1196.75,546.0,0.0
8237,37.435664,1196.75,546.0,0.0
8238,37.44528,1196.75,546.0,0.0
8239,37.445584,1196.75,546.0,0.0
8240,37.455648,1198.5,546.0,0.0
8241,37.455952,1198.5,546.0,0.0
8242,37.465128,1200.25,546.0,0.0
8243,37.465432,1200.25,546.0,0.0
8244,37.475656,1201.0,546.0,0.0
8245,37.475952,1201.0,546.0,0.0
8246,37.4851,1202.0,546.0,0.0
8247,37.48556,1202.0,546.0,0.0
8248,37.49566,1201.75,546.0,0.0
8249,37.495964,1201.75,546.0,0.0
8250,37.505088,1200.0,546.0,0.0
8251,37.50554,1200.0,546.0,0.0
8252,37.511264,1198.25,546.0,0.0
8253,37.511552,1198.25,546.0,0.0
8254,37.515608,1198.25,545.0,0.0
8255,37.515952,1198.25,545.0,0.0
8256,37.524996,1197.75,545.0,0.0
8257,37.52528,1197.75,545.0,0.0
8258,37.535652,1197.0,545.0,0.0
8259,37.535956,1197.0,545.0,0.0
8260,37.545288,1196.75,545.0,0.0
8261,37.545592,1196.75,545.0,0.0
8262,37.55574,1198.75,545.0,0.0
8263,37.556328,1198.75,545.0,0.0
8264,37.565112,1200.75,545.0,0.0
8265,37.565416,1200.75,545.0,0.0
8266,37.5759,1201.75,545.0,0.0
8267,37.576204,1201.75,545.0,0.0
8268,37.585108,1204.0,545.0,0.0
8269,37.58568,1204.0,545.0,0.0
8270,37.59548,1206.75,545.0,0.0
8271,37.595776,1206.75,545.0,0.0
8272,37.605072,1209.5,545.0,0.0
8273,37.605384,1209.5,545.0,0.0
8274,37.611096,1213.0,545.0,0.0
8275,37.611388,1213.0,545.0,0.0
8276,37.615696,1213.0,544.0,0.0
8277,37.615992,1213.0,544.0,0.0
8278,37.624972,1218.0,544.0,0.0
8279,37.625256,1218.0,544.0,0.0
8280,37.635376,1222.75,544.0,0.0
8281,37.63568,1222.75,544.0,0.0
8282,37.64532,1226.5,544.0,0.0
8283,37.645624,1226.5,544.0,0.0
8284,37.655656,1230.5,544.0,0.0
8285,37.656248,1230.5,544.0,0.0
8286,37.665112,1233.75,544.0,0.0
8287,37.665424,1233.75,544.0,0.0
8288,37.67572,1236.5,544.0,0.0
8289,37.676024,1236.5,544.0,0.0
8290,37.6851,1240.0,544.0,0.0
8291,37.685396,1240.0,544.0,0.0
8292,37.69566,1241.75,544.0,0.0
8293,37.695952,1241.75,544.0,0.0
8294,37.704932,1242.25,544.0,0.0
8295,37.70522,1242.25,544.0,0.0
8296,37.711092,1243.75,544.0,0.0
8297,37.711388,1243.75,544.0,0.0
8298,37.715444,1243.75,539.0,0.0
8299,37.715736,1243.75,539.0,0.0
8300,37.725112,1244.25,539.0,0.0
8301,37.725396,1244.25,539.0,0.0
8302,37.735676,1244.25,539.0,0.0
8303,37.736308,1244.25,539.0,0.0
8304,37.745008,1244.0,539.0,0.0
8305,37.745352,1244.0,539.0,0.0
8306,37.75584,1244.0,539.0,0.0
8307,37.756968,1244.0,539.0,0.0
8308,37.765136,1243.25,539.0,0.0
8309,37.76544,1243.25,539.0,0.0
8310,37.775688,1243.5,539.0,0.0
8311,37.775984,1243.5,539.0,0.0
8312,37.7851,1244.5,539.0,0.0
8313,37.785396,1244.5,539.0,0.0
8314,37.795364,1244.25,539.0,0.0
8315,37.795936,1244.25,539.0,0.0
8316,37.805112,1244.25,539.0,0.0
8317,37.805488,1244.25,539.0,0.0
8318,37.811248,1244.25,539.0,0.0
8319,37.811624,1244.25,539.0,0.0
8320,37.81592,1244.25,532.0,0.0
8321,37.816212,1244.25,532.0,0.0
8322,37.825112,1243.75,532.0,0.0
8323,37.825388,1243.75,532.0,0.0
8324,37.835552,1243.5,532.0,0.0
8325,37.835848,1243.5,532.0,0.0
8326,37.845296,1242.75,532.0,0.0
8327,37.8456,1242.75,532.0,0.0
8328,37.856008,1242.0,532.0,0.0
8329,37.856856,1242.0,532.0,0.0
8330,37.86512,1241.0,532.0,0.0
8331,37.865432,1241.0,532.0,0.0
8332,37.87568,1241.5,532.0,0.0
8333,37.875984,1241.5,532.0,0.0
8334,37.885208,1241.5,532.0,0.0
8335,37.885696,1241.5,532.0,0.0
8336,37.89566,1240.75,532.0,0.0
8337,37.89596,1240.75,532.0,0.0
8338,37.905112,1240.5,532.0,0.0
8339,37.905408,1240.5,532.0,0.0
8340,37.9111,1240.75,532.0,0.0
8341,37.911396,1240.75,532.0,0.0
8342,37.915696,1240.75,527.0,0.0
8343,37.915992,1240.75,527.0,0.0
8344,37.925076,1240.5,527.0,0.0
8345,37.925412,1240.5,527.0,0.0
8346,37.935932,1239.5,527.0,0.0
8347,37.936232,1239.5,527.0,0.0
8348,37.945024,1239.0,527.0,0.0
8349,37.945328,1239.0,527.0,0.0
8350,37.955724,1237.75,527.0,0.0
8351,37.956404,1237.75,527.0,0.0
8352,37.965128,1237.25,527.0,0.0
8353,37.965432,1237.25,527.0,0.0
8354,37.975876,1238.0,527.0,0.0
8355,37.976448,1238.0,527.0,0.0
8356,37.985108,1237.25,527.0,0.0
8357,37.985532,1237.25,527.0,0.0
8358,37.995388,1236.25,527.0,0.0
8359,37.995716,1236.25,527.0,0.0
8360,38.004988,1236.25,527.0,0.0
8361,38.005384,1236.25,527.0,0.0
8362,38.0111,1235.75,527.0,0.0
8363,38.011396,1235.75,527.0,0.0
8364,38.015752,1235.75,520.0,0.0
8365,38.016056,1235.75,520.0,0.0
8366,38.025036,1234.75,520.0,0.0
8367,38.025312,1234.75,520.0,0.0
8368,38.03552,1234.5,520.0,0.0
8369,38.036044,1234.5,520.0,0.0
8370,38.045016,1234.5,520.0,0.0
8371,38.04554,1234.5,520.0,0.0
8372,38.055672,1233.0,520.0,0.0
8373,38.056264,1233.0,520.0,0.0
8374,38.06516,1233.0,520.0,0.0
8375,38.065448,1233.0,520.0,0.0
8376,38.075644,1233.25,520.0,0.0
8377,38.07594,1233.25,520.0,0.0
8378,38.085124,1232.75,520.0,0.0
8379,38.085436,1232.75,520.0,0.0
8380,38.0957,1232.0,520.0,0.0
8381,38.096144,1232.0,520.0,0.0
8382,38.105176,1231.75,520.0,0.0
8383,38.105456,1231.75,520.0,0.0
8384,38.11128,1231.5,520.0,0.0
8385,38.111568,1231.5,520.0,0.0
8386,38.115648,1231.5,516.0,0.0
8387,38.115952,1231.5,516.0,0.0
8388,38.124976,1231.0,516.0,0.0
8389,38.125264,1231.0,516.0,0.0
8390,38.13566,1229.5,516.0,0.0
8391,38.135964,1229.5,516.0,0.0
8392,38.145312,1229.25,516.0,0.0
8393,38.145824,1229.25,516.0,0.0
8394,38.155712,1229.0,516.0,0.0
8395,38.156368,1229.0,516.0,0.0
8396,38.165128,1229.25,516.0,0.0
8397,38.165716,1229.25,516.0,0.0
8398,38.175948,1229.25,516.0,0.0
8399,38.176252,1229.25,516.0,0.0
8400,38.185132,1228.25,516.0,0.0
8401,38.185424,1228.25,516.0,0.0
8402,38.195616,1227.75,516.0,0.0
8403,38.19592,1227.75,516.0,0.0
8404,38.20498,1228.0,516.0,0.0
8405,38.205268,1228.0,516.0,0.0
8406,38.211208,1227.75,516.0,0.0
8407,38.211512,1227.75,516.0,0.0
8408,38.215704,1227.75,511.0,0.0
8409,38.216008,1227.75,511.0,0.0
8410,38.225124,1226.5,511.0,0.0
8411,38.225404,1226.5,511.0,0.0
8412,38.23538,1226.0,511.0,0.0
8413,38.235684,1226.0,511.0,0.0
8414,38.245336,1226.0,511.0,0.0
8415,38.245908,1226.0,511.0,0.0
8416,38.25568,1225.0,511.0,0.0
8417,38.256272,1225.0,511.0,0.0
8418,38.265136,1224.75,511.0,0.0
8419,38.267192,1224.75,511.0,0.0
8420,38.275744,1225.0,511.0,0.0
8421,38.27604,1225.0,511.0,0.0
8422,38.285188,1224.75,511.0,0.0
8423,38.285468,1224.75,511.0,0.0
8424,38.295672,1224.5,511.0,0.0
8425,38.295976,1224.5,511.0,0.0
8426,38.304932,1224.5,511.0,0.0
8427,38.305216,1224.5,511.0,0.0
8428,38.311116,1224.25,511.0,0.0
8429,38.311412,1224.25,511.0,0.0
8430,38.315484,1224.25,506.0,0.0
8431,38.31586,1224.25,506.0,0.0
8432,38.325328,1223.5,506.0,0.0
8433,38.325616,1223.5,506.0,0.0
8434,38.335692,1223.25,506.0,0.0
8435,38.336104,1223.25,506.0,0.0
8436,38.34532,1222.25,506.0,0.0
8437,38.345612,1222.25,506.0,0.0
8438,38.355704,1221.75,506.0,0.0
8439,38.356296,1221.75,506.0,0.0
8440,38.365152,1222.75,506.0,0.0
8441,38.365716,1222.75,506.0,0.0
8442,38.375704,1222.5,506.0,0.0
8443,38.376004,1222.5,506.0,0.0
8444,38.385124,1221.5,506.0,0.0
8445,38.385632,1221.5,506.0,0.0
8446,38.395452,1221.5,506.0,0.0
8447,38.395748,1221.5,506.0,0.0
8448,38.405128,1221.75,506.0,0.0
8449,38.405416,1221.75,506.0,0.0
8450,38.41128,1221.25,506.0,0.0
8451,38.411576,1221.25,506.0,0.0
8452,38.415712,1221.25,501.0,0.0
8453,38.416008,1221.25,501.0,0.0
8454,38.425084,1220.5,501.0,0.0
8455,38.425368,1220.5,501.0,0.0
8456,38.435396,1220.0,501.0,0.0
8457,38.43588,1220.0,501.0,0.0
8458,38.44532,1219.5,501.0,0.0
8459,38.4459,1219.5,501.0,0.0
8460,38.455992,1219.75,501.0,0.0
8461,38.456836,1219.75,501.0,0.0
8462,38.465176,1220.0,501.0,0.0
8463,38.465464,1220.0,501.0,0.0
8464,38.475712,1219.75,501.0,0.0
8465,38.476012,1219.75,501.0,0.0
8466,38.48514,1219.25,501.0,0.0
8467,38.485432,1219.25,501.0,0.0
8468,38.495688,1219.5,501.0,0.0
8469,38.495984,1219.5,501.0,0.0
8470,38.505356,1219.25,501.0,0.0
8471,38.505636,1219.25,501.0,0.0
8472,38.511208,1218.75,501.0,0.0
8473,38.511492,1218.75,501.0,0.0
8474,38.515508,1218.75,498.0,0.0
8475,38.515808,1218.75,498.0,0.0
8476,38.525436,1218.0,498.0,0.0
8477,38.52572,1218.0,498.0,0.0
8478,38.535692,1218.0,498.0,0.0
8479,38.535988,1218.0,498.0,0.0
8480,38.545344,1217.25,498.0,0.0
8481,38.545884,1217.25,498.0,0.0
8482,38.556056,1217.5,498.0,0.0
8483,38.556908,1217.5,498.0,0.0
8484,38.565144,1217.75,498.0,0.0
8485,38.565452,1217.75,498.0,0.0
8486,38.575964,1217.5,498.0,0.0
8487,38.576544,1217.5,498.0,0.0
8488,38.58512,1217.5,498.0,0.0
8489,38.585424,1217.5,498.0,0.0
8490,38.595412,1217.25,498.0,0.0
8491,38.595716,1217.25,498.0,0.0
8492,38.605372,1217.0,498.0,0.0
8493,38.60566,1217.0,498.0,0.0
8494,38.611116,1216.75,498.0,0.0
8495,38.611408,1216.75,498.0,0.0
8496,38.615704,1216.75,494.0,0.0
8497,38.616008,1216.75,494.0,0.0
8498,38.625076,1216.0,494.0,0.0
8499,38.625532,1216.0,494.0,0.0
8500,38.635592,1215.25,494.0,0.0
8501,38.635896,1215.25,494.0,0.0
8502,38.645336,1214.25,494.0,0.0
8503,38.646192,1214.25,494.0,0.0
8504,38.656008,1214.75,494.0,0.0
8505,38.65686,1214.75,494.0,0.0
8506,38.665176,1215.0,494.0,0.0
8507,38.665872,1215.0,494.0,0.0
8508,38.6757,1214.25,494.0,0.0
8509,38.676004,1214.25,494.0,0.0
8510,38.685128,1214.25,494.0,0.0
8511,38.685432,1214.25,494.0,0.0
8512,38.695704,1214.5,494.0,0.0
8513,38.696032,1214.5,494.0,0.0
8514,38.705292,1214.0,494.0,0.0
8515,38.705576,1214.0,494.0,0.0
8516,38.71128,1213.75,494.0,0.0
8517,38.711568,1213.75,494.0,0.0
8518,38.715496,1213.75,490.0,0.0
8519,38.7158,1213.75,490.0,0.0
8520,38.725232,1213.0,490.0,0.0
8521,38.725524,1213.0,490.0,0.0
8522,38.735724,1212.5,490.0,0.0
8523,38.736576,1212.5,490.0,0.0
8524,38.74504,1211.75,490.0,0.0
8525,38.745612,1211.75,490.0,0.0
8526,38.756008,1211.75,490.0,0.0
8527,38.756868,1211.75,490.0,0.0
8528,38.765152,1212.25,490.0,0.0
8529,38.765452,1212.25,490.0,0.0
8530,38.775928,1211.5,490.0,0.0
8531,38.776232,1211.5,490.0,0.0
8532,38.785204,1211.5,490.0,0.0
8533,38.78548,1211.5,490.0,0.0
8534,38.79542,1211.25,490.0,0.0
8535,38.79572,1211.25,490.0,0.0
8536,38.8053,1210.75,490.0,0.0
8537,38.805576,1210.75,490.0,0.0
8538,38.811224,1210.75,490.0,0.0
8539,38.811508,1210.75,490.0,0.0
8540,38.815728,1210.75,485.0,0.0
8541,38.816032,1210.75,485.0,0.0
8542,38.825272,1210.25,485.0,0.0
8543,38.82556,1210.25,485.0,0.0
8544,38.83578,1210.0,485.0,0.0
8545,38.836356,1210.0,485.0,0.0
8546,38.845056,1209.25,485.0,0.0
8547,38.84536,1209.25,485.0,0.0
8548,38.855984,1209.75,485.0,0.0
8549,38.856824,1209.75,485.0,0.0
8550,38.86516,1210.0,485.0,0.0
8551,38.86546,1210.0,485.0,0.0
8552,38.87576,1209.25,485.0,0.0
8553,38.87606,1209.25,485.0,0.0
8554,38.885344,1208.75,485.0,0.0
8555,38.885656,1208.75,485.0,0.0
8556,38.895696,1209.0,485.0,0.0
8557,38.896,1209.0,485.0,0.0
8558,38.90516,1209.0,485.0,0.0
8559,38.905448,1209.0,485.0,0.0
8560,38.911124,1208.75,485.0,0.0
8561,38.911408,1208.75,485.0,0.0
8562,38.915712,1208.75,482.0,0.0
8563,38.916004,1208.75,482.0,0.0
8564,38.92504,1208.25,482.0,0.0
8565,38.925328,1208.25,482.0,0.0
8566,38.935716,1207.75,482.0,0.0
8567,38.936016,1207.75,482.0,0.0
8568,38.945048,1207.25,482.0,0.0
8569,38.945348,1207.25,482.0,0.0
8570,38.9559,1208.0,482.0,0.0
8571,38.957048,1208.0,482.0,0.0
8572,38.965176,1208.0,482.0,0.0
8573,38.965648,1208.0,482.0,0.0
8574,38.975964,1207.25,482.0,0.0
8575,38.976544,1207.25,482.0,0.0
8576,38.985212,1207.0,482.0,0.0
8577,38.985488,1207.0,482.0,0.0
8578,38.995408,1207.25,482.0,0.0
8579,38.995992,1207.25,482.0,0.0
8580,39.005224,1207.0,482.0,0.0
8581,39.00552,1207.0,482.0,0.0
8582,39.011328,1206.5,482.0,0.0
8583,39.011624,1206.5,482.0,0.0
8584,39.01572,1206.5,477.0,0.0
8585,39.016024,1206.5,477.0,0.0
8586,39.025288,1206.25,477.0,0.0
8587,39.025572,1206.25,477.0,0.0
8588,39.035552,1206.0,477.0,0.0
8589,39.035848,1206.0,477.0,0.0
8590,39.045048,1205.25,477.0,0.0
8591,39.045348,1205.25,477.0,0.0
8592,39.056008,1205.5,477.0,0.0
8593,39.05686,1205.5,477.0,0.0
8594,39.065156,1205.75,477.0,0.0
8595,39.065468,1205.75,477.0,0.0
8596,39.075928,1205.75,477.0,0.0
8597,39.076512,1205.75,477.0,0.0
8598,39.08516,1205.5,477.0,0.0
8599,39.085612,1205.5,477.0,0.0
8600,39.095696,1205.25,477.0,0.0
8601,39.096,1205.25,477.0,0.0
8602,39.105052,1205.0,477.0,0.0
8603,39.10534,1205.0,477.0,0.0
8604,39.111244,1204.75,477.0,0.0
8605,39.11154,1204.75,477.0,0.0
8606,39.115668,1204.75,473.0,0.0
8607,39.115964,1204.75,473.0,0.0
8608,39.125288,1204.75,473.0,0.0
8609,39.125572,1204.75,473.0,0.0
8610,39.135716,1204.0,473.0,0.0
8611,39.136008,1204.0,473.0,0.0
8612,39.145064,1203.75,473.0,0.0
8613,39.145364,1203.75,473.0,0.0
8614,39.155964,1204.25,473.0,0.0
8615,39.156816,1204.25,473.0,0.0
8616,39.165164,1204.5,473.0,0.0
8617,39.165648,1204.5,473.0,0.0
8618,39.175732,1204.0,473.0,0.0
8619,39.176036,1204.0,473.0,0.0
8620,39.185144,1204.25,473.0,0.0
8621,39.185628,1204.25,473.0,0.0
8622,39.195408,1204.5,473.0,0.0
8623,39.195712,1204.5,473.0,0.0
8624,39.205068,1203.75,473.0,0.0
8625,39.205356,1203.75,473.0,0.0
8626,39.211172,1203.25,473.0,0.0
8627,39.211456,1203.25,473.0,0.0
8628,39.215728,1203.25,468.0,0.0
8629,39.216028,1203.25,468.0,0.0
8630,39.225432,1203.25,468.0,0.0
8631,39.22572,1203.25,468.0,0.0
8632,39.235592,1203.25,468.0,0.0
8633,39.235976,1203.25,468.0,0.0
8634,39.245052,1203.25,468.0,0.0
8635,39.245356,1203.25,468.0,0.0
8636,39.256008,1204.0,468.0,0.0
8637,39.256864,1204.0,468.0,0.0
8638,39.26528,1203.75,468.0,0.0
8639,39.27584,1203.5,468.0,0.0
8640,39.276444,1203.75,468.0,0.0
8641,39.281524,1203.5,468.0,0.0
8642,39.285152,1203.5,468.0,0.0
8643,39.285892,1203.5,468.0,0.0
8644,39.29572,1203.25,468.0,0.0
8645,39.296024,1203.25,468.0,0.0
8646,39.305076,1203.25,468.0,0.0
8647,39.305364,1203.25,468.0,0.0
8648,39.31128,1202.5,468.0,0.0
8649,39.311572,1202.5,468.0,0.0
8650,39.315896,1202.5,464.0,0.0
8651,39.3162,1202.5,464.0,0.0
8652,39.325112,1202.75,464.0,0.0
8653,39.3254,1202.75,464.0,0.0
8654,39.335704,1202.25,464.0,0.0
8655,39.336008,1202.25,464.0,0.0
8656,39.34506,1201.5,464.0,0.0
8657,39.345356,1201.5,464.0,0.0
8658,39.355956,1202.5,464.0,0.0
8659,39.356816,1202.5,464.0,0.0
8660,39.365376,1202.75,464.0,0.0
8661,39.365656,1202.75,464.0,0.0
8662,39.375976,1202.25,464.0,0.0
8663,39.37628,1202.25,464.0,0.0
8664,39.385168,1202.0,464.0,0.0
8665,39.385464,1202.0,464.0,0.0
8666,39.395432,1202.5,464.0,0.0
8667,39.395728,1202.5,464.0,0.0
8668,39.405092,1202.75,464.0,0.0
8669,39.405372,1202.75,464.0,0.0
8670,39.411268,1201.75,464.0,0.0
8671,39.411564,1201.75,464.0,0.0
8672,39.416104,1201.75,460.0,0.0
8673,39.416408,1201.75,460.0,0.0
8674,39.425088,1201.5,460.0,0.0
8675,39.425508,1201.5,460.0,0.0
8676,39.435584,1201.25,460.0,0.0
8677,39.43588,1201.25,460.0,0.0
8678,39.44508,1200.75,460.0,0.0
8679,39.44538,1200.75,460.0,0.0
8680,39.455712,1201.75,460.0,0.0
8681,39.4563,1201.75,460.0,0.0
8682,39.4654,1201.5,460.0,0.0
8683,39.465944,1201.5,460.0,0.0
8684,39.475732,1201.25,460.0,0.0
8685,39.476036,1201.25,460.0,0.0
8686,39.485184,1201.5,460.0,0.0
8687,39.485472,1201.5,460.0,0.0
8688,39.495712,1202.0,460.0,0.0
8689,39.496024,1202.0,460.0,0.0
8690,39.505108,1201.75,460.0,0.0
8691,39.505396,1201.75,460.0,0.0
8692,39.51116,1201.0,460.0,0.0
8693,39.511448,1201.0,460.0,0.0
8694,39.515936,1201.0,456.0,0.0
8695,39.51624,1201.0,456.0,0.0
8696,39.525136,1201.0,456.0,0.0
8697,39.525424,1201.0,456.0,0.0
8698,39.535736,1201.0,456.0,0.0
8699,39.536032,1201.0,456.0,0.0
8700,39.545068,1200.75,456.0,0.0
8701,39.545644,1200.75,456.0,0.0
8702,39.555916,1201.5,456.0,0.0
8703,39.557048,1201.5,456.0,0.0
8704,39.565392,1201.5,456.0,0.0
8705,39.565672,1201.5,456.0,0.0
8706,39.575992,1201.5,456.0,0.0
8707,39.576296,1201.5,456.0,0.0
8708,39.58516,1201.25,456.0,0.0
8709,39.585744,1201.25,456.0,0.0
8710,39.595448,1201.0,456.0,0.0
8711,39.595744,1201.0,456.0,0.0
8712,39.6051,1201.25,456.0,0.0
8713,39.60538,1201.25,456.0,0.0
8714,39.6113,1200.75,456.0,0.0
8715,39.611596,1200.75,456.0,0.0
8716,39.61574,1200.75,452.0,0.0
8717,39.616052,1200.75,452.0,0.0
8718,39.625212,1200.25,452.0,0.0
8719,39.62562,1200.25,452.0,0.0
8720,39.635688,1200.0,452.0,0.0
8721,39.636256,1200.0,452.0,0.0
8722,39.645076,1200.0,452.0,0.0
8723,39.64564,1200.0,452.0,0.0
8724,39.655736,1200.75,452.0,0.0
8725,39.656324,1200.75,452.0,0.0
8726,39.665468,1201.0,452.0,0.0
8727,39.665752,1201.0,452.0,0.0
8728,39.675764,1200.75,452.0,0.0
8729,39.676068,1200.75,452.0,0.0
8730,39.685176,1200.5,452.0,0.0
8731,39.685472,1200.5,452.0,0.0
8732,39.69572,1200.5,452.0,0.0
8733,39.696024,1200.5,452.0,0.0
8734,39.705148,1201.0,452.0,0.0
8735,39.705428,1201.0,452.0,0.0
8736,39.711268,1200.25,452.0,0.0
8737,39.711564,1200.25,452.0,0.0
8738,39.715784,1200.25,448.0,0.0
8739,39.716076,1200.25,448.0,0.0
8740,39.72516,1200.0,448.0,0.0
8741,39.725456,1200.0,448.0,0.0
8742,39.73572,1199.75,448.0,0.0
8743,39.736584,1199.75,448.0,0.0
8744,39.745092,1199.75,448.0,0.0
8745,39.745388,1199.75,448.0,0.0
8746,39.755948,1200.25,448.0,0.0
8747,39.756808,1200.25,448.0,0.0
8748,39.765416,1200.0,448.0,0.0
8749,39.765704,1200.0,448.0,0.0
8750,39.775748,1200.0,448.0,0.0
8751,39.776052,1200.0,448.0,0.0
8752,39.785464,1200.25,448.0,0.0
8753,39.785768,1200.25,448.0,0.0
8754,39.795508,1200.25,448.0,0.0
8755,39.7958,1200.25,448.0,0.0
8756,39.805116,1200.5,448.0,0.0
8757,39.805404,1200.5,448.0,0.0
8758,39.81116,1200.0,448.0,0.0
8759,39.811456,1200.0,448.0,0.0
8760,39.815824,1200.0,443.0,0.0
8761,39.816128,1200.0,443.0,0.0
8762,39.825268,1200.0,443.0,0.0
8763,39.825556,1200.0,443.0,0.0
8764,39.83586,1199.75,443.0,0.0
8765,39.836164,1199.75,443.0,0.0
8766,39.845084,1199.0,443.0,0.0
8767,39.84538,1199.0,443.0,0.0
8768,39.856028,1200.0,443.0,0.0
8769,39.856896,1200.0,443.0,0.0
8770,39.865476,1200.0,443.0,0.0
8771,39.86576,1200.0,443.0,0.0
8772,39.87582,1200.0,443.0,0.0
8773,39.876124,1200.0,443.0,0.0
8774,39.885176,1199.75,443.0,0.0
8775,39.885472,1199.75,443.0,0.0
8776,39.895744,1199.75,443.0,0.0
8777,39.89604,1199.75,443.0,0.0
8778,39.90518,1199.75,443.0,0.0
8779,39.90546,1199.75,443.0,0.0
8780,39.911152,1199.5,443.0,0.0
8781,39.911448,1199.5,443.0,0.0
8782,39.915816,1199.5,440.0,0.0
8783,39.916108,1199.5,440.0,0.0
8784,39.925308,1199.0,440.0,0.0
8785,39.925596,1199.0,440.0,0.0
8786,39.935736,1199.0,440.0,0.0
8787,39.93604,1199.0,440.0,0.0
8788,39.945076,1198.75,440.0,0.0
8789,39.94538,1198.75,440.0,0.0
8790,39.955872,1199.75,440.0,0.0
8791,39.956996,1199.75,440.0,0.0
8792,39.965392,1199.5,440.0,0.0
8793,39.965688,1199.5,440.0,0.0
8794,39.975764,1199.25,440.0,0.0
8795,39.976076,1199.25,440.0,0.0
8796,39.98524,1199.5,440.0,0.0
8797,39.985536,1199.5,440.0,0.0
8798,39.995472,1199.5,440.0,0.0
8799,39.995768,1199.5,440.0,0.0
8800,40.005156,1199.5,440.0,0.0
8801,40.005476,1199.5,440.0,0.0
8802,40.0113,1198.75,440.0,0.0
8803,40.011596,1198.75,440.0,0.0
8804,40.015864,1198.75,435.0,0.0
8805,40.016168,1198.75,435.0,0.0
8806,40.025176,1198.5,435.0,0.0
8807,40.025464,1198.5,435.0,0.0
8808,40.035616,1198.75,435.0,0.0
8809,40.035916,1198.75,435.0,0.0
8810,40.0451,1198.75,435.0,0.0
8811,40.045396,1198.75,435.0,0.0
8812,40.055744,1199.5,435.0,0.0
8813,40.056824,1199.5,435.0,0.0
8814,40.065352,1199.5,435.0,0.0
8815,40.06564,1199.5,435.0,0.0
8816,40.075748,1199.75,435.0,0.0
8817,40.076048,1199.75,435.0,0.0
8818,40.085232,1199.5,435.0,0.0
8819,40.08552,1199.5,435.0,0.0
8820,40.095744,1199.5,435.0,0.0
8821,40.096048,1199.5,435.0,0.0
8822,40.105132,1199.75,435.0,0.0
8823,40.105416,1199.75,435.0,0.0
8824,40.111144,1199.25,435.0,0.0
8825,40.11144,1199.25,435.0,0.0
8826,40.1157,1199.25,433.0,0.0
8827,40.116,1199.25,433.0,0.0
8828,40.125096,1199.25,433.0,0.0
8829,40.125384,1199.25,433.0,0.0
8830,40.13576,1199.0,433.0,0.0
8831,40.136064,1199.0,433.0,0.0
8832,40.145084,1198.25,433.0,0.0
8833,40.145388,1198.25,433.0,0.0
8834,40.155888,1199.25,433.0,0.0
8835,40.15648,1199.25,433.0,0.0
8836,40.16522,1199.25,433.0,0.0
8837,40.165524,1199.25,433.0,0.0
8838,40.17604,1198.75,433.0,0.0
8839,40.176336,1198.75,433.0,0.0
8840,40.185184,1199.0,433.0,0.0
8841,40.18548,1199.0,433.0,0.0
8842,40.19548,1199.5,433.0,0.0
8843,40.195784,1199.5,433.0,0.0
8844,40.205116,1199.75,433.0,0.0
8845,40.2054,1199.75,433.0,0.0
8846,40.211152,1199.25,433.0,0.0
8847,40.211448,1199.25,433.0,0.0
8848,40.215764,1199.25,427.0,0.0
8849,40.216068,1199.25,427.0,0.0
8850,40.225292,1199.0,427.0,0.0
8851,40.225588,1199.0,427.0,0.0
8852,40.235648,1198.75,427.0,0.0
8853,40.235952,1198.75,427.0,0.0
8854,40.245092,1198.5,427.0,0.0
8855,40.245388,1198.5,427.0,0.0
8856,40.255768,1199.25,427.0,0.0
8857,40.25606,1199.25,427.0,0.0
8858,40.265252,1199.0,427.0,0.0
8859,40.270232,1199.0,427.0,0.0
8860,40.275804,1199.0,427.0,0.0
8861,40.276132,1199.0,427.0,0.0
8862,40.285216,1199.25,427.0,0.0
8863,40.285512,1199.25,427.0,0.0
8864,40.295744,1199.25,427.0,0.0
8865,40.296048,1199.25,427.0,0.0
8866,40.305096,1199.25,427.0,0.0
8867,40.305384,1199.25,427.0,0.0
8868,40.311324,1199.0,427.0,0.0
8869,40.31162,1199.0,427.0,0.0
8870,40.315812,1199.0,424.0,0.0
8871,40.316108,1199.0,424.0,0.0
8872,40.325176,1198.75,424.0,0.0
8873,40.325464,1198.75,424.0,0.0
8874,40.336048,1198.75,424.0,0.0
8875,40.336344,1198.75,424.0,0.0
8876,40.3451,1198.5,424.0,0.0
8877,40.345404,1198.5,424.0,0.0
8878,40.355904,1199.25,424.0,0.0
8879,40.356488,1199.25,424.0,0.0
8880,40.365284,1199.5,424.0,0.0
8881,40.36558,1199.5,424.0,0.0
8882,40.375772,1199.5,424.0,0.0
8883,40.376064,1199.5,424.0,0.0
8884,40.385512,1199.25,424.0,0.0
8885,40.386052,1199.25,424.0,0.0
8886,40.395488,1199.25,424.0,0.0
8887,40.395792,1199.25,424.0,0.0
8888,40.405172,1199.5,424.0,0.0
8889,40.405456,1199.5,424.0,0.0
8890,40.411168,1199.0,424.0,0.0
8891,40.411464,1199.0,424.0,0.0
8892,40.416164,1199.0,419.0,0.0
8893,40.416468,1199.0,419.0,0.0
8894,40.425104,1198.75,419.0,0.0
8895,40.425392,1198.75,419.0,0.0
8896,40.435704,1198.5,419.0,0.0
8897,40.436008,1198.5,419.0,0.0
8898,40.445092,1198.75,419.0,0.0
8899,40.445392,1198.75,419.0,0.0
8900,40.455756,1199.75,419.0,0.0
8901,40.456888,1199.75,419.0,0.0
8902,40.465316,1199.75,419.0,0.0
8903,40.465604,1199.75,419.0,0.0
8904,40.476124,1200.0,419.0,0.0
8905,40.476424,1200.0,419.0,0.0
8906,40.485296,1199.75,419.0,0.0
8907,40.485584,1199.75,419.0,0.0
8908,40.495768,1199.75,419.0,0.0
8909,40.496072,1199.75,419.0,0.0
8910,40.505228,1199.75,419.0,0.0
8911,40.505516,1199.75,419.0,0.0
8912,40.51116,1199.0,419.0,0.0
8913,40.511448,1199.0,419.0,0.0
8914,40.515856,1199.0,416.0,0.0
8915,40.516172,1199.0,416.0,0.0
8916,40.525096,1199.25,416.0,0.0
8917,40.52538,1199.25,416.0,0.0
8918,40.535784,1199.0,416.0,0.0
8919,40.53608,1199.0,416.0,0.0
8920,40.5451,1198.75,416.0,0.0
8921,40.545392,1198.75,416.0,0.0
8922,40.555944,1199.5,416.0,0.0
8923,40.55706,1199.5,416.0,0.0
8924,40.565336,1199.75,416.0,0.0
8925,40.56562,1199.75,416.0,0.0
8926,40.575776,1199.75,416.0,0.0
8927,40.57608,1199.75,416.0,0.0
8928,40.585208,1199.5,416.0,0.0
8929,40.585512,1199.5,416.0,0.0
8930,40.59552,1199.75,416.0,0.0
8931,40.595824,1199.75,416.0,0.0
8932,40.605196,1200.5,416.0,0.0
8933,40.605484,1200.5,416.0,0.0
8934,40.611332,1199.75,416.0,0.0
8935,40.611616,1199.75,416.0,0.0
8936,40.615936,1199.75,412.0,0.0
8937,40.61624,1199.75,412.0,0.0
8938,40.625224,1199.5,412.0,0.0
8939,40.625512,1199.5,412.0,0.0
8940,40.635504,1199.25,412.0,0.0
8941,40.635808,1199.25,412.0,0.0
8942,40.645124,1199.0,412.0,0.0
8943,40.645704,1199.0,412.0,0.0
8944,40.655764,1199.5,412.0,0.0
8945,40.656348,1199.5,412.0,0.0
8946,40.665352,1199.75,412.0,0.0
8947,40.665628,1199.75,412.0,0.0
8948,40.675976,1200.0,412.0,0.0
8949,40.67628,1200.0,412.0,0.0
8950,40.6852,1199.5,412.0,0.0
8951,40.685504,1199.5,412.0,0.0
8952,40.695752,1199.75,412.0,0.0
8953,40.696052,1199.75,412.0,0.0
8954,40.705196,1200.0,412.0,0.0
8955,40.70548,1200.0,412.0,0.0
8956,40.711192,1199.5,412.0,0.0
8957,40.711488,1199.5,412.0,0.0
8958,40.71588,1199.5,408.0,0.0
8959,40.71618,1199.5,408.0,0.0
8960,40.725292,1199.25,408.0,0.0
8961,40.725576,1199.25,408.0,0.0
8962,40.735776,1199.25,408.0,0.0
8963,40.736636,1199.25,408.0,0.0
8964,40.745108,1199.25,408.0,0.0
8965,40.7454,1199.25,408.0,0.0
8966,40.75602,1199.75,408.0,0.0
8967,40.756864,1199.75,408.0,0.0
8968,40.765368,1199.5,408.0,0.0
8969,40.765652,1199.5,408.0,0.0
8970,40.775784,1199.5,408.0,0.0
8971,40.776088,1199.5,408.0,0.0
8972,40.7852,1199.75,408.0,0.0
8973,40.785504,1199.75,408.0,0.0
8974,40.795512,1199.5,408.0,0.0
8975,40.795816,1199.5,408.0,0.0
8976,40.805304,1199.25,408.0,0.0
8977,40.805588,1199.25,408.0,0.0
8978,40.811208,1198.75,408.0,0.0
8979,40.811504,1198.75,408.0,0.0
8980,40.815868,1198.75,404.0,0.0
8981,40.816164,1198.75,404.0,0.0
8982,40.825432,1198.75,404.0,0.0
8983,40.825708,1198.75,404.0,0.0
8984,40.835512,1199.0,404.0,0.0
8985,40.835816,1199.0,404.0,0.0
8986,40.8454,1199.0,404.0,0.0
8987,40.845696,1199.0,404.0,0.0
8988,40.856084,1200.0,404.0,0.0
8989,40.856936,1200.0,404.0,0.0
8990,40.865324,1200.0,404.0,0.0
8991,40.865612,1200.0,404.0,0.0
8992,40.875884,1200.0,404.0,0.0
8993,40.87618,1200.0,404.0,0.0
8994,40.885272,1199.75,404.0,0.0
8995,40.885552,1199.75,404.0,0.0
8996,40.895768,1199.5,404.0,0.0
8997,40.89606,1199.5,404.0,0.0
8998,40.905212,1199.75,404.0,0.0
8999,40.905496,1199.75,404.0,0.0
9000,40.911332,1199.25,404.0,0.0
9001,40.911616,1199.25,404.0,0.0
9002,40.915912,1199.25,401.0,0.0
9003,40.916212,1199.25,401.0,0.0
9004,40.92524,1199.25,401.0,0.0
9005,40.925692,1199.25,401.0,0.0
9006,40.935768,1199.0,401.0,0.0
9007,40.936072,1199.0,401.0,0.0
9008,40.945132,1198.75,401.0,0.0
9009,40.945424,1198.75,401.0,0.0
9010,40.955888,1199.75,401.0,0.0
9011,40.956468,1199.75,401.0,0.0
9012,40.9654,1199.75,401.0,0.0
9013,40.965684,1199.75,401.0,0.0
9014,40.975784,1199.75,401.0,0.0
9015,40.976088,1199.75,401.0,0.0
9016,40.985216,1199.5,401.0,0.0
9017,40.985508,1199.5,401.0,0.0
9018,40.995616,1199.75,401.0,0.0
9019,40.995912,1199.75,401.0,0.0
9020,41.005212,1200.25,401.0,0.0
9021,41.005628,1200.25,401.0,0.0
9022,41.011248,1199.75,401.0,0.0
9023,41.011536,1199.75,401.0,0.0
9024,41.015904,1199.75,396.0,0.0
9025,41.016204,1199.75,396.0,0.0
9026,41.025296,1199.5,396.0,0.0
9027,41.025592,1199.5,396.0,0.0
9028,41.035604,1199.25,396.0,0.0
9029,41.035896,1199.25,396.0,0.0
9030,41.045408,1199.0,396.0,0.0
9031,41.045704,1199.0,396.0,0.0
9032,41.055772,1199.25,396.0,0.0
9033,41.056352,1199.25,396.0,0.0
9034,41.065628,1199.25,396.0,0.0
9035,41.065904,1199.25,396.0,0.0
9036,41.075956,1199.25,396.0,0.0
9037,41.07626,1199.25,396.0,0.0
9038,41.085216,1199.25,396.0,0.0
9039,41.085508,1199.25,396.0,0.0
9040,41.095792,1199.25,396.0,0.0
9041,41.096084,1199.25,396.0,0.0
9042,41.105212,1199.75,396.0,0.0
9043,41.105496,1199.75,396.0,0.0
9044,41.111176,1199.25,396.0,0.0
9045,41.111472,1199.25,396.0,0.0
9046,41.11572,1199.25,393.0,0.0
9047,41.116024,1199.25,393.0,0.0
9048,41.125328,1199.5,393.0,0.0
9049,41.125616,1199.5,393.0,0.0
9050,41.135784,1199.0,393.0,0.0
9051,41.136088,1199.0,393.0,0.0
9052,41.14512,1198.75,393.0,0.0
9053,41.145416,1198.75,393.0,0.0
9054,41.15596,1199.75,393.0,0.0
9055,41.156828,1199.75,393.0,0.0
9056,41.165232,1199.75,393.0,0.0
9057,41.165536,1199.75,393.0,0.0
9058,41.17608,1199.75,393.0,0.0
9059,41.176384,1199.75,393.0,0.0
9060,41.185264,1199.5,393.0,0.0
9061,41.185552,1199.5,393.0,0.0
9062,41.195496,1199.75,393.0,0.0
9063,41.195792,1199.75,393.0,0.0
9064,41.205228,1200.0,393.0,0.0
9065,41.205512,1200.0,393.0,0.0
9066,41.211372,1199.5,393.0,0.0
9067,41.211664,1199.5,393.0,0.0
9068,41.21582,1199.5,389.0,0.0
9069,41.21612,1199.5,389.0,0.0
9070,41.225504,1199.0,389.0,0.0
9071,41.225788,1199.0,389.0,0.0
9072,41.235708,1199.25,389.0,0.0
9073,41.236004,1199.25,389.0,0.0
9074,41.245136,1199.25,389.0,0.0
9075,41.24544,1199.25,389.0,0.0
9076,41.25578,1200.25,389.0,0.0
9077,41.25636,1200.25,389.0,0.0
9078,41.26524,1200.0,389.0,0.0
9079,41.267184,1200.0,389.0,0.0
9080,41.27612,1200.0,389.0,0.0
9081,41.276424,1200.0,389.0,0.0
9082,41.285484,1200.0,389.0,0.0
9083,41.285772,1200.0,389.0,0.0
9084,41.29578,1200.0,389.0,0.0
9085,41.296084,1200.0,389.0,0.0
9086,41.30526,1200.0,389.0,0.0
9087,41.305544,1200.0,389.0,0.0
9088,41.311184,1199.5,389.0,0.0
9089,41.311476,1199.5,389.0,0.0
9090,41.315784,1199.5,386.0,0.0
9091,41.31608,1199.5,386.0,0.0
9092,41.325468,1199.75,386.0,0.0
9093,41.325756,1199.75,386.0,0.0
9094,41.3358,1199.75,386.0,0.0
9095,41.336096,1199.75,386.0,0.0
9096,41.345128,1199.25,386.0,0.0
9097,41.345424,1199.25,386.0,0.0
9098,41.356024,1199.75,386.0,0.0
9099,41.356876,1199.75,386.0,0.0
9100,41.365256,1200.0,386.0,0.0
9101,41.36556,1200.0,386.0,0.0
9102,41.37608,1200.5,386.0,0.0
9103,41.376384,1200.5,386.0,0.0
9104,41.3855,1200.0,386.0,0.0
9105,41.385796,1200.0,386.0,0.0
9106,41.395544,1200.0,386.0,0.0
9107,41.395848,1200.0,386.0,0.0
9108,41.405308,1200.5,386.0,0.0
9109,41.405596,1200.5,386.0,0.0
9110,41.411208,1200.25,386.0,0.0
9111,41.411492,1200.25,386.0,0.0
9112,41.416088,1200.25,382.0,0.0
9113,41.416392,1200.25,382.0,0.0
9114,41.425396,1200.0,382.0,0.0
9115,41.425688,1200.0,382.0,0.0
9116,41.435644,1199.5,382.0,0.0
9117,41.435948,1199.5,382.0,0.0
9118,41.445128,1199.25,382.0,0.0
9119,41.445432,1199.25,382.0,0.0
9120,41.456092,1200.0,382.0,0.0
9121,41.45696,1200.0,382.0,0.0
9122,41.46524,1200.0,382.0,0.0
9123,41.465544,1200.0,382.0,0.0
9124,41.47604,1200.0,382.0,0.0
9125,41.47634,1200.0,382.0,0.0
9126,41.485272,1199.75,382.0,0.0
9127,41.485556,1199.75,382.0,0.0
9128,41.495788,1200.0,382.0,0.0
9129,41.496084,1200.0,382.0,0.0
9130,41.505324,1200.5,382.0,0.0
9131,41.505612,1200.5,382.0,0.0
9132,41.511352,1199.75,382.0,0.0
9133,41.511648,1199.75,382.0,0.0
9134,41.51576,1199.75,379.0,0.0
9135,41.516064,1199.75,379.0,0.0
9136,41.525576,1199.75,379.0,0.0
9137,41.525864,1199.75,379.0,0.0
9138,41.535792,1199.75,379.0,0.0
9139,41.536088,1199.75,379.0,0.0
9140,41.545152,1199.5,379.0,0.0
9141,41.545448,1199.5,379.0,0.0
9142,41.555984,1200.0,379.0,0.0
9143,41.556844,1200.0,379.0,0.0
9144,41.565264,1200.0,379.0,0.0
9145,41.565552,1200.0,379.0,0.0
9146,41.576096,1200.0,379.0,0.0
9147,41.576392,1200.0,379.0,0.0
9148,41.585228,1199.75,379.0,0.0
9149,41.585524,1199.75,379.0,0.0
9150,41.595608,1199.75,379.0,0.0
9151,41.595912,1199.75,379.0,0.0
9152,41.605232,1200.25,379.0,0.0
9153,41.60552,1200.25,379.0,0.0
9154,41.6112,1199.75,379.0,0.0
9155,41.611492,1199.75,379.0,0.0
9156,41.615808,1199.75,374.0,0.0
9157,41.616104,1199.75,374.0,0.0
9158,41.62546,1199.5,374.0,0.0
9159,41.625756,1199.5,374.0,0.0
9160,41.63566,1199.25,374.0,0.0
9161,41.63596,1199.25,374.0,0.0
9162,41.645136,1199.0,374.0,0.0
9163,41.645816,1199.0,374.0,0.0
9164,41.65608,1200.0,374.0,0.0
9165,41.65764,1200.0,374.0,0.0
9166,41.665272,1200.0,374.0,0.0
9167,41.665872,1200.0,374.0,0.0
9168,41.676308,1200.0,374.0,0.0
9169,41.677324,1200.0,374.0,0.0
9170,41.685256,1199.5,374.0,0.0
9171,41.686056,1199.5,374.0,0.0
9172,41.695812,1199.5,374.0,0.0
9173,41.696976,1199.5,374.0,0.0
9174,41.705216,1200.0,374.0,0.0
9175,41.705512,1200.0,374.0,0.0
9176,41.711208,1199.25,374.0,0.0
9177,41.711492,1199.25,374.0,0.0
9178,41.715792,1199.25,372.0,0.0
9179,41.716088,1199.25,372.0,0.0
9180,41.725328,1199.0,372.0,0.0
9181,41.725624,1199.0,372.0,0.0
9182,41.7358,1199.0,372.0,0.0
9183,41.736656,1199.0,372.0,0.0
9184,41.745144,1199.0,372.0,0.0
9185,41.745448,1199.0,372.0,0.0
9186,41.755992,1199.25,372.0,0.0
9187,41.75686,1199.25,372.0,0.0
9188,41.765296,1199.5,372.0,0.0
9189,41.765888,1199.5,372.0,0.0
9190,41.776104,1199.75,372.0,0.0
9191,41.776416,1199.75,372.0,0.0
9192,41.785252,1199.75,372.0,0.0
9193,41.785548,1199.75,372.0,0.0
9194,41.795688,1200.0,372.0,0.0
9195,41.795984,1200.0,372.0,0.0
9196,41.805256,1200.0,372.0,0.0
9197,41.805544,1200.0,372.0,0.0
9198,41.811344,1199.75,372.0,0.0
9199,41.811632,1199.75,372.0,0.0
9200,41.815908,1199.75,367.0,0.0
9201,41.816204,1199.75,367.0,0.0
9202,41.825328,1199.75,367.0,0.0
9203,41.825616,1199.75,367.0,0.0
9204,41.835716,1199.75,367.0,0.0
9205,41.836012,1199.75,367.0,0.0
9206,41.84516,1199.25,367.0,0.0
9207,41.845456,1199.25,367.0,0.0
9208,41.856148,1199.75,367.0,0.0
9209,41.857,1199.75,367.0,0.0
9210,41.865348,1200.0,367.0,0.0
9211,41.865632,1200.0,367.0,0.0
9212,41.876096,1200.25,367.0,0.0
9213,41.876388,1200.25,367.0,0.0
9214,41.885288,1200.0,367.0,0.0
9215,41.885572,1200.0,367.0,0.0
9216,41.895796,1199.75,367.0,0.0
9217,41.8961,1199.75,367.0,0.0
9218,41.905264,1200.0,367.0,0.0
9219,41.905552,1200.0,367.0,0.0
9220,41.911224,1200.0,367.0,0.0
9221,41.911516,1200.0,367.0,0.0
9222,41.9159,1200.0,365.0,0.0
9223,41.916192,1200.0,365.0,0.0
9224,41.925428,1200.0,365.0,0.0
9225,41.925712,1200.0,365.0,0.0
9226,41.935824,1199.75,365.0,0.0
9227,41.936116,1199.75,365.0,0.0
9228,41.945144,1199.75,365.0,0.0
9229,41.945448,1199.75,365.0,0.0
9230,41.955976,1200.0,365.0,0.0
9231,41.95694,1200.0,365.0,0.0
9232,41.965304,1200.25,365.0,0.0
9233,41.965732,1200.25,365.0,0.0
9234,41.976112,1200.25,365.0,0.0
9235,41.976416,1200.25,365.0,0.0
9236,41.985244,1200.0,365.0,0.0
9237,41.98554,1200.0,365.0,0.0
9238,41.995664,1200.0,365.0,0.0
9239,41.995968,1200.0,365.0,0.0
9240,42.0053,1200.25,365.0,0.0
9241,42.005768,1200.25,365.0,0.0
9242,42.011296,1200.0,365.0,0.0
9243,42.011592,1200.0,365.0,0.0
9244,42.015848,1200.0,360.0,0.0
9245,42.016384,1200.0,360.0,0.0
9246,42.025368,1199.5,360.0,0.0
9247,42.025656,1199.5,360.0,0.0
9248,42.035692,1199.5,360.0,0.0
9249,42.035984,1199.5,360.0,0.0
9250,42.045152,1199.75,360.0,0.0
9251,42.045448,1199.75,360.0,0.0
9252,42.055836,1200.0,360.0,0.0
9253,42.056416,1200.0,360.0,0.0
9254,42.06532,1200.0,360.0,0.0
9255,42.065608,1200.0,360.0,0.0
9256,42.076052,1200.25,360.0,0.0
9257,42.076356,1200.25,360.0,0.0
9258,42.085284,1200.25,360.0,0.0
9259,42.085572,1200.25,360.0,0.0
9260,42.095812,1200.0,360.0,0.0
9261,42.096108,1200.0,360.0,0.0
9262,42.105216,1200.0,360.0,0.0
9263,42.105504,1200.0,360.0,0.0
9264,42.11136,1200.0,360.0,0.0
9265,42.111656,1200.0,360.0,0.0
9266,42.115824,1200.0,357.0,0.0
9267,42.116128,1200.0,357.0,0.0
9268,42.125432,1200.0,357.0,0.0
9269,42.12572,1200.0,357.0,0.0
9270,42.135804,1199.75,357.0,0.0
9271,42.1361,1199.75,357.0,0.0
9272,42.145176,1199.5,357.0,0.0
9273,42.145496,1199.5,357.0,0.0
9274,42.155968,1200.0,357.0,0.0
9275,42.156832,1200.0,357.0,0.0
9276,42.16528,1200.25,357.0,0.0
9277,42.165568,1200.25,357.0,0.0
9278,42.176112,1200.5,357.0,0.0
9279,42.176412,1200.5,357.0,0.0
9280,42.185344,1200.0,357.0,0.0
9281,42.185628,1200.0,357.0,0.0
9282,42.1956,1200.25,357.0,0.0
9283,42.195896,1200.25,357.0,0.0
9284,42.205248,1200.75,357.0,0.0
9285,42.205536,1200.75,357.0,0.0
9286,42.211228,1200.5,357.0,0.0
9287,42.211524,1200.5,357.0,0.0
9288,42.215872,1200.5,353.0,0.0
9289,42.216176,1200.5,353.0,0.0
9290,42.225352,1200.25,353.0,0.0
9291,42.22564,1200.25,353.0,0.0
9292,42.235692,1199.75,353.0,0.0
9293,42.235992,1199.75,353.0,0.0
9294,42.24516,1199.75,353.0,0.0
9295,42.245456,1199.75,353.0,0.0
9296,42.256104,1200.5,353.0,0.0
9297,42.256948,1200.5,353.0,0.0
9298,42.265288,1200.0,353.0,0.0
9299,42.269384,1200.0,353.0,0.0
9300,42.276232,1200.0,353.0,0.0
9301,42.276528,1200.0,353.0,0.0
9302,42.285252,1200.0,353.0,0.0
9303,42.285556,1200.0,353.0,0.0
9304,42.295828,1200.25,353.0,0.0
9305,42.2964,1200.25,353.0,0.0
9306,42.305264,1200.5,353.0,0.0
9307,42.305552,1200.5,353.0,0.0
9308,42.311244,1200.25,353.0,0.0
9309,42.31154,1200.25,353.0,0.0
9310,42.315776,1200.25,351.0,0.0
9311,42.31608,1200.25,351.0,0.0
9312,42.325648,1200.0,351.0,0.0
9313,42.326008,1200.0,351.0,0.0
9314,42.336092,1200.0,351.0,0.0
9315,42.336396,1200.0,351.0,0.0
9316,42.34516,1199.75,351.0,0.0
9317,42.345464,1199.75,351.0,0.0
9318,42.356008,1200.25,351.0,0.0
9319,42.356876,1200.25,351.0,0.0
9320,42.365272,1200.5,351.0,0.0
9321,42.365584,1200.5,351.0,0.0
9322,42.376152,1201.0,351.0,0.0
9323,42.376472,1201.0,351.0,0.0
9324,42.385548,1200.75,351.0,0.0
9325,42.385848,1200.75,351.0,0.0
9326,42.395616,1200.75,351.0,0.0
9327,42.39592,1200.75,351.0,0.0
9328,42.405396,1201.0,351.0,0.0
9329,42.405684,1201.0,351.0,0.0
9330,42.411392,1200.5,351.0,0.0
9331,42.411688,1200.5,351.0,0.0
9332,42.41616,1200.5,347.0,0.0
9333,42.416464,1200.5,347.0,0.0
9334,42.425532,1200.25,347.0,0.0
9335,42.42582,1200.25,347.0,0.0
9336,42.43574,1199.75,347.0,0.0
9337,42.43604,1199.75,347.0,0.0
9338,42.445184,1199.75,347.0,0.0
9339,42.445512,1199.75,347.0,0.0
9340,42.455808,1200.5,347.0,0.0
9341,42.456112,1200.5,347.0,0.0
9342,42.465552,1200.5,347.0,0.0
9343,42.46596,1200.5,347.0,0.0
9344,42.476144,1200.25,347.0,0.0
9345,42.476444,1200.25,347.0,0.0
9346,42.485536,1200.25,347.0,0.0
9347,42.485824,1200.25,347.0,0.0
9348,42.49582,1200.25,347.0,0.0
9349,42.49612,1200.25,347.0,0.0
9350,42.50542,1200.5,347.0,0.0
9351,42.505804,1200.5,347.0,0.0
9352,42.51122,1200.25,347.0,0.0
9353,42.511516,1200.25,347.0,0.0
9354,42.515832,1200.25,343.0,0.0
9355,42.516136,1200.25,343.0,0.0
9356,42.525736,1199.75,343.0,0.0
9357,42.526024,1199.75,343.0,0.0
9358,42.535836,1199.75,343.0,0.0
9359,42.536132,1199.75,343.0,0.0
9360,42.545168,1199.75,343.0,0.0
9361,42.545464,1199.75,343.0,0.0
9362,42.556032,1200.25,343.0,0.0
9363,42.556892,1200.25,343.0,0.0
9364,42.565296,1199.75,343.0,0.0
9365,42.5656,1199.75,343.0,0.0
9366,42.576136,1200.0,343.0,0.0
9367,42.576436,1200.0,343.0,0.0
9368,42.585284,1200.0,343.0,0.0
9369,42.585572,1200.0,343.0,0.0
9370,42.595632,1199.75,343.0,0.0
9371,42.595936,1199.75,343.0,0.0
9372,42.605364,1200.0,343.0,0.0
9373,42.605648,1200.0,343.0,0.0
9374,42.611212,1200.0,343.0,0.0
9375,42.611508,1200.0,343.0,0.0
9376,42.615904,1200.0,339.0,0.0
9377,42.616224,1200.0,339.0,0.0
9378,42.625564,1199.75,339.0,0.0
9379,42.625956,1199.75,339.0,0.0
9380,42.63572,1199.75,339.0,0.0
9381,42.636024,1199.75,339.0,0.0
9382,42.645472,1199.5,339.0,0.0
9383,42.64606,1199.5,339.0,0.0
9384,42.656128,1200.25,339.0,0.0
9385,42.65698,1200.25,339.0,0.0
9386,42.665288,1200.0,339.0,0.0
9387,42.665592,1200.0,339.0,0.0
9388,42.676224,1200.5,339.0,0.0
9389,42.676528,1200.5,339.0,0.0
9390,42.68534,1200.25,339.0,0.0
9391,42.6858,1200.25,339.0,0.0
9392,42.695828,1200.0,339.0,0.0
9393,42.69612,1200.0,339.0,0.0
9394,42.70528,1200.5,339.0,0.0
9395,42.70556,1200.5,339.0,0.0
9396,42.711376,1200.5,339.0,0.0
9397,42.711672,1200.5,339.0,0.0
9398,42.7158,1200.5,337.0,0.0
9399,42.716104,1200.5,337.0,0.0
9400,42.725604,1200.25,337.0,0.0
9401,42.725892,1200.25,337.0,0.0
9402,42.735836,1200.0,337.0,0.0
9403,42.736656,1200.0,337.0,0.0
9404,42.745192,1200.25,337.0,0.0
9405,42.745488,1200.25,337.0,0.0
9406,42.756048,1201.25,337.0,0.0
9407,42.756888,1201.25,337.0,0.0
9408,42.765492,1200.75,337.0,0.0
9409,42.765776,1200.75,337.0,0.0
9410,42.776124,1201.0,337.0,0.0
9411,42.776428,1201.0,337.0,0.0
9412,42.785268,1200.75,337.0,0.0
9413,42.785848,1200.75,337.0,0.0
9414,42.795656,1200.75,337.0,0.0
9415,42.795952,1200.75,337.0,0.0
9416,42.805328,1200.75,337.0,0.0
9417,42.805608,1200.75,337.0,0.0
9418,42.8113,1200.25,337.0,0.0
9419,42.811596,1200.25,337.0,0.0
9420,42.815848,1200.25,333.0,0.0
9421,42.816144,1200.25,333.0,0.0
9422,42.825472,1200.0,333.0,0.0
9423,42.825768,1200.0,333.0,0.0
9424,42.835772,1200.0,333.0,0.0
9425,42.836072,1200.0,333.0,0.0
9426,42.845176,1200.0,333.0,0.0
9427,42.845676,1200.0,333.0,0.0
9428,42.856128,1200.5,333.0,0.0
9429,42.85698,1200.5,333.0,0.0
9430,42.865572,1200.5,333.0,0.0
9431,42.86586,1200.5,333.0,0.0
9432,42.876116,1200.75,333.0,0.0
9433,42.876412,1200.75,333.0,0.0
9434,42.885448,1201.0,333.0,0.0
9435,42.885728,1201.0,333.0,0.0
9436,42.895844,1201.0,333.0,0.0
9437,42.896144,1201.0,333.0,0.0
9438,42.905296,1201.0,333.0,0.0
9439,42.905584,1201.0,333.0,0.0
9440,42.911228,1200.75,333.0,0.0
9441,42.91152,1200.75,333.0,0.0
9442,42.916012,1200.75,330.0,0.0
9443,42.916316,1200.75,330.0,0.0
9444,42.925532,1200.5,330.0,0.0
9445,42.925884,1200.5,330.0,0.0
9446,42.935836,1200.0,330.0,0.0
9447,42.936132,1200.0,330.0,0.0
9448,42.945184,1199.75,330.0,0.0
9449,42.94548,1199.75,330.0,0.0
9450,42.956048,1200.75,330.0,0.0
9451,42.957072,1200.75,330.0,0.0
9452,42.965468,1200.5,330.0,0.0
9453,42.965752,1200.5,330.0,0.0
9454,42.975856,1200.25,330.0,0.0
9455,42.976156,1200.25,330.0,0.0
9456,42.985292,1200.25,330.0,0.0
9457,42.985584,1200.25,330.0,0.0
9458,42.995632,1200.25,330.0,0.0
9459,42.995932,1200.25,330.0,0.0
9460,43.005192,1200.75,330.0,0.0
9461,43.005712,1200.75,330.0,0.0
9462,43.011416,1200.75,330.0,0.0
9463,43.011712,1200.75,330.0,0.0
9464,43.016128,1200.75,326.0,0.0
9465,43.01642,1200.75,326.0,0.0
9466,43.025416,1200.5,326.0,0.0
9467,43.025696,1200.5,326.0,0.0
9468,43.035752,1200.25,326.0,0.0
9469,43.036048,1200.25,326.0,0.0
9470,43.0452,1200.25,326.0,0.0
9471,43.045496,1200.25,326.0,0.0
9472,43.055832,1201.0,326.0,0.0
9473,43.056424,1201.0,326.0,0.0
9474,43.065476,1200.25,326.0,0.0
9475,43.06576,1200.25,326.0,0.0
9476,43.076108,1200.25,326.0,0.0
9477,43.076412,1200.25,326.0,0.0
9478,43.085276,1200.25,326.0,0.0
9479,43.085568,1200.25,326.0,0.0
9480,43.095832,1200.0,326.0,0.0
9481,43.096136,1200.0,326.0,0.0
9482,43.105312,1200.25,326.0,0.0
9483,43.1056,1200.25,326.0,0.0
9484,43.111308,1200.0,326.0,0.0
9485,43.111604,1200.0,326.0,0.0
9486,43.116092,1200.0,324.0,0.0
9487,43.116396,1200.0,324.0,0.0
9488,43.125408,1199.75,324.0,0.0
9489,43.125696,1199.75,324.0,0.0
9490,43.135852,1200.0,324.0,0.0
9491,43.136156,1200.0,324.0,0.0
9492,43.145192,1199.75,324.0,0.0
9493,43.145488,1199.75,324.0,0.0
9494,43.155948,1200.25,324.0,0.0
9495,43.156528,1200.25,324.0,0.0
9496,43.165456,1200.5,324.0,0.0
9497,43.165736,1200.5,324.0,0.0
9498,43.175864,1200.75,324.0,0.0
9499,43.176164,1200.75,324.0,0.0
9500,43.185284,1200.25,324.0,0.0
9501,43.185576,1200.25,324.0,0.0
9502,43.195636,1200.25,324.0,0.0
9503,43.195932,1200.25,324.0,0.0
9504,43.205328,1200.5,324.0,0.0
9505,43.205616,1200.5,324.0,0.0
9506,43.211268,1200.0,324.0,0.0
9507,43.211552,1200.0,324.0,0.0
9508,43.21616,1200.0,319.0,0.0
9509,43.216452,1200.0,319.0,0.0
9510,43.225316,1200.0,319.0,0.0
9511,43.225604,1200.0,319.0,0.0
9512,43.23564,1199.25,319.0,0.0
9513,43.235944,1199.25,319.0,0.0
9514,43.245192,1199.25,319.0,0.0
9515,43.245576,1199.25,319.0,0.0
9516,43.256144,1200.25,319.0,0.0
9517,43.256996,1200.25,319.0,0.0
9518,43.265456,1200.0,319.0,0.0
9519,43.267236,1200.0,319.0,0.0
9520,43.276156,1200.25,319.0,0.0
9521,43.277296,1200.25,319.0,0.0
9522,43.285412,1200.25,319.0,0.0
9523,43.2857,1200.25,319.0,0.0
9524,43.29584,1200.25,319.0,0.0
9525,43.296144,1200.25,319.0,0.0
9526,43.305272,1200.5,319.0,0.0
9527,43.30556,1200.5,319.0,0.0
9528,43.3114,1200.0,319.0,0.0
9529,43.311684,1200.0,319.0,0.0
9530,43.316192,1200.0,317.0,0.0
9531,43.316496,1200.0,317.0,0.0
9532,43.325324,1199.75,317.0,0.0
9533,43.325612,1199.75,317.0,0.0
9534,43.335844,1199.75,317.0,0.0
9535,43.336144,1199.75,317.0,0.0
9536,43.345512,1199.75,317.0,0.0
9537,43.345804,1199.75,317.0,0.0
9538,43.35602,1200.0,317.0,0.0
9539,43.35688,1200.0,317.0,0.0
9540,43.365548,1199.75,317.0,0.0
9541,43.365832,1199.75,317.0,0.0
9542,43.375868,1199.75,317.0,0.0
9543,43.376444,1199.75,317.0,0.0
9544,43.385568,1200.0,317.0,0.0
9545,43.385864,1200.0,317.0,0.0
9546,43.395744,1200.0,317.0,0.0
9547,43.396048,1200.0,317.0,0.0
9548,43.405296,1200.0,317.0,0.0
9549,43.405584,1200.0,317.0,0.0
9550,43.411232,1200.0,317.0,0.0
9551,43.411536,1200.0,317.0,0.0
9552,43.41606,1200.0,313.0,0.0
9553,43.416364,1200.0,313.0,0.0
9554,43.425308,1200.25,313.0,0.0
9555,43.425596,1200.25,313.0,0.0
9556,43.435648,1199.75,313.0,0.0
9557,43.435952,1199.75,313.0,0.0
9558,43.445484,1199.5,313.0,0.0
9559,43.44578,1199.5,313.0,0.0
9560,43.455848,1200.25,313.0,0.0
9561,43.456152,1200.25,313.0,0.0
9562,43.465596,1200.25,313.0,0.0
9563,43.465924,1200.25,313.0,0.0
9564,43.475992,1200.0,313.0,0.0
9565,43.476296,1200.0,313.0,0.0
9566,43.485288,1199.75,313.0,0.0
9567,43.485592,1199.75,313.0,0.0
9568,43.495864,1199.75,313.0,0.0
9569,43.49616,1199.75,313.0,0.0
9570,43.505656,1200.25,313.0,0.0
9571,43.505944,1200.25,313.0,0.0
9572,43.511268,1199.75,313.0,0.0
9573,43.51156,1199.75,313.0,0.0
9574,43.516008,1199.75,310.0,0.0
9575,43.516312,1199.75,310.0,0.0
9576,43.525456,1199.75,310.0,0.0
9577,43.525744,1199.75,310.0,0.0
9578,43.53586,1199.5,310.0,0.0
9579,43.536152,1199.5,310.0,0.0
9580,43.545492,1199.5,310.0,0.0
9581,43.545788,1199.5,310.0,0.0
9582,43.555988,1200.25,310.0,0.0
9583,43.556848,1200.25,310.0,0.0
9584,43.565496,1199.75,310.0,0.0
9585,43.565784,1199.75,310.0,0.0
9586,43.575876,1199.75,310.0,0.0
9587,43.576172,1199.75,310.0,0.0
9588,43.585304,1199.75,310.0,0.0
9589,43.585608,1199.75,310.0,0.0
9590,43.595636,1200.0,310.0,0.0
9591,43.595932,1200.0,310.0,0.0
9592,43.605368,1199.5,310.0,0.0
9593,43.605656,1199.5,310.0,0.0
9594,43.611408,1199.25,310.0,0.0
9595,43.6117,1199.25,310.0,0.0
9596,43.616092,1199.25,307.0,0.0
9597,43.616388,1199.25,307.0,0.0
9598,43.625592,1199.0,307.0,0.0
9599,43.62592,1199.0,307.0,0.0
9600,43.63572,1198.75,307.0,0.0
9601,43.636024,1198.75,307.0,0.0
9602,43.6452,1198.5,307.0,0.0
9603,43.6455,1198.5,307.0,0.0
9604,43.655864,1199.5,307.0,0.0
9605,43.65616,1199.5,307.0,0.0
9606,43.665504,1199.5,307.0,0.0
9607,43.665792,1199.5,307.0,0.0
9608,43.676104,1199.75,307.0,0.0
9609,43.676408,1199.75,307.0,0.0
9610,43.685296,1199.75,307.0,0.0
9611,43.685656,1199.75,307.0,0.0
9612,43.695856,1199.5,307.0,0.0
9613,43.69616,1199.5,307.0,0.0
9614,43.705272,1199.75,307.0,0.0
9615,43.705564,1199.75,307.0,0.0
9616,43.71124,1199.75,307.0,0.0
9617,43.711544,1199.75,307.0,0.0
9618,43.716024,1199.75,304.0,0.0
9619,43.716328,1199.75,304.0,0.0
9620,43.725552,1199.75,304.0,0.0
9621,43.72584,1199.75,304.0,0.0
9622,43.735876,1199.0,304.0,0.0
9623,43.73644,1199.0,304.0,0.0
9624,43.745208,1199.25,304.0,0.0
9625,43.74564,1199.25,304.0,0.0
9626,43.756012,1200.25,304.0,0.0
9627,43.756872,1200.25,304.0,0.0
9628,43.765548,1199.75,304.0,0.0
9629,43.765824,1199.75,304.0,0.0
9630,43.775884,1199.75,304.0,0.0
9631,43.776188,1199.75,304.0,0.0
9632,43.785304,1200.0,304.0,0.0
9633,43.7856,1200.0,304.0,0.0
9634,43.795676,1200.25,304.0,0.0
9635,43.79598,1200.25,304.0,0.0
9636,43.805312,1200.75,304.0,0.0
9637,43.805596,1200.75,304.0,0.0
9638,43.811272,1200.25,304.0,0.0
9639,43.811568,1200.25,304.0,0.0
9640,43.8161,1200.25,300.0,0.0
9641,43.8164,1200.25,300.0,0.0
9642,43.825472,1200.0,300.0,0.0
9643,43.82576,1200.0,300.0,0.0
9644,43.835736,1200.0,300.0,0.0
9645,43.83604,1200.0,300.0,0.0
9646,43.8455,1200.0,300.0,0.0
9647,43.845796,1200.0,300.0,0.0
9648,43.856184,1200.25,300.0,0.0
9649,43.857044,1200.25,300.0,0.0
9650,43.865596,1200.0,300.0,0.0
9651,43.865908,1200.0,300.0,0.0
9652,43.876172,1200.25,300.0,0.0
9653,43.876472,1200.25,300.0,0.0
9654,43.88532,1200.25,300.0,0.0
9655,43.885616,1200.25,300.0,0.0
9656,43.895864,1200.25,300.0,0.0
9657,43.89616,1200.25,300.0,0.0
9658,43.90536,1200.25,300.0,0.0
9659,43.905648,1200.25,300.0,0.0
9660,43.91142,1200.0,300.0,0.0
9661,43.911716,1200.0,300.0,0.0
9662,43.91604,1200.0,298.0,0.0
9663,43.916344,1200.0,298.0,0.0
9664,43.925472,1200.25,298.0,0.0
9665,43.925756,1200.25,298.0,0.0
9666,43.935876,1200.0,298.0,0.0
9667,43.936168,1200.0,298.0,0.0
9668,43.945212,1199.25,298.0,0.0
9669,43.945516,1199.25,298.0,0.0
9670,43.956108,1200.25,298.0,0.0
9671,43.95696,1200.25,298.0,0.0
9672,43.965504,1200.25,298.0,0.0
9673,43.965784,1200.25,298.0,0.0
9674,43.976172,1200.5,298.0,0.0
9675,43.976464,1200.5,298.0,0.0
9676,43.985304,1200.25,298.0,0.0
9677,43.985608,1200.25,298.0,0.0
9678,43.995684,1200.0,298.0,0.0
9679,43.996232,1200.0,298.0,0.0
9680,44.005352,1200.0,298.0,0.0
9681,44.00572,1200.0,298.0,0.0
9682,44.01128,1199.5,298.0,0.0
9683,44.011576,1199.5,298.0,0.0
9684,44.016048,1199.5,295.0,0.0
9685,44.016344,1199.5,295.0,0.0
9686,44.025552,1199.25,295.0,0.0
9687,44.02584,1199.25,295.0,0.0
9688,44.03572,1198.75,295.0,0.0
9689,44.036016,1198.75,295.0,0.0
9690,44.04522,1199.0,295.0,0.0
9691,44.045516,1199.0,295.0,0.0
9692,44.055872,1200.0,295.0,0.0
9693,44.056452,1200.0,295.0,0.0
9694,44.06552,1199.75,295.0,0.0
9695,44.06598,1199.75,295.0,0.0
9696,44.076352,1199.5,295.0,0.0
9697,44.076736,1199.5,295.0,0.0
9698,44.085312,1199.5,295.0,0.0
9699,44.085608,1199.5,295.0,0.0
9700,44.09588,1199.75,295.0,0.0
9701,44.096184,1199.75,295.0,0.0
9702,44.105284,1200.0,295.0,0.0
9703,44.10558,1200.0,295.0,0.0
9704,44.111256,1199.5,295.0,0.0
9705,44.111552,1199.5,295.0,0.0
9706,44.116048,1199.5,292.0,0.0
9707,44.116344,1199.5,292.0,0.0
9708,44.125504,1199.5,292.0,0.0
9709,44.1258,1199.5,292.0,0.0
9710,44.13588,1199.5,292.0,0.0
9711,44.136176,1199.5,292.0,0.0
9712,44.14522,1199.0,292.0,0.0
9713,44.145524,1199.0,292.0,0.0
9714,44.156024,1199.75,292.0,0.0
9715,44.156888,1199.75,292.0,0.0
9716,44.165528,1199.75,292.0,0.0
9717,44.165816,1199.75,292.0,0.0
9718,44.176188,1199.75,292.0,0.0
9719,44.176496,1199.75,292.0,0.0
9720,44.185328,1200.0,292.0,0.0
9721,44.185624,1200.0,292.0,0.0
9722,44.1957,1199.75,292.0,0.0
9723,44.195996,1199.75,292.0,0.0
9724,44.205292,1200.0,292.0,0.0
9725,44.205588,1200.0,292.0,0.0
9726,44.211436,1200.0,292.0,0.0
9727,44.211732,1200.0,292.0,0.0
9728,44.216088,1200.0,288.0,0.0
9729,44.216384,1200.0,288.0,0.0
9730,44.225676,1199.75,288.0,0.0
9731,44.22596,1199.75,288.0,0.0
9732,44.235768,1199.5,288.0,0.0
9733,44.236072,1199.5,288.0,0.0
9734,44.245228,1199.5,288.0,0.0
9735,44.245524,1199.5,288.0,0.0
9736,44.256176,1200.5,288.0,0.0
9737,44.257024,1200.5,288.0,0.0
9738,44.265504,1200.0,288.0,0.0
9739,44.2662,1200.0,288.0,0.0
9740,44.276144,1200.0,288.0,0.0
9741,44.281624,1200.0,288.0,0.0
9742,44.285476,1199.75,288.0,0.0
9743,44.285772,1199.75,288.0,0.0
9744,44.29588,1200.0,288.0,0.0
9745,44.296184,1200.0,288.0,0.0
9746,44.305268,1200.25,288.0,0.0
9747,44.305556,1200.25,288.0,0.0
9748,44.311264,1199.75,288.0,0.0
9749,44.31156,1199.75,288.0,0.0
9750,44.316096,1199.75,286.0,0.0
9751,44.316392,1199.75,286.0,0.0
9752,44.325664,1199.5,286.0,0.0
9753,44.325952,1199.5,286.0,0.0
9754,44.335904,1199.5,286.0,0.0
9755,44.336208,1199.5,286.0,0.0
9756,44.345516,1199.5,286.0,0.0
9757,44.34582,1199.5,286.0,0.0
9758,44.356084,1200.0,286.0,0.0
9759,44.356944,1200.0,286.0,0.0
9760,44.365612,1199.75,286.0,0.0
9761,44.365896,1199.75,286.0,0.0
9762,44.376176,1200.25,286.0,0.0
9763,44.37648,1200.25,286.0,0.0
9764,44.385616,1200.0,286.0,0.0
9765,44.385904,1200.0,286.0,0.0
9766,44.395708,1200.0,286.0,0.0
9767,44.396012,1200.0,286.0,0.0
9768,44.405352,1200.0,286.0,0.0
9769,44.405636,1200.0,286.0,0.0
9770,44.411364,1199.75,286.0,0.0
9771,44.411656,1199.75,286.0,0.0
9772,44.416188,1199.75,281.0,0.0
9773,44.416484,1199.75,281.0,0.0
9774,44.425544,1199.75,281.0,0.0
9775,44.4261,1199.75,281.0,0.0
9776,44.435932,1199.25,281.0,0.0
9777,44.436232,1199.25,281.0,0.0
9778,44.445228,1199.0,281.0,0.0
9779,44.445532,1199.0,281.0,0.0
9780,44.455896,1200.0,281.0,0.0
9781,44.4562,1200.0,281.0,0.0
9782,44.465636,1199.75,281.0,0.0
9783,44.465912,1199.75,281.0,0.0
9784,44.476176,1200.25,281.0,0.0
9785,44.47648,1200.25,281.0,0.0
9786,44.485616,1200.0,281.0,0.0
9787,44.486164,1200.0,281.0,0.0
9788,44.495888,1199.75,281.0,0.0
9789,44.496192,1199.75,281.0,0.0
9790,44.505376,1200.0,281.0,0.0
9791,44.50566,1200.0,281.0,0.0
9792,44.511436,1200.0,281.0,0.0
9793,44.511732,1200.0,281.0,0.0
9794,44.516148,1200.0,279.0,0.0
9795,44.51644,1200.0,279.0,0.0
9796,44.525756,1199.25,279.0,0.0
9797,44.526044,1199.25,279.0,0.0
9798,44.536004,1199.0,279.0,0.0
9799,44.536308,1199.0,279.0,0.0
9800,44.545524,1199.0,279.0,0.0
9801,44.545816,1199.0,279.0,0.0
9802,44.556108,1200.0,279.0,0.0
9803,44.556968,1200.0,279.0,0.0
9804,44.565684,1199.5,279.0,0.0
9805,44.56598,1199.5,279.0,0.0
9806,44.576192,1199.5,279.0,0.0
9807,44.576488,1199.5,279.0,0.0
9808,44.585336,1199.5,279.0,0.0
9809,44.585624,1199.5,279.0,0.0
9810,44.595756,1199.5,279.0,0.0
9811,44.59606,1199.5,279.0,0.0
9812,44.605308,1199.5,279.0,0.0
9813,44.605604,1199.5,279.0,0.0
9814,44.611304,1199.25,279.0,0.0
9815,44.611592,1199.25,279.0,0.0
9816,44.615944,1199.25,276.0,0.0
9817,44.616236,1199.25,276.0,0.0
9818,44.625584,1199.25,276.0,0.0
9819,44.625872,1199.25,276.0,0.0
9820,44.635988,1199.25,276.0,0.0
9821,44.636292,1199.25,276.0,0.0
9822,44.645532,1199.25,276.0,0.0
9823,44.645984,1199.25,276.0,0.0
9824,44.655888,1199.75,276.0,0.0
9825,44.656188,1199.75,276.0,0.0
9826,44.665632,1199.5,276.0,0.0
9827,44.666152,1199.5,276.0,0.0
9828,44.6762,1200.0,276.0,0.0
9829,44.676504,1200.0,276.0,0.0
9830,44.685408,1200.0,276.0,0.0
9831,44.685696,1200.0,276.0,0.0
9832,44.695904,1199.75,276.0,0.0
9833,44.696208,1199.75,276.0,0.0
9834,44.705184,1200.0,276.0,0.0
9835,44.705472,1200.0,276.0,0.0
9836,44.71128,1199.75,276.0,0.0
9837,44.711568,1199.75,276.0,0.0
9838,44.7159,1199.75,274.0,0.0
9839,44.716204,1199.75,274.0,0.0
9840,44.72556,1199.75,274.0,0.0
9841,44.725848,1199.75,274.0,0.0
9842,44.735896,1199.5,274.0,0.0
9843,44.736756,1199.5,274.0,0.0
9844,44.745532,1199.5,274.0,0.0
9845,44.746192,1199.5,274.0,0.0
9846,44.7561,1200.5,274.0,0.0
9847,44.75696,1200.5,274.0,0.0
9848,44.765464,1200.0,274.0,0.0
9849,44.765944,1200.0,274.0,0.0
9850,44.776192,1200.25,274.0,0.0
9851,44.776496,1200.25,274.0,0.0
9852,44.785648,1200.0,274.0,0.0
9853,44.786,1200.0,274.0,0.0
9854,44.795724,1200.0,274.0,0.0
9855,44.796024,1200.0,274.0,0.0
9856,44.805348,1200.5,274.0,0.0
9857,44.805628,1200.5,274.0,0.0
9858,44.811576,1200.0,274.0,0.0
9859,44.811872,1200.0,274.0,0.0
9860,44.81596,1200.0,270.0,0.0
9861,44.81626,1200.0,270.0,0.0
9862,44.82572,1199.5,270.0,0.0
9863,44.826008,1199.5,270.0,0.0
9864,44.83588,1199.25,270.0,0.0
9865,44.836264,1199.25,270.0,0.0
9866,44.84552,1199.25,270.0,0.0
9867,44.845824,1199.25,270.0,0.0
9868,44.856196,1200.0,270.0,0.0
9869,44.857056,1200.0,270.0,0.0
9870,44.865436,1199.75,270.0,0.0
9871,44.865724,1199.75,270.0,0.0
9872,44.876348,1200.0,270.0,0.0
9873,44.876652,1200.0,270.0,0.0
9874,44.885524,1200.25,270.0,0.0
9875,44.885804,1200.25,270.0,0.0
9876,44.895896,1200.0,270.0,0.0
9877,44.8962,1200.0,270.0,0.0
9878,44.905356,1199.75,270.0,0.0
9879,44.905644,1199.75,270.0,0.0
9880,44.91128,1199.5,270.0,0.0
9881,44.911568,1199.5,270.0,0.0
9882,44.915932,1199.5,267.0,0.0
9883,44.916236,1199.5,267.0,0.0
9884,44.925664,1199.5,267.0,0.0
9885,44.92596,1199.5,267.0,0.0
9886,44.935912,1199.75,267.0,0.0
9887,44.936216,1199.75,267.0,0.0
9888,44.945244,1199.25,267.0,0.0
9889,44.945548,1199.25,267.0,0.0
9890,44.956024,1200.0,267.0,0.0
9891,44.956876,1200.0,267.0,0.0
9892,44.965428,1200.0,267.0,0.0
9893,44.965716,1200.0,267.0,0.0
9894,44.976268,1200.0,267.0,0.0
9895,44.976568,1200.0,267.0,0.0
9896,44.98536,1199.75,267.0,0.0
9897,44.985648,1199.75,267.0,0.0
9898,44.99574,1199.75,267.0,0.0
9899,44.996304,1199.75,267.0,0.0
9900,45.005284,1200.25,267.0,0.0
9901,45.005848,1200.25,267.0,0.0
9902,45.01128,1200.0,267.0,0.0
9903,45.011576,1200.0,267.0,0.0
9904,45.015956,1200.0,265.0,0.0
9905,45.016252,1200.0,265.0,0.0
9906,45.025772,1199.75,265.0,0.0
9907,45.026056,1199.75,265.0,0.0
9908,45.035848,1199.25,265.0,0.0
9909,45.036144,1199.25,265.0,0.0
9910,45.045536,1199.5,265.0,0.0
9911,45.04584,1199.5,265.0,0.0
9912,45.05592,1200.25,265.0,0.0
9913,45.056508,1200.25,265.0,0.0
9914,45.065396,1200.0,265.0,0.0
9915,45.06568,1200.0,265.0,0.0
9916,45.0763,1200.0,265.0,0.0
9917,45.0766,1200.0,265.0,0.0
9918,45.085472,1200.0,265.0,0.0
9919,45.08576,1200.0,265.0,0.0
9920,45.095904,1200.0,265.0,0.0
9921,45.0962,1200.0,265.0,0.0
9922,45.105208,1199.75,265.0,0.0
9923,45.105496,1199.75,265.0,0.0
9924,45.111468,1199.5,265.0,0.0
9925,45.11176,1199.5,265.0,0.0
9926,45.116,1199.5,262.0,0.0
9927,45.1163,1199.5,262.0,0.0
9928,45.1256,1199.5,262.0,0.0
9929,45.125896,1199.5,262.0,0.0
9930,45.135912,1199.25,262.0,0.0
9931,45.136208,1199.25,262.0,0.0
9932,45.145552,1199.5,262.0,0.0
9933,45.145856,1199.5,262.0,0.0
9934,45.15604,1199.75,262.0,0.0
9935,45.1569,1199.75,262.0,0.0
9936,45.165404,1199.75,262.0,0.0
9937,45.165688,1199.75,262.0,0.0
9938,45.176224,1199.75,262.0,0.0
9939,45.176528,1199.75,262.0,0.0
9940,45.18544,1200.0,262.0,0.0
9941,45.185728,1200.0,262.0,0.0
9942,45.195772,1199.75,262.0,0.0
9943,45.196076,1199.75,262.0,0.0
9944,45.205332,1199.75,262.0,0.0
9945,45.205616,1199.75,262.0,0.0
9946,45.211288,1199.75,262.0,0.0
9947,45.211584,1199.75,262.0,0.0
9948,45.215948,1199.75,258.0,0.0
9949,45.216244,1199.75,258.0,0.0
9950,45.2256,1199.75,258.0,0.0
9951,45.225892,1199.75,258.0,0.0
9952,45.235904,1199.0,258.0,0.0
9953,45.2362,1199.0,258.0,0.0
9954,45.245536,1199.0,258.0,0.0
9955,45.24584,1199.0,258.0,0.0
9956,45.255916,1199.75,258.0,0.0
9957,45.25622,1199.75,258.0,0.0
9958,45.26542,1200.0,258.0,0.0
9959,45.26732,1200.0,258.0,0.0
9960,45.27624,1200.0,258.0,0.0
9961,45.276536,1200.0,258.0,0.0
9962,45.285456,1200.25,258.0,0.0
9963,45.285744,1200.25,258.0,0.0
9964,45.295912,1200.25,258.0,0.0
9965,45.296216,1200.25,258.0,0.0
9966,45.30534,1200.0,258.0,0.0
9967,45.305624,1200.0,258.0,0.0
9968,45.31128,1200.0,258.0,0.0
9969,45.311584,1200.0,258.0,0.0
9970,45.315964,1200.0,256.0,0.0
9971,45.316268,1200.0,256.0,0.0
9972,45.325704,1200.0,256.0,0.0
9973,45.325992,1200.0,256.0,0.0
9974,45.336216,1199.75,256.0,0.0
9975,45.33652,1199.75,256.0,0.0
9976,45.345544,1200.0,256.0,0.0
9977,45.345848,1200.0,256.0,0.0
9978,45.356056,1200.0,256.0,0.0
9979,45.356916,1200.0,256.0,0.0
9980,45.36546,1199.75,256.0,0.0
9981,45.365748,1199.75,256.0,0.0
9982,45.376232,1200.0,256.0,0.0
9983,45.376536,1200.0,256.0,0.0
9984,45.385728,1200.25,256.0,0.0
9985,45.386016,1200.25,256.0,0.0
9986,45.395788,1200.25,256.0,0.0
9987,45.396088,1200.25,256.0,0.0
9988,45.405356,1199.75,256.0,0.0
9989,45.40564,1199.75,256.0,0.0
9990,45.41144,1200.0,256.0,0.0
9991,45.411736,1200.0,256.0,0.0
9992,45.415988,1200.0,253.0,0.0
9993,45.416292,1200.0,253.0,0.0
9994,45.425648,1200.0,253.0,0.0
9995,45.425936,1200.0,253.0,0.0
9996,45.435952,1200.0,253.0,0.0
9997,45.436256,1200.0,253.0,0.0
9998,45.445544,1199.75,253.0,0.0
9999,45.445848,1199.75,253.0,0.0
10000,45.455916,1200.0,253.0,0.0
10001,45.456212,1200.0,253.0,0.0
10002,45.465428,1200.0,253.0,0.0
10003,45.465712,1200.0,253.0,0.0
10004,45.476568,1200.25,253.0,0.0
10005,45.476864,1200.25,253.0,0.0
10006,45.485644,1200.25,253.0,0.0
10007,45.485948,1200.25,253.0,0.0
10008,45.49592,1200.0,253.0,0.0
10009,45.496212,1200.0,253.0,0.0
10010,45.505388,1200.0,253.0,0.0
10011,45.505676,1200.0,253.0,0.0
10012,45.511312,1200.25,253.0,0.0
10013,45.511608,1200.25,253.0,0.0
10014,45.515972,1200.25,250.0,0.0
10015,45.516276,1200.25,250.0,0.0
10016,45.525712,1200.25,250.0,0.0
10017,45.526,1200.25,250.0,0.0
10018,45.536,1199.75,250.0,0.0
10019,45.536296,1199.75,250.0,0.0
10020,45.545544,1199.75,250.0,0.0
10021,45.545848,1199.75,250.0,0.0
10022,45.556136,1200.25,250.0,0.0
10023,45.557,1200.25,250.0,0.0
10024,45.565444,1200.5,250.0,0.0
10025,45.56572,1200.5,250.0,0.0
10026,45.576264,1200.75,250.0,0.0
10027,45.576568,1200.75,250.0,0.0
10028,45.585456,1200.75,250.0,0.0
10029,45.585744,1200.75,250.0,0.0
10030,45.59578,1200.75,250.0,0.0
10031,45.596096,1200.75,250.0,0.0
10032,45.605356,1201.0,250.0,0.0
10033,45.60564,1201.0,250.0,0.0
10034,45.611304,1200.25,250.0,0.0
10035,45.611588,1200.25,250.0,0.0
10036,45.615988,1200.25,247.0,0.0
10037,45.616284,1200.25,247.0,0.0
10038,45.625572,1200.0,247.0,0.0
10039,45.626136,1200.0,247.0,0.0
10040,45.635936,1199.75,247.0,0.0
10041,45.636232,1199.75,247.0,0.0
10042,45.64556,1199.75,247.0,0.0
10043,45.646152,1199.75,247.0,0.0
10044,45.655916,1200.25,247.0,0.0
10045,45.656504,1200.25,247.0,0.0
10046,45.665444,1200.0,247.0,0.0
10047,45.665968,1200.0,247.0,0.0
10048,45.676332,1200.25,247.0,0.0
10049,45.676632,1200.25,247.0,0.0
10050,45.685456,1200.5,247.0,0.0
10051,45.685948,1200.5,247.0,0.0
10052,45.69592,1200.5,247.0,0.0
10053,45.696212,1200.5,247.0,0.0
10054,45.705248,1200.25,247.0,0.0
10055,45.705536,1200.25,247.0,0.0
10056,45.711432,1200.25,247.0,0.0
10057,45.71172,1200.25,247.0,0.0
10058,45.715972,1200.25,245.0,0.0
10059,45.716268,1200.25,245.0,0.0
10060,45.72564,1200.25,245.0,0.0
10061,45.725924,1200.25,245.0,0.0
10062,45.735936,1199.5,245.0,0.0
10063,45.736648,1199.5,245.0,0.0
10064,45.74556,1199.0,245.0,0.0
10065,45.745856,1199.0,245.0,0.0
10066,45.756228,1200.25,245.0,0.0
10067,45.757072,1200.25,245.0,0.0
10068,45.765508,1200.0,245.0,0.0
10069,45.765796,1200.0,245.0,0.0
10070,45.776264,1200.0,245.0,0.0
10071,45.776568,1200.0,245.0,0.0
10072,45.785464,1199.75,245.0,0.0
10073,45.785752,1199.75,245.0,0.0
10074,45.795784,1199.75,245.0,0.0
10075,45.796088,1199.75,245.0,0.0
10076,45.805388,1199.75,245.0,0.0
10077,45.805672,1199.75,245.0,0.0
10078,45.811548,1199.75,245.0,0.0
10079,45.811844,1199.75,245.0,0.0
10080,45.816012,1199.75,242.0,0.0
10081,45.816316,1199.75,242.0,0.0
10082,45.825688,1199.5,242.0,0.0
10083,45.825984,1199.5,242.0,0.0
10084,45.835896,1199.5,242.0,0.0
10085,45.836188,1199.5,242.0,0.0
10086,45.845568,1199.5,242.0,0.0
10087,45.845864,1199.5,242.0,0.0
10088,45.856308,1200.5,242.0,0.0
10089,45.857448,1200.5,242.0,0.0
10090,45.865452,1199.75,242.0,0.0
10091,45.865736,1199.75,242.0,0.0
10092,45.87632,1199.75,242.0,0.0
10093,45.876624,1199.75,242.0,0.0
10094,45.885424,1199.75,242.0,0.0
10095,45.885712,1199.75,242.0,0.0
10096,45.895984,1199.75,242.0,0.0
10097,45.89628,1199.75,242.0,0.0
10098,45.90538,1199.75,242.0,0.0
10099,45.905656,1199.75,242.0,0.0
10100,45.911312,1199.25,242.0,0.0
10101,45.911628,1199.25,242.0,0.0
10102,45.916052,1199.25,239.0,0.0
10103,45.916356,1199.25,239.0,0.0
10104,45.925808,1199.5,239.0,0.0
10105,45.926104,1199.5,239.0,0.0
10106,45.935936,1199.5,239.0,0.0
10107,45.936232,1199.5,239.0,0.0
10108,45.94556,1199.25,239.0,0.0
10109,45.945864,1199.25,239.0,0.0
10110,45.956192,1199.75,239.0,0.0
10111,45.95704,1199.75,239.0,0.0
10112,45.965468,1200.0,239.0,0.0
10113,45.965976,1200.0,239.0,0.0
10114,45.97624,1200.0,239.0,0.0
10115,45.976536,1200.0,239.0,0.0
10116,45.985464,1200.5,239.0,0.0
10117,45.985752,1200.5,239.0,0.0
10118,45.995836,1200.25,239.0,0.0
10119,45.996312,1200.25,239.0,0.0
10120,46.005368,1199.75,239.0,0.0
10121,46.005788,1199.75,239.0,0.0
10122,46.01148,1200.0,239.0,0.0
10123,46.011776,1200.0,239.0,0.0
10124,46.016028,1200.0,236.0,0.0
10125,46.016324,1200.0,236.0,0.0
10126,46.025792,1200.0,236.0,0.0
10127,46.02608,1200.0,236.0,0.0
10128,46.035944,1199.25,236.0,0.0
10129,46.036248,1199.25,236.0,0.0
10130,46.04556,1199.25,236.0,0.0
10131,46.04588,1199.25,236.0,0.0
10132,46.055932,1200.0,236.0,0.0
10133,46.056236,1200.0,236.0,0.0
10134,46.06546,1200.25,236.0,0.0
10135,46.065744,1200.25,236.0,0.0
10136,46.076336,1200.25,236.0,0.0
10137,46.07664,1200.25,236.0,0.0
10138,46.085552,1200.25,236.0,0.0
10139,46.08584,1200.25,236.0,0.0
10140,46.095932,1200.5,236.0,0.0
10141,46.096236,1200.5,236.0,0.0
10142,46.105288,1200.5,236.0,0.0
10143,46.105568,1200.5,236.0,0.0
10144,46.11132,1200.0,236.0,0.0
10145,46.111612,1200.0,236.0,0.0
10146,46.11648,1200.0,234.0,0.0
10147,46.117348,1200.0,234.0,0.0
10148,46.125768,1200.0,234.0,0.0
10149,46.126056,1200.0,234.0,0.0
10150,46.135968,1199.75,234.0,0.0
10151,46.136272,1199.75,234.0,0.0
10152,46.145584,1199.5,234.0,0.0
10153,46.145888,1199.5,234.0,0.0
10154,46.156096,1200.25,234.0,0.0
10155,46.156956,1200.25,234.0,0.0
10156,46.165532,1199.75,234.0,0.0
10157,46.16582,1199.75,234.0,0.0
10158,46.17632,1199.75,234.0,0.0
10159,46.176624,1199.75,234.0,0.0
10160,46.18552,1199.75,234.0,0.0
10161,46.185808,1199.75,234.0,0.0
10162,46.195808,1199.75,234.0,0.0
10163,46.196152,1199.75,234.0,0.0
10164,46.205484,1199.5,234.0,0.0
10165,46.20578,1199.5,234.0,0.0
10166,46.211336,1199.75,234.0,0.0
10167,46.21162,1199.75,234.0,0.0
10168,46.215996,1199.75,230.0,0.0
10169,46.216552,1199.75,230.0,0.0
10170,46.2258,1200.25,230.0,0.0
10171,46.226088,1200.25,230.0,0.0
10172,46.235912,1199.75,230.0,0.0
10173,46.236212,1199.75,230.0,0.0
10174,46.245576,1199.5,230.0,0.0
10175,46.24588,1199.5,230.0,0.0
10176,46.25594,1200.25,230.0,0.0
10177,46.256536,1200.25,230.0,0.0
10178,46.265476,1200.0,230.0,0.0
10179,46.270408,1200.0,230.0,0.0
10180,46.276624,1199.75,230.0,0.0
10181,46.277328,1199.75,230.0,0.0
10182,46.285928,1199.5,230.0,0.0
10183,46.286216,1199.5,230.0,0.0
10184,46.29594,1199.5,230.0,0.0
10185,46.296972,1199.5,230.0,0.0
10186,46.305352,1199.5,230.0,0.0
10187,46.305648,1199.5,230.0,0.0
10188,46.311316,1199.75,230.0,0.0
10189,46.311612,1199.75,230.0,0.0
10190,46.31602,1199.75,228.0,0.0
10191,46.316312,1199.75,228.0,0.0
10192,46.325752,1199.5,228.0,0.0
10193,46.32604,1199.5,228.0,0.0
10194,46.336272,1199.0,228.0,0.0
10195,46.336564,1199.0,228.0,0.0
10196,46.345576,1199.0,228.0,0.0
10197,46.34588,1199.0,228.0,0.0
10198,46.35612,1200.0,228.0,0.0
10199,46.35698,1200.0,228.0,0.0
10200,46.365484,1199.75,228.0,0.0
10201,46.365768,1199.75,228.0,0.0
10202,46.376256,1199.75,228.0,0.0
10203,46.37656,1199.75,228.0,0.0
10204,46.38576,1200.25,228.0,0.0
10205,46.386044,1200.25,228.0,0.0
10206,46.395824,1200.5,228.0,0.0
10207,46.396128,1200.5,228.0,0.0
10208,46.405484,1200.0,228.0,0.0
10209,46.405772,1200.0,228.0,0.0
10210,46.411324,1199.75,228.0,0.0
10211,46.41162,1199.75,228.0,0.0
10212,46.416364,1199.75,225.0,0.0
10213,46.416944,1199.75,225.0,0.0
10214,46.425612,1199.75,225.0,0.0
10215,46.4259,1199.75,225.0,0.0
10216,46.435968,1199.25,225.0,0.0
10217,46.43628,1199.25,225.0,0.0
10218,46.445592,1198.75,225.0,0.0
10219,46.44614,1198.75,225.0,0.0
10220,46.456232,1199.25,225.0,0.0
10221,46.457096,1199.25,225.0,0.0
10222,46.465596,1199.5,225.0,0.0
10223,46.465884,1199.5,225.0,0.0
10224,46.47628,1199.75,225.0,0.0
10225,46.476852,1199.75,225.0,0.0
10226,46.485528,1200.0,225.0,0.0
10227,46.485816,1200.0,225.0,0.0
10228,46.495956,1200.0,225.0,0.0
10229,46.49626,1200.0,225.0,0.0
10230,46.5054,1199.75,225.0,0.0
10231,46.505688,1199.75,225.0,0.0
10232,46.511324,1200.0,225.0,0.0
10233,46.51162,1200.0,225.0,0.0
10234,46.516076,1200.0,223.0,0.0
10235,46.51638,1200.0,223.0,0.0
10236,46.525824,1199.75,223.0,0.0
10237,46.526112,1199.75,223.0,0.0
10238,46.535976,1199.25,223.0,0.0
10239,46.53628,1199.25,223.0,0.0
10240,46.545576,1199.25,223.0,0.0
10241,46.54588,1199.25,223.0,0.0
10242,46.556224,1199.75,223.0,0.0
10243,46.557104,1199.75,223.0,0.0
10244,46.565664,1199.5,223.0,0.0
10245,46.565956,1199.5,223.0,0.0
10246,46.576296,1199.25,223.0,0.0
10247,46.5766,1199.25,223.0,0.0
10248,46.585496,1199.25,223.0,0.0
10249,46.585784,1199.25,223.0,0.0
10250,46.595792,1199.75,223.0,0.0
10251,46.596088,1199.75,223.0,0.0
10252,46.60546,1199.75,223.0,0.0
10253,46.605744,1199.75,223.0,0.0
10254,46.611324,1199.5,223.0,0.0
10255,46.61162,1199.5,223.0,0.0
10256,46.61606,1199.5,220.0,0.0
10257,46.616364,1199.5,220.0,0.0
10258,46.62576,1199.5,220.0,0.0
10259,46.626276,1199.5,220.0,0.0
10260,46.635984,1199.75,220.0,0.0
10261,46.636284,1199.75,220.0,0.0
10262,46.6456,1199.5,220.0,0.0
10263,46.64646,1199.5,220.0,0.0
10264,46.655964,1199.5,220.0,0.0
10265,46.657044,1199.5,220.0,0.0
10266,46.665604,1199.75,220.0,0.0
10267,46.666152,1199.75,220.0,0.0
10268,46.676304,1199.5,220.0,0.0
10269,46.677632,1199.5,220.0,0.0
10270,46.685584,1199.75,220.0,0.0
10271,46.686176,1199.75,220.0,0.0
10272,46.695956,1200.0,220.0,0.0
10273,46.696808,1200.0,220.0,0.0
10274,46.705312,1199.75,220.0,0.0
10275,46.7056,1199.75,220.0,0.0
10276,46.711356,1199.75,220.0,0.0
10277,46.711652,1199.75,220.0,0.0
10278,46.716036,1199.75,218.0,0.0
10279,46.716336,1199.75,218.0,0.0
10280,46.725776,1199.75,218.0,0.0
10281,46.726064,1199.75,218.0,0.0
10282,46.735992,1199.5,218.0,0.0
10283,46.73686,1199.5,218.0,0.0
10284,46.745592,1199.0,218.0,0.0
10285,46.745896,1199.0,218.0,0.0
10286,46.756208,1199.75,218.0,0.0
10287,46.757076,1199.75,218.0,0.0
10288,46.76554,1200.25,218.0,0.0
10289,46.766244,1200.25,218.0,0.0
10290,46.776312,1200.25,218.0,0.0
10291,46.7769,1200.25,218.0,0.0
10292,46.78552,1200.0,218.0,0.0
10293,46.785808,1200.0,218.0,0.0
10294,46.79584,1200.0,218.0,0.0
10295,46.796136,1200.0,218.0,0.0
10296,46.805432,1200.0,218.0,0.0
10297,46.805728,1200.0,218.0,0.0
10298,46.81134,1200.0,218.0,0.0
10299,46.811636,1200.0,218.0,0.0
10300,46.816076,1200.0,215.0,0.0
10301,46.816368,1200.0,215.0,0.0
10302,46.825708,1199.75,215.0,0.0
10303,46.825996,1199.75,215.0,0.0
10304,46.835956,1199.25,215.0,0.0
10305,46.83626,1199.25,215.0,0.0
10306,46.845592,1199.25,215.0,0.0
10307,46.845888,1199.25,215.0,0.0
10308,46.856296,1200.0,215.0,0.0
10309,46.85688,1200.0,215.0,0.0
10310,46.865528,1200.0,215.0,0.0
10311,46.865816,1200.0,215.0,0.0
10312,46.876188,1200.0,215.0,0.0
10313,46.876492,1200.0,215.0,0.0
10314,46.885504,1200.25,215.0,0.0
10315,46.88578,1200.25,215.0,0.0
10316,46.895964,1200.25,215.0,0.0
10317,46.89626,1200.25,215.0,0.0
10318,46.905564,1200.0,215.0,0.0
10319,46.905852,1200.0,215.0,0.0
10320,46.911324,1199.75,215.0,0.0
10321,46.91162,1199.75,215.0,0.0
10322,46.916156,1199.75,213.0,0.0
10323,46.91646,1199.75,213.0,0.0
10324,46.925628,1200.0,213.0,0.0
10325,46.925912,1200.0,213.0,0.0
10326,46.936,1199.75,213.0,0.0
10327,46.936292,1199.75,213.0,0.0
10328,46.9456,1199.0,213.0,0.0
10329,46.945896,1199.0,213.0,0.0
10330,46.956192,1199.25,213.0,0.0
10331,46.957052,1199.25,213.0,0.0
10332,46.965612,1199.75,213.0,0.0
10333,46.9659,1199.75,213.0,0.0
10334,46.976312,1200.0,213.0,0.0
10335,46.976624,1200.0,213.0,0.0
10336,46.98548,1199.5,213.0,0.0
10337,46.985772,1199.5,213.0,0.0
10338,46.995848,1199.75,213.0,0.0
10339,46.996424,1199.75,213.0,0.0
10340,47.005408,1199.75,213.0,0.0
10341,47.005712,1199.75,213.0,0.0
10342,47.01134,1199.75,213.0,0.0
10343,47.011636,1199.75,213.0,0.0
10344,47.016132,1199.75,209.0,0.0
10345,47.016436,1199.75,209.0,0.0
10346,47.025636,1199.75,209.0,0.0
10347,47.02592,1199.75,209.0,0.0
10348,47.036008,1199.5,209.0,0.0
10349,47.0363,1199.5,209.0,0.0
10350,47.0456,1199.25,209.0,0.0
10351,47.045896,1199.25,209.0,0.0
10352,47.056256,1199.75,209.0,0.0
10353,47.057124,1199.75,209.0,0.0
10354,47.065588,1200.0,209.0,0.0
10355,47.065872,1200.0,209.0,0.0
10356,47.076472,1200.0,209.0,0.0
10357,47.076776,1200.0,209.0,0.0
10358,47.085568,1199.5,209.0,0.0
10359,47.085856,1199.5,209.0,0.0
10360,47.095964,1199.75,209.0,0.0
10361,47.096264,1199.75,209.0,0.0
10362,47.105456,1200.0,209.0,0.0
10363,47.105752,1200.0,209.0,0.0
10364,47.111356,1200.0,209.0,0.0
10365,47.111652,1200.0,209.0,0.0
10366,47.116164,1200.0,207.0,0.0
10367,47.116468,1200.0,207.0,0.0
10368,47.12574,1199.75,207.0,0.0
10369,47.126028,1199.75,207.0,0.0
10370,47.135972,1199.5,207.0,0.0
10371,47.136276,1199.5,207.0,0.0
10372,47.145616,1199.25,207.0,0.0
10373,47.14592,1199.25,207.0,0.0
10374,47.156176,1199.75,207.0,0.0
10375,47.157036,1199.75,207.0,0.0
10376,47.16556,1199.5,207.0,0.0
10377,47.165848,1199.5,207.0,0.0
10378,47.1764,1199.75,207.0,0.0
10379,47.176696,1199.75,207.0,0.0
10380,47.185484,1200.0,207.0,0.0
10381,47.185772,1200.0,207.0,0.0
10382,47.195864,1200.0,207.0,0.0
10383,47.19616,1200.0,207.0,0.0
10384,47.205456,1199.75,207.0,0.0
10385,47.205736,1199.75,207.0,0.0
10386,47.211348,1199.5,207.0,0.0
10387,47.211632,1199.5,207.0,0.0
10388,47.216108,1199.5,204.0,0.0
10389,47.216408,1199.5,204.0,0.0
10390,47.22588,1199.75,204.0,0.0
10391,47.226168,1199.75,204.0,0.0
10392,47.236004,1199.75,204.0,0.0
10393,47.23658,1199.75,204.0,0.0
10394,47.245616,1199.25,204.0,0.0
10395,47.24592,1199.25,204.0,0.0
10396,47.256256,1199.75,204.0,0.0
10397,47.257116,1199.75,204.0,0.0
10398,47.265536,1200.25,204.0,0.0
10399,47.27052,1200.25,204.0,0.0
10400,47.276424,1200.5,204.0,0.0
10401,47.277008,1200.5,204.0,0.0
10402,47.285616,1200.25,204.0,0.0
10403,47.285896,1200.25,204.0,0.0
10404,47.295972,1200.5,204.0,0.0
10405,47.296348,1200.5,204.0,0.0
10406,47.305472,1200.5,204.0,0.0
10407,47.30576,1200.5,204.0,0.0
10408,47.31134,1200.25,204.0,0.0
10409,47.31164,1200.25,204.0,0.0
10410,47.31608,1200.25,203.0,0.0
10411,47.316384,1200.25,203.0,0.0
10412,47.325848,1200.25,203.0,0.0
10413,47.32634,1200.25,203.0,0.0
10414,47.3363,1199.75,203.0,0.0
10415,47.336596,1199.75,203.0,0.0
10416,47.345616,1199.75,203.0,0.0
10417,47.3459,1199.75,203.0,0.0
10418,47.356224,1200.25,203.0,0.0
10419,47.357084,1200.25,203.0,0.0
10420,47.365584,1200.25,203.0,0.0
10421,47.365864,1200.25,203.0,0.0
10422,47.376448,1200.0,203.0,0.0
10423,47.376752,1200.0,203.0,0.0
10424,47.385804,1200.25,203.0,0.0
10425,47.3861,1200.25,203.0,0.0
10426,47.395872,1200.5,203.0,0.0
10427,47.396168,1200.5,203.0,0.0
10428,47.40544,1200.25,203.0,0.0
10429,47.405728,1200.25,203.0,0.0
10430,47.411348,1199.75,203.0,0.0
10431,47.41164,1199.75,203.0,0.0
10432,47.416088,1199.75,200.0,0.0
10433,47.416392,1199.75,200.0,0.0
10434,47.42574,1200.0,200.0,0.0
10435,47.426028,1200.0,200.0,0.0
10436,47.435996,1200.25,200.0,0.0
10437,47.436292,1200.25,200.0,0.0
10438,47.445616,1200.0,200.0,0.0
10439,47.445908,1200.0,200.0,0.0
10440,47.456272,1200.25,200.0,0.0
10441,47.457124,1200.25,200.0,0.0
10442,47.465576,1200.25,200.0,0.0
10443,47.465864,1200.25,200.0,0.0
10444,47.476488,1200.0,200.0,0.0
10445,47.476792,1200.0,200.0,0.0
10446,47.485552,1200.25,200.0,0.0
10447,47.485828,1200.25,200.0,0.0
10448,47.49598,1200.25,200.0,0.0
10449,47.496396,1200.25,200.0,0.0
10450,47.505392,1200.0,200.0,0.0
10451,47.50568,1200.0,200.0,0.0
10452,47.511428,1200.0,200.0,0.0
10453,47.511724,1200.0,200.0,0.0
10454,47.516088,1200.0,198.0,0.0
10455,47.516392,1200.0,198.0,0.0
10456,47.525928,1200.25,198.0,0.0
10457,47.526216,1200.25,198.0,0.0
10458,47.536028,1199.5,198.0,0.0
10459,47.536324,1199.5,198.0,0.0
10460,47.545624,1199.0,198.0,0.0
10461,47.546196,1199.0,198.0,0.0
10462,47.5562,1199.75,198.0,0.0
10463,47.557064,1199.75,198.0,0.0
10464,47.565552,1199.75,198.0,0.0
10465,47.56584,1199.75,198.0,0.0
10466,47.576432,1200.0,198.0,0.0
10467,47.576736,1200.0,198.0,0.0
10468,47.58556,1200.0,198.0,0.0
10469,47.585844,1200.0,198.0,0.0
10470,47.595888,1200.0,198.0,0.0
10471,47.596184,1200.0,198.0,0.0
10472,47.605472,1200.0,198.0,0.0
10473,47.60576,1200.0,198.0,0.0
10474,47.61142,1200.0,198.0,0.0
10475,47.611716,1200.0,198.0,0.0
10476,47.616096,1200.0,194.0,0.0
10477,47.6164,1200.0,194.0,0.0
10478,47.625756,1199.75,194.0,0.0
10479,47.626044,1199.75,194.0,0.0
10480,47.636028,1199.25,194.0,0.0
10481,47.636332,1199.25,194.0,0.0
10482,47.645632,1199.25,194.0,0.0
10483,47.646408,1199.25,194.0,0.0
10484,47.656272,1200.0,194.0,0.0
10485,47.65714,1200.0,194.0,0.0
10486,47.665568,1199.5,194.0,0.0
10487,47.665888,1199.5,194.0,0.0
10488,47.67636,1199.25,194.0,0.0
10489,47.67666,1199.25,194.0,0.0
10490,47.685752,1199.75,194.0,0.0
10491,47.686032,1199.75,194.0,0.0
10492,47.695984,1200.0,194.0,0.0
10493,47.696288,1200.0,194.0,0.0
10494,47.705392,1199.5,194.0,0.0
10495,47.705676,1199.5,194.0,0.0
10496,47.711372,1199.5,194.0,0.0
10497,47.711664,1199.5,194.0,0.0
10498,47.716104,1199.5,192.0,0.0
10499,47.7164,1199.5,192.0,0.0
10500,47.725656,1199.5,192.0,0.0
10501,47.725944,1199.5,192.0,0.0
10502,47.736052,1199.25,192.0,0.0
10503,47.736912,1199.25,192.0,0.0
10504,47.745624,1199.0,192.0,0.0
10505,47.745976,1199.0,192.0,0.0
10506,47.756232,1199.5,192.0,0.0
10507,47.757088,1199.5,192.0,0.0
10508,47.76566,1199.75,192.0,0.0
10509,47.765944,1199.75,192.0,0.0
10510,47.776368,1200.0,192.0,0.0
10511,47.776956,1200.0,192.0,0.0
10512,47.78568,1199.75,192.0,0.0
10513,47.786008,1199.75,192.0,0.0
10514,47.795864,1199.5,192.0,0.0
10515,47.79616,1199.5,192.0,0.0
10516,47.805528,1199.25,192.0,0.0
10517,47.805816,1199.25,192.0,0.0
10518,47.811372,1199.5,192.0,0.0
10519,47.811664,1199.5,192.0,0.0
10520,47.816144,1199.5,190.0,0.0
10521,47.81644,1199.5,190.0,0.0
10522,47.825764,1199.75,190.0,0.0
10523,47.826052,1199.75,190.0,0.0
10524,47.836044,1199.25,190.0,0.0
10525,47.836348,1199.25,190.0,0.0
10526,47.84562,1199.0,190.0,0.0
10527,47.845924,1199.0,190.0,0.0
10528,47.8564,1199.75,190.0,0.0
10529,47.857532,1199.75,190.0,0.0
10530,47.865584,1200.0,190.0,0.0
10531,47.865872,1200.0,190.0,0.0
10532,47.876472,1199.75,190.0,0.0
10533,47.876784,1199.75,190.0,0.0
10534,47.885696,1199.75,190.0,0.0
10535,47.885984,1199.75,190.0,0.0
10536,47.895992,1200.25,190.0,0.0
10537,47.896288,1200.25,190.0,0.0
10538,47.90544,1200.0,190.0,0.0
10539,47.905728,1200.0,190.0,0.0
10540,47.91136,1199.5,190.0,0.0
10541,47.911656,1199.5,190.0,0.0
10542,47.91626,1199.5,188.0,0.0
10543,47.916564,1199.5,188.0,0.0
10544,47.92568,1199.5,188.0,0.0
10545,47.925976,1199.5,188.0,0.0
10546,47.93612,1199.5,188.0,0.0
10547,47.93642,1199.5,188.0,0.0
10548,47.945636,1199.25,188.0,0.0
10549,47.94594,1199.25,188.0,0.0
10550,47.956264,1199.5,188.0,0.0
10551,47.957124,1199.5,188.0,0.0
10552,47.965584,1199.5,188.0,0.0
10553,47.965872,1199.5,188.0,0.0
10554,47.976376,1199.75,188.0,0.0
10555,47.976668,1199.75,188.0,0.0
10556,47.98572,1200.0,188.0,0.0
10557,47.986008,1200.0,188.0,0.0
10558,47.995896,1200.0,188.0,0.0
10559,47.99646,1200.0,188.0,0.0
10560,48.005496,1199.75,188.0,0.0
10561,48.005872,1199.75,188.0,0.0
10562,48.01136,1199.75,188.0,0.0
10563,48.011656,1199.75,188.0,0.0
10564,48.016112,1199.75,184.0,0.0
10565,48.016416,1199.75,184.0,0.0
10566,48.025844,1200.0,184.0,0.0
10567,48.026132,1200.0,184.0,0.0
10568,48.036128,1199.5,184.0,0.0
10569,48.036428,1199.5,184.0,0.0
10570,48.045628,1199.25,184.0,0.0
10571,48.045932,1199.25,184.0,0.0
10572,48.056288,1200.0,184.0,0.0
10573,48.05714,1200.0,184.0,0.0
10574,48.065608,1200.25,184.0,0.0
10575,48.066144,1200.25,184.0,0.0
10576,48.0764,1200.0,184.0,0.0
10577,48.0767,1200.0,184.0,0.0
10578,48.085712,1199.75,184.0,0.0
10579,48.086,1199.75,184.0,0.0
10580,48.096024,1200.0,184.0,0.0
10581,48.09632,1200.0,184.0,0.0
10582,48.105408,1200.25,184.0,0.0
10583,48.105692,1200.25,184.0,0.0
10584,48.111352,1200.0,184.0,0.0
10585,48.11164,1200.0,184.0,0.0
10586,48.116128,1200.0,183.0,0.0
10587,48.116424,1200.0,183.0,0.0
10588,48.125728,1199.75,183.0,0.0
10589,48.126016,1199.75,183.0,0.0
10590,48.136168,1200.0,183.0,0.0
10591,48.136472,1200.0,183.0,0.0
10592,48.145644,1200.0,183.0,0.0
10593,48.145948,1200.0,183.0,0.0
10594,48.156236,1200.25,183.0,0.0
10595,48.157088,1200.25,183.0,0.0
10596,48.165608,1200.25,183.0,0.0
10597,48.165888,1200.25,183.0,0.0
10598,48.1764,1200.25,183.0,0.0
10599,48.1767,1200.25,183.0,0.0
10600,48.18568,1200.0,183.0,0.0
10601,48.185968,1200.0,183.0,0.0
10602,48.195872,1200.25,183.0,0.0
10603,48.196164,1200.25,183.0,0.0
10604,48.205512,1200.25,183.0,0.0
10605,48.2058,1200.25,183.0,0.0
10606,48.211376,1199.75,183.0,0.0
10607,48.211672,1199.75,183.0,0.0
10608,48.216136,1199.75,180.0,0.0
10609,48.21644,1199.75,180.0,0.0
10610,48.225772,1200.0,180.0,0.0
10611,48.226056,1200.0,180.0,0.0
10612,48.236036,1200.0,180.0,0.0
10613,48.23634,1200.0,180.0,0.0
10614,48.24566,1199.5,180.0,0.0
10615,48.245956,1199.5,180.0,0.0
10616,48.256304,1200.0,180.0,0.0
10617,48.256876,1200.0,180.0,0.0
10618,48.265708,1200.5,180.0,0.0
10619,48.270916,1200.5,180.0,0.0
10620,48.27648,1200.5,180.0,0.0
10621,48.27734,1200.5,180.0,0.0
10622,48.285664,1200.25,180.0,0.0
10623,48.285948,1200.25,180.0,0.0
10624,48.296,1200.25,180.0,0.0
10625,48.296304,1200.25,180.0,0.0
10626,48.305496,1200.25,180.0,0.0
10627,48.305784,1200.25,180.0,0.0
10628,48.311384,1200.0,180.0,0.0
10629,48.31168,1200.0,180.0,0.0
10630,48.316144,1200.0,178.0,0.0
10631,48.31644,1200.0,178.0,0.0
10632,48.325904,1200.0,178.0,0.0
10633,48.326188,1200.0,178.0,0.0
10634,48.336364,1199.75,178.0,0.0
10635,48.336944,1199.75,178.0,0.0
10636,48.345636,1199.25,178.0,0.0
10637,48.34594,1199.25,178.0,0.0
10638,48.356228,1200.0,178.0,0.0
10639,48.357096,1200.0,178.0,0.0
10640,48.3656,1200.25,178.0,0.0
10641,48.365888,1200.25,178.0,0.0
10642,48.376348,1199.75,178.0,0.0
10643,48.376652,1199.75,178.0,0.0
10644,48.385824,1200.0,178.0,0.0
10645,48.38612,1200.0,178.0,0.0
10646,48.39604,1200.5,178.0,0.0
10647,48.396344,1200.5,178.0,0.0
10648,48.405512,1200.5,178.0,0.0
10649,48.4058,1200.5,178.0,0.0
10650,48.411444,1200.0,178.0,0.0
10651,48.411728,1200.0,178.0,0.0
10652,48.416152,1200.0,176.0,0.0
10653,48.416448,1200.0,176.0,0.0
10654,48.425812,1200.25,176.0,0.0
10655,48.426096,1200.25,176.0,0.0
10656,48.436076,1199.75,176.0,0.0
10657,48.43638,1199.75,176.0,0.0
10658,48.445644,1199.25,176.0,0.0
10659,48.445956,1199.25,176.0,0.0
10660,48.456056,1199.75,176.0,0.0
10661,48.456352,1199.75,176.0,0.0
10662,48.465656,1199.75,176.0,0.0
10663,48.465944,1199.75,176.0,0.0
10664,48.476432,1199.75,176.0,0.0
10665,48.476724,1199.75,176.0,0.0
10666,48.485628,1200.25,176.0,0.0
10667,48.485916,1200.25,176.0,0.0
10668,48.496108,1200.5,176.0,0.0
10669,48.496408,1200.5,176.0,0.0
10670,48.505504,1200.0,176.0,0.0
10671,48.505792,1200.0,176.0,0.0
10672,48.511376,1200.0,176.0,0.0
10673,48.511672,1200.0,176.0,0.0
10674,48.516152,1200.0,174.0,0.0
10675,48.516448,1200.0,174.0,0.0
10676,48.5259,1200.0,174.0,0.0
10677,48.526188,1200.0,174.0,0.0
10678,48.536084,1199.75,174.0,0.0
10679,48.53638,1199.75,174.0,0.0
10680,48.545692,1199.5,174.0,0.0
10681,48.545996,1199.5,174.0,0.0
10682,48.556268,1200.0,174.0,0.0
10683,48.557128,1200.0,174.0,0.0
10684,48.565632,1200.25,174.0,0.0
10685,48.56592,1200.25,174.0,0.0
10686,48.576396,1200.25,174.0,0.0
10687,48.5767,1200.25,174.0,0.0
10688,48.585612,1199.5,174.0,0.0
10689,48.585908,1199.5,174.0,0.0
10690,48.596088,1199.75,174.0,0.0
10691,48.596384,1199.75,174.0,0.0
10692,48.605512,1200.0,174.0,0.0
10693,48.605808,1200.0,174.0,0.0
10694,48.611376,1199.75,174.0,0.0
10695,48.611672,1199.75,174.0,0.0
10696,48.616168,1199.75,171.0,0.0
10697,48.616464,1199.75,171.0,0.0
10698,48.625752,1199.5,171.0,0.0
10699,48.62612,1199.5,171.0,0.0
10700,48.6361,1199.5,171.0,0.0
10701,48.636404,1199.5,171.0,0.0
10702,48.645668,1199.5,171.0,0.0
10703,48.646136,1199.5,171.0,0.0
10704,48.65632,1200.25,171.0,0.0
10705,48.656892,1200.25,171.0,0.0
10706,48.665672,1200.25,171.0,0.0
10707,48.66596,1200.25,171.0,0.0
10708,48.676732,1200.25,171.0,0.0
10709,48.677296,1200.25,171.0,0.0
10710,48.685688,1200.0,171.0,0.0
10711,48.685972,1200.0,171.0,0.0
10712,48.696064,1200.25,171.0,0.0
10713,48.69636,1200.25,171.0,0.0
10714,48.705444,1200.25,171.0,0.0
10715,48.705724,1200.25,171.0,0.0
10716,48.711468,1199.75,171.0,0.0
10717,48.71176,1199.75,171.0,0.0
10718,48.716208,1199.75,170.0,0.0
10719,48.716512,1199.75,170.0,0.0
10720,48.725812,1199.75,170.0,0.0
10721,48.726096,1199.75,170.0,0.0
10722,48.736076,1199.5,170.0,0.0
10723,48.736936,1199.5,170.0,0.0
10724,48.745652,1199.25,170.0,0.0
10725,48.745956,1199.25,170.0,0.0
10726,48.756344,1199.5,170.0,0.0
10727,48.756916,1199.5,170.0,0.0
10728,48.76568,1199.75,170.0,0.0
10729,48.765968,1199.75,170.0,0.0
10730,48.776372,1200.0,170.0,0.0
10731,48.776968,1200.0,170.0,0.0
10732,48.785628,1200.25,170.0,0.0
10733,48.785908,1200.25,170.0,0.0
10734,48.795912,1200.25,170.0,0.0
10735,48.796212,1200.25,170.0,0.0
10736,48.80556,1200.25,170.0,0.0
10737,48.805848,1200.25,170.0,0.0
10738,48.811416,1200.25,170.0,0.0
10739,48.811704,1200.25,170.0,0.0
10740,48.816248,1200.25,166.0,0.0
10741,48.816544,1200.25,166.0,0.0
10742,48.82596,1200.25,166.0,0.0
10743,48.826244,1200.25,166.0,0.0
10744,48.8361,1200.0,166.0,0.0
10745,48.836404,1200.0,166.0,0.0
10746,48.845732,1199.5,166.0,0.0
10747,48.846192,1199.5,166.0,0.0
10748,48.856432,1200.0,166.0,0.0
10749,48.857016,1200.0,166.0,0.0
10750,48.865736,1200.25,166.0,0.0
10751,48.866016,1200.25,166.0,0.0
10752,48.876488,1200.25,166.0,0.0
10753,48.876788,1200.25,166.0,0.0
10754,48.885668,1199.75,166.0,0.0
10755,48.885956,1199.75,166.0,0.0
10756,48.896032,1200.5,166.0,0.0
10757,48.896328,1200.5,166.0,0.0
10758,48.905552,1200.5,166.0,0.0
10759,48.90584,1200.5,166.0,0.0
10760,48.911368,1200.0,166.0,0.0
10761,48.911664,1200.0,166.0,0.0
10762,48.916224,1200.0,165.0,0.0
10763,48.91708,1200.0,165.0,0.0
10764,48.925844,1200.0,165.0,0.0
10765,48.926128,1200.0,165.0,0.0
10766,48.936108,1200.0,165.0,0.0
10767,48.936412,1200.0,165.0,0.0
10768,48.94566,1199.5,165.0,0.0
10769,48.945964,1199.5,165.0,0.0
10770,48.956344,1199.75,165.0,0.0
10771,48.956924,1199.75,165.0,0.0
10772,48.965712,1200.0,165.0,0.0
10773,48.966,1200.0,165.0,0.0
10774,48.97642,1200.0,165.0,0.0
10775,48.976992,1200.0,165.0,0.0
10776,48.98566,1200.0,165.0,0.0
10777,48.985948,1200.0,165.0,0.0
10778,48.995916,1200.25,165.0,0.0
10779,48.996492,1200.25,165.0,0.0
10780,49.005648,1199.75,165.0,0.0
10781,49.006148,1199.75,165.0,0.0
10782,49.011384,1199.25,165.0,0.0
10783,49.01168,1199.25,165.0,0.0
10784,49.01624,1199.25,162.0,0.0
10785,49.017332,1199.25,162.0,0.0
10786,49.025792,1199.5,162.0,0.0
10787,49.026088,1199.5,162.0,0.0
10788,49.036092,1199.75,162.0,0.0
10789,49.036384,1199.75,162.0,0.0
10790,49.045668,1199.5,162.0,0.0
10791,49.04596,1199.5,162.0,0.0
10792,49.056408,1200.0,162.0,0.0
10793,49.057536,1200.0,162.0,0.0
10794,49.065736,1200.25,162.0,0.0
10795,49.066024,1200.25,162.0,0.0
10796,49.076504,1200.5,162.0,0.0
10797,49.076804,1200.5,162.0,0.0
10798,49.085712,1200.0,162.0,0.0
10799,49.086136,1200.0,162.0,0.0
10800,49.096032,1200.25,162.0,0.0
10801,49.096328,1200.25,162.0,0.0
10802,49.105608,1200.25,162.0,0.0
10803,49.105888,1200.25,162.0,0.0
10804,49.111424,1200.0,162.0,0.0
10805,49.11172,1200.0,162.0,0.0
10806,49.11624,1200.0,160.0,0.0
10807,49.116544,1200.0,160.0,0.0
10808,49.12586,1200.0,160.0,0.0
10809,49.126144,1200.0,160.0,0.0
10810,49.136132,1199.5,160.0,0.0
10811,49.136452,1199.5,160.0,0.0
10812,49.145764,1199.0,160.0,0.0
10813,49.146076,1199.0,160.0,0.0
10814,49.156324,1199.75,160.0,0.0
10815,49.156896,1199.75,160.0,0.0
10816,49.165768,1200.0,160.0,0.0
10817,49.166064,1200.0,160.0,0.0
10818,49.17646,1200.0,160.0,0.0
10819,49.176756,1200.0,160.0,0.0
10820,49.185636,1200.25,160.0,0.0
10821,49.185924,1200.25,160.0,0.0
10822,49.195932,1200.75,160.0,0.0
10823,49.196228,1200.75,160.0,0.0
10824,49.205672,1200.25,160.0,0.0
10825,49.20596,1200.25,160.0,0.0
10826,49.211416,1199.75,160.0,0.0
10827,49.211712,1199.75,160.0,0.0
10828,49.216264,1199.75,157.0,0.0
10829,49.216568,1199.75,157.0,0.0
10830,49.225964,1199.75,157.0,0.0
10831,49.226252,1199.75,157.0,0.0
10832,49.23614,1199.75,157.0,0.0
10833,49.236444,1199.75,157.0,0.0
10834,49.245668,1199.25,157.0,0.0
10835,49.245968,1199.25,157.0,0.0
10836,49.256332,1199.5,157.0,0.0
10837,49.256904,1199.5,157.0,0.0
10838,49.265876,1199.5,157.0,0.0
10839,49.270768,1199.5,157.0,0.0
10840,49.276504,1199.75,157.0,0.0
10841,49.28216,1199.75,157.0,0.0
10842,49.285792,1199.75,157.0,0.0
10843,49.28608,1199.75,157.0,0.0
10844,49.296128,1199.75,157.0,0.0
10845,49.296432,1199.75,157.0,0.0
10846,49.305704,1200.0,157.0,0.0
10847,49.305992,1200.0,157.0,0.0
10848,49.311384,1200.0,157.0,0.0
10849,49.311672,1200.0,157.0,0.0
10850,49.316256,1200.0,155.0,0.0
10851,49.31656,1200.0,155.0,0.0
10852,49.325956,1199.75,155.0,0.0
10853,49.326244,1199.75,155.0,0.0
10854,49.336424,1199.5,155.0,0.0
10855,49.337,1199.5,155.0,0.0
10856,49.345396,1199.5,155.0,0.0
10857,49.345692,1199.5,155.0,0.0
10858,49.356324,1200.0,155.0,0.0
10859,49.356904,1200.0,155.0,0.0
10860,49.365752,1200.25,155.0,0.0
10861,49.36608,1200.25,155.0,0.0
10862,49.376508,1200.0,155.0,0.0
10863,49.376812,1200.0,155.0,0.0
10864,49.385912,1199.75,155.0,0.0
10865,49.3862,1199.75,155.0,0.0
10866,49.395992,1200.0,155.0,0.0
10867,49.396292,1200.0,155.0,0.0
10868,49.40568,1200.25,155.0,0.0
10869,49.405968,1200.25,155.0,0.0
10870,49.411512,1200.0,155.0,0.0
10871,49.411808,1200.0,155.0,0.0
10872,49.416348,1200.0,153.0,0.0
10873,49.416928,1200.0,153.0,0.0
10874,49.425776,1199.75,153.0,0.0
10875,49.426072,1199.75,153.0,0.0
10876,49.436088,1199.75,153.0,0.0
10877,49.436384,1199.75,153.0,0.0
10878,49.44578,1199.75,153.0,0.0
10879,49.446076,1199.75,153.0,0.0
10880,49.456364,1200.0,153.0,0.0
10881,49.45694,1200.0,153.0,0.0
10882,49.465792,1200.0,153.0,0.0
10883,49.46608,1200.0,153.0,0.0
10884,49.476476,1200.25,153.0,0.0
10885,49.47678,1200.25,153.0,0.0
10886,49.4857,1200.25,153.0,0.0
10887,49.485988,1200.25,153.0,0.0
10888,49.496048,1200.25,153.0,0.0
10889,49.49652,1200.25,153.0,0.0
10890,49.505568,1200.0,153.0,0.0
10891,49.505852,1200.0,153.0,0.0
10892,49.511408,1199.5,153.0,0.0
10893,49.511704,1199.5,153.0,0.0
10894,49.516348,1199.5,151.0,0.0
10895,49.517216,1199.5,151.0,0.0
10896,49.52584,1199.5,151.0,0.0
10897,49.526128,1199.5,151.0,0.0
10898,49.536164,1199.5,151.0,0.0
10899,49.536456,1199.5,151.0,0.0
10900,49.545672,1199.25,151.0,0.0
10901,49.546264,1199.25,151.0,0.0
10902,49.5564,1199.5,151.0,0.0
10903,49.556972,1199.5,151.0,0.0
10904,49.565876,1200.0,151.0,0.0
10905,49.56616,1200.0,151.0,0.0
10906,49.576452,1200.25,151.0,0.0
10907,49.576748,1200.25,151.0,0.0
10908,49.585692,1200.0,151.0,0.0
10909,49.58598,1200.0,151.0,0.0
10910,49.595964,1200.0,151.0,0.0
10911,49.596268,1200.0,151.0,0.0
10912,49.6056,1200.0,151.0,0.0
10913,49.605884,1200.0,151.0,0.0
10914,49.6114,1200.25,151.0,0.0
10915,49.611696,1200.25,151.0,0.0
10916,49.616356,1200.25,148.0,0.0
10917,49.616928,1200.25,148.0,0.0
10918,49.625964,1200.0,148.0,0.0
10919,49.62626,1200.0,148.0,0.0
10920,49.636212,1199.5,148.0,0.0
10921,49.636508,1199.5,148.0,0.0
10922,49.645688,1199.25,148.0,0.0
10923,49.646288,1199.25,148.0,0.0
10924,49.65644,1199.75,148.0,0.0
10925,49.657012,1199.75,148.0,0.0
10926,49.665908,1200.0,148.0,0.0
10927,49.666196,1200.0,148.0,0.0
10928,49.676608,1200.0,148.0,0.0
10929,49.676912,1200.0,148.0,0.0
10930,49.685716,1200.0,148.0,0.0
10931,49.68616,1200.0,148.0,0.0
10932,49.696048,1200.25,148.0,0.0
10933,49.696352,1200.25,148.0,0.0
10934,49.705492,1200.25,148.0,0.0
10935,49.70578,1200.25,148.0,0.0
10936,49.711512,1200.0,148.0,0.0
10937,49.7118,1200.0,148.0,0.0
10938,49.71628,1200.0,147.0,0.0
10939,49.716576,1200.0,147.0,0.0
10940,49.725888,1200.0,147.0,0.0
10941,49.726184,1200.0,147.0,0.0
10942,49.736144,1199.75,147.0,0.0
10943,49.737016,1199.75,147.0,0.0
10944,49.745504,1199.75,147.0,0.0
10945,49.745796,1199.75,147.0,0.0
10946,49.756364,1200.0,147.0,0.0
10947,49.756936,1200.0,147.0,0.0
10948,49.765768,1199.75,147.0,0.0
10949,49.766056,1199.75,147.0,0.0
10950,49.77646,1200.0,147.0,0.0
10951,49.777048,1200.0,147.0,0.0
10952,49.785792,1200.0,147.0,0.0
10953,49.786092,1200.0,147.0,0.0
10954,49.795956,1199.75,147.0,0.0
10955,49.79626,1199.75,147.0,0.0
10956,49.80564,1199.5,147.0,0.0
10957,49.805936,1199.5,147.0,0.0
10958,49.8114,1199.5,147.0,0.0
10959,49.811684,1199.5,147.0,0.0
10960,49.816452,1199.5,144.0,0.0
10961,49.817032,1199.5,144.0,0.0
10962,49.825856,1199.5,144.0,0.0
10963,49.826144,1199.5,144.0,0.0
10964,49.836144,1199.25,144.0,0.0
10965,49.83644,1199.25,144.0,0.0
10966,49.84568,1199.25,144.0,0.0
10967,49.845984,1199.25,144.0,0.0
10968,49.856224,1199.75,144.0,0.0
10969,49.856528,1199.75,144.0,0.0
10970,49.865744,1200.0,144.0,0.0
10971,49.866032,1200.0,144.0,0.0
10972,49.876508,1200.25,144.0,0.0
10973,49.876804,1200.25,144.0,0.0
10974,49.885748,1199.75,144.0,0.0
10975,49.886036,1199.75,144.0,0.0
10976,49.89616,1199.75,144.0,0.0
10977,49.896464,1199.75,144.0,0.0
10978,49.905508,1200.0,144.0,0.0
10979,49.905916,1200.0,144.0,0.0
10980,49.911424,1199.75,144.0,0.0
10981,49.911716,1199.75,144.0,0.0
10982,49.916388,1199.75,143.0,0.0
10983,49.916976,1199.75,143.0,0.0
10984,49.925888,1199.5,143.0,0.0
10985,49.926176,1199.5,143.0,0.0
10986,49.936304,1199.25,143.0,0.0
10987,49.936596,1199.25,143.0,0.0
10988,49.945688,1199.0,143.0,0.0
10989,49.946272,1199.0,143.0,0.0
10990,49.956332,1199.5,143.0,0.0
10991,49.956904,1199.5,143.0,0.0
10992,49.965792,1199.5,143.0,0.0
10993,49.96608,1199.5,143.0,0.0
10994,49.976524,1199.75,143.0,0.0
10995,49.976828,1199.75,143.0,0.0
10996,49.985608,1200.0,143.0,0.0
10997,49.985896,1200.0,143.0,0.0
10998,49.995972,1200.5,143.0,0.0
10999,49.996384,1200.5,143.0,0.0
11000,50.005656,1200.0,143.0,0.0
11001,50.00622,1200.0,143.0,0.0
11002,50.011584,1199.75,143.0,0.0
11003,50.01188,1199.75,143.0,0.0
11004,50.016404,1199.75,140.0,0.0
11005,50.016984,1199.75,140.0,0.0
11006,50.025864,1199.75,140.0,0.0
11007,50.026152,1199.75,140.0,0.0
11008,50.036168,1199.75,140.0,0.0
11009,50.036464,1199.75,140.0,0.0
11010,50.045796,1199.5,140.0,0.0
11011,50.0461,1199.5,140.0,0.0
11012,50.05638,1199.75,140.0,0.0
11013,50.056952,1199.75,140.0,0.0
11014,50.065744,1200.25,140.0,0.0
11015,50.066032,1200.25,140.0,0.0
11016,50.076648,1200.75,140.0,0.0
11017,50.076944,1200.75,140.0,0.0
11018,50.08578,1200.25,140.0,0.0
11019,50.086068,1200.25,140.0,0.0
11020,50.096064,1200.25,140.0,0.0
11021,50.096364,1200.25,140.0,0.0
11022,50.105616,1200.5,140.0,0.0
11023,50.105892,1200.5,140.0,0.0
11024,50.111408,1200.25,140.0,0.0
11025,50.1117,1200.25,140.0,0.0
11026,50.11636,1200.25,138.0,0.0
11027,50.117232,1200.25,138.0,0.0
11028,50.126012,1200.0,138.0,0.0
11029,50.1263,1200.0,138.0,0.0
11030,50.13616,1199.75,138.0,0.0
11031,50.136464,1199.75,138.0,0.0
11032,50.145812,1199.75,138.0,0.0
11033,50.146124,1199.75,138.0,0.0
11034,50.156404,1200.25,138.0,0.0
11035,50.156976,1200.25,138.0,0.0
11036,50.165784,1200.5,138.0,0.0
11037,50.166072,1200.5,138.0,0.0
11038,50.176484,1200.25,138.0,0.0
11039,50.176784,1200.25,138.0,0.0
11040,50.185716,1200.0,138.0,0.0
11041,50.186036,1200.0,138.0,0.0
11042,50.19608,1200.25,138.0,0.0
11043,50.196372,1200.25,138.0,0.0
11044,50.205624,1200.25,138.0,0.0
11045,50.205908,1200.25,138.0,0.0
11046,50.211424,1200.0,138.0,0.0
11047,50.211708,1200.0,138.0,0.0
11048,50.216312,1200.0,136.0,0.0
11049,50.216608,1200.0,136.0,0.0
11050,50.225816,1199.75,136.0,0.0
11051,50.226104,1199.75,136.0,0.0
11052,50.23612,1199.75,136.0,0.0
11053,50.236424,1199.75,136.0,0.0
11054,50.245696,1199.75,136.0,0.0
11055,50.246,1199.75,136.0,0.0
11056,50.25638,1200.0,136.0,0.0
11057,50.256952,1200.0,136.0,0.0
11058,50.265784,1200.0,136.0,0.0
11059,50.269012,1200.0,136.0,0.0
11060,50.276884,1200.0,136.0,0.0
11061,50.277448,1200.0,136.0,0.0
11062,50.285616,1200.25,136.0,0.0
11063,50.285912,1200.25,136.0,0.0
11064,50.296072,1200.0,136.0,0.0
11065,50.296372,1200.0,136.0,0.0
11066,50.30564,1199.75,136.0,0.0
11067,50.305924,1199.75,136.0,0.0
11068,50.3116,1199.75,136.0,0.0
11069,50.311896,1199.75,136.0,0.0
11070,50.316304,1199.75,135.0,0.0
11071,50.316608,1199.75,135.0,0.0
11072,50.325904,1200.0,135.0,0.0
11073,50.32642,1200.0,135.0,0.0
11074,50.336456,1199.75,135.0,0.0
11075,50.33704,1199.75,135.0,0.0
11076,50.345508,1199.25,135.0,0.0
11077,50.345812,1199.25,135.0,0.0
11078,50.356388,1199.75,135.0,0.0
11079,50.35696,1199.75,135.0,0.0
11080,50.365784,1200.25,135.0,0.0
11081,50.366072,1200.25,135.0,0.0
11082,50.376508,1200.0,135.0,0.0
11083,50.376808,1200.0,135.0,0.0
11084,50.385984,1199.75,135.0,0.0
11085,50.386368,1199.75,135.0,0.0
11086,50.395996,1200.5,135.0,0.0
11087,50.3963,1200.5,135.0,0.0
11088,50.405672,1200.5,135.0,0.0
11089,50.405948,1200.5,135.0,0.0
11090,50.411428,1200.25,135.0,0.0
11091,50.411716,1200.25,135.0,0.0
11092,50.416328,1200.25,132.0,0.0
11093,50.416912,1200.25,132.0,0.0
11094,50.425816,1200.5,132.0,0.0
11095,50.426092,1200.5,132.0,0.0
11096,50.436276,1200.25,132.0,0.0
11097,50.43658,1200.25,132.0,0.0
11098,50.445704,1199.75,132.0,0.0
11099,50.446016,1199.75,132.0,0.0
11100,50.456412,1200.25,132.0,0.0
11101,50.456984,1200.25,132.0,0.0
11102,50.465996,1200.25,132.0,0.0
11103,50.466292,1200.25,132.0,0.0
11104,50.476784,1200.5,132.0,0.0
11105,50.477088,1200.5,132.0,0.0
11106,50.48582,1200.5,132.0,0.0
11107,50.486108,1200.5,132.0,0.0
11108,50.496168,1200.75,132.0,0.0
11109,50.496464,1200.75,132.0,0.0
11110,50.505572,1200.5,132.0,0.0
11111,50.50586,1200.5,132.0,0.0
11112,50.511412,1200.25,132.0,0.0
11113,50.511708,1200.25,132.0,0.0
11114,50.51632,1200.25,130.0,0.0
11115,50.517188,1200.25,130.0,0.0
11116,50.52592,1200.0,130.0,0.0
11117,50.526444,1200.0,130.0,0.0
11118,50.53626,1200.0,130.0,0.0
11119,50.53656,1200.0,130.0,0.0
11120,50.54572,1200.0,130.0,0.0
11121,50.546016,1200.0,130.0,0.0
11122,50.556412,1200.25,130.0,0.0
11123,50.556984,1200.25,130.0,0.0
11124,50.565808,1200.75,130.0,0.0
11125,50.566096,1200.75,130.0,0.0
11126,50.576488,1200.75,130.0,0.0
11127,50.576784,1200.75,130.0,0.0
11128,50.585788,1200.5,130.0,0.0
11129,50.586076,1200.5,130.0,0.0
11130,50.596012,1200.25,130.0,0.0
11131,50.596316,1200.25,130.0,0.0
11132,50.605612,1200.5,130.0,0.0
11133,50.605892,1200.5,130.0,0.0
11134,50.611584,1200.0,130.0,0.0
11135,50.61188,1200.0,130.0,0.0
11136,50.616328,1200.0,128.0,0.0
11137,50.616908,1200.0,128.0,0.0
11138,50.62602,1200.0,128.0,0.0
11139,50.626304,1200.0,128.0,0.0
11140,50.636252,1199.75,128.0,0.0
11141,50.636544,1199.75,128.0,0.0
11142,50.64582,1199.5,128.0,0.0
11143,50.646128,1199.5,128.0,0.0
11144,50.656396,1199.75,128.0,0.0
11145,50.656968,1199.75,128.0,0.0
11146,50.66588,1200.5,128.0,0.0
11147,50.66638,1200.5,128.0,0.0
11148,50.676548,1200.5,128.0,0.0
11149,50.67684,1200.5,128.0,0.0
11150,50.685764,1200.0,128.0,0.0
11151,50.686048,1200.0,128.0,0.0
11152,50.696076,1200.5,128.0,0.0
11153,50.69638,1200.5,128.0,0.0
11154,50.70558,1200.5,128.0,0.0
11155,50.70608,1200.5,128.0,0.0
11156,50.711428,1200.25,128.0,0.0
11157,50.711724,1200.25,128.0,0.0
11158,50.71632,1200.25,126.0,0.0
11159,50.717188,1200.25,126.0,0.0
11160,50.726036,1200.0,126.0,0.0
11161,50.72632,1200.0,126.0,0.0
11162,50.736216,1200.0,126.0,0.0
11163,50.737088,1200.0,126.0,0.0
11164,50.74572,1199.5,126.0,0.0
11165,50.746024,1199.5,126.0,0.0
11166,50.756452,1199.75,126.0,0.0
11167,50.757024,1199.75,126.0,0.0
11168,50.765792,1199.75,126.0,0.0
11169,50.766076,1199.75,126.0,0.0
11170,50.77658,1200.0,126.0,0.0
11171,50.777168,1200.0,126.0,0.0
11172,50.78578,1200.0,126.0,0.0
11173,50.786064,1200.0,126.0,0.0
11174,50.79602,1200.25,126.0,0.0
11175,50.79632,1200.25,126.0,0.0
11176,50.80566,1200.25,126.0,0.0
11177,50.805948,1200.25,126.0,0.0
11178,50.811512,1200.25,126.0,0.0
11179,50.811804,1200.25,126.0,0.0
11180,50.816392,1200.25,123.0,0.0
11181,50.816984,1200.25,123.0,0.0
11182,50.826052,1200.25,123.0,0.0
11183,50.826336,1200.25,123.0,0.0
11184,50.836208,1200.0,123.0,0.0
11185,50.836504,1200.0,123.0,0.0
11186,50.845728,1199.5,123.0,0.0
11187,50.846024,1199.5,123.0,0.0
11188,50.856256,1200.0,123.0,0.0
11189,50.85656,1200.0,123.0,0.0
11190,50.86584,1200.5,123.0,0.0
11191,50.86612,1200.5,123.0,0.0
11192,50.876596,1200.5,123.0,0.0
11193,50.8769,1200.5,123.0,0.0
11194,50.885788,1200.0,123.0,0.0
11195,50.886072,1200.0,123.0,0.0
11196,50.896092,1200.25,123.0,0.0
11197,50.896388,1200.25,123.0,0.0
11198,50.905544,1200.0,123.0,0.0
11199,50.906088,1200.0,123.0,0.0
11200,50.911584,1199.75,123.0,0.0
11201,50.91188,1199.75,123.0,0.0
11202,50.916336,1199.75,122.0,0.0
11203,50.917204,1199.75,122.0,0.0
11204,50.926,1199.75,122.0,0.0
11205,50.926296,1199.75,122.0,0.0
11206,50.93624,1199.5,122.0,0.0
11207,50.936544,1199.5,122.0,0.0
11208,50.946104,1199.5,122.0,0.0
11209,50.9464,1199.5,122.0,0.0
11210,50.956408,1200.25,122.0,0.0
11211,50.957548,1200.25,122.0,0.0
11212,50.965832,1200.25,122.0,0.0
11213,50.96612,1200.25,122.0,0.0
11214,50.976564,1200.25,122.0,0.0
11215,50.976864,1200.25,122.0,0.0
11216,50.985664,1200.0,122.0,0.0
11217,50.985952,1200.0,122.0,0.0
11218,50.996116,1200.25,122.0,0.0
11219,50.997272,1200.25,122.0,0.0
11220,51.005596,1200.0,122.0,0.0
11221,51.005972,1200.0,122.0,0.0
11222,51.011444,1199.5,122.0,0.0
11223,51.01174,1199.5,122.0,0.0
11224,51.016392,1199.5,119.0,0.0
11225,51.016968,1199.5,119.0,0.0
11226,51.025872,1199.5,119.0,0.0
11227,51.026156,1199.5,119.0,0.0
11228,51.036224,1199.5,119.0,0.0
11229,51.036528,1199.5,119.0,0.0
11230,51.046024,1199.5,119.0,0.0
11231,51.04632,1199.5,119.0,0.0
11232,51.056436,1199.75,119.0,0.0
11233,51.057008,1199.75,119.0,0.0
11234,51.065832,1200.0,119.0,0.0
11235,51.066224,1200.0,119.0,0.0
11236,51.076572,1200.5,119.0,0.0
11237,51.076872,1200.5,119.0,0.0
11238,51.085788,1200.5,119.0,0.0
11239,51.086072,1200.5,119.0,0.0
11240,51.096184,1200.25,119.0,0.0
11241,51.096484,1200.25,119.0,0.0
11242,51.105596,1200.5,119.0,0.0
11243,51.10588,1200.5,119.0,0.0
11244,51.111512,1200.75,119.0,0.0
11245,51.111804,1200.75,119.0,0.0
11246,51.1164,1200.75,117.0,0.0
11247,51.117268,1200.75,117.0,0.0
11248,51.125944,1200.75,117.0,0.0
11249,51.126232,1200.75,117.0,0.0
11250,51.136348,1200.5,117.0,0.0
11251,51.136928,1200.5,117.0,0.0
11252,51.145744,1200.25,117.0,0.0
11253,51.146604,1200.25,117.0,0.0
11254,51.156408,1200.5,117.0,0.0
11255,51.156984,1200.5,117.0,0.0
11256,51.165888,1200.75,117.0,0.0
11257,51.166176,1200.75,117.0,0.0
11258,51.176628,1200.75,117.0,0.0
11259,51.176932,1200.75,117.0,0.0
11260,51.185624,1200.5,117.0,0.0
11261,51.185916,1200.5,117.0,0.0
11262,51.196092,1200.75,117.0,0.0
11263,51.196396,1200.75,117.0,0.0
11264,51.205652,1201.25,117.0,0.0
11265,51.205932,1201.25,117.0,0.0
11266,51.211592,1200.75,117.0,0.0
11267,51.211888,1200.75,117.0,0.0
11268,51.216344,1200.75,116.0,0.0
11269,51.216916,1200.75,116.0,0.0
11270,51.226076,1200.5,116.0,0.0
11271,51.22636,1200.5,116.0,0.0
11272,51.236364,1200.5,116.0,0.0
11273,51.236668,1200.5,116.0,0.0
11274,51.245816,1200.25,116.0,0.0
11275,51.24612,1200.25,116.0,0.0
11276,51.256384,1200.75,116.0,0.0
11277,51.256968,1200.75,116.0,0.0
11278,51.26574,1200.25,116.0,0.0
11279,51.270416,1200.25,116.0,0.0
11280,51.27672,1200.5,116.0,0.0
11281,51.2773,1200.5,116.0,0.0
11282,51.285704,1200.25,116.0,0.0
11283,51.285984,1200.25,116.0,0.0
11284,51.2961,1200.25,116.0,0.0
11285,51.296404,1200.25,116.0,0.0
11286,51.305552,1200.5,116.0,0.0
11287,51.30584,1200.5,116.0,0.0
11288,51.311452,1200.0,116.0,0.0
11289,51.311736,1200.0,116.0,0.0
11290,51.3164,1200.0,115.0,0.0
11291,51.317268,1200.0,115.0,0.0
11292,51.32592,1200.25,115.0,0.0
11293,51.326204,1200.25,115.0,0.0
11294,51.336668,1200.25,115.0,0.0
11295,51.33752,1200.25,115.0,0.0
11296,51.345744,1200.0,115.0,0.0
11297,51.34604,1200.0,115.0,0.0
11298,51.356384,1201.0,115.0,0.0
11299,51.356968,1201.0,115.0,0.0
11300,51.365968,1201.0,115.0,0.0
11301,51.366256,1201.0,115.0,0.0
11302,51.376612,1201.25,115.0,0.0
11303,51.376912,1201.25,115.0,0.0
11304,51.385944,1200.5,115.0,0.0
11305,51.386228,1200.5,115.0,0.0
11306,51.396048,1200.5,115.0,0.0
11307,51.396352,1200.5,115.0,0.0
11308,51.405652,1201.0,115.0,0.0
11309,51.405936,1201.0,115.0,0.0
11310,51.411436,1200.5,115.0,0.0
11311,51.411728,1200.5,115.0,0.0
11312,51.416864,1200.5,112.0,0.0
11313,51.417712,1200.5,112.0,0.0
11314,51.42592,1200.25,112.0,0.0
11315,51.426204,1200.25,112.0,0.0
11316,51.436272,1200.0,112.0,0.0
11317,51.436576,1200.0,112.0,0.0
11318,51.445744,1200.0,112.0,0.0
11319,51.446048,1200.0,112.0,0.0
11320,51.456524,1200.75,112.0,0.0
11321,51.457104,1200.75,112.0,0.0
11322,51.466036,1200.75,112.0,0.0
11323,51.46632,1200.75,112.0,0.0
11324,51.476636,1200.75,112.0,0.0
11325,51.476928,1200.75,112.0,0.0
11326,51.485752,1200.75,112.0,0.0
11327,51.486032,1200.75,112.0,0.0
11328,51.496108,1200.75,112.0,0.0
11329,51.4964,1200.75,112.0,0.0
11330,51.5057,1200.75,112.0,0.0
11331,51.50598,1200.75,112.0,0.0
11332,51.511624,1200.0,112.0,0.0
11333,51.51192,1200.0,112.0,0.0
11334,51.51652,1200.0,110.0,0.0
11335,51.517392,1200.0,110.0,0.0
11336,51.525876,1200.0,110.0,0.0
11337,51.526164,1200.0,110.0,0.0
11338,51.5362,1199.75,110.0,0.0
11339,51.536496,1199.75,110.0,0.0
11340,51.545536,1199.5,110.0,0.0
11341,51.546128,1199.5,110.0,0.0
11342,51.5565,1200.0,110.0,0.0
11343,51.557072,1200.0,110.0,0.0
11344,51.566032,1199.75,110.0,0.0
11345,51.566312,1199.75,110.0,0.0
11346,51.576536,1200.0,110.0,0.0
11347,51.576856,1200.0,110.0,0.0
11348,51.585656,1200.0,110.0,0.0
11349,51.58594,1200.0,110.0,0.0
11350,51.596076,1200.0,110.0,0.0
11351,51.596368,1200.0,110.0,0.0
11352,51.605824,1200.5,110.0,0.0
11353,51.606112,1200.5,110.0,0.0
11354,51.611452,1200.25,110.0,0.0
11355,51.611744,1200.25,110.0,0.0
11356,51.616604,1200.25,108.0,0.0
11357,51.617176,1200.25,108.0,0.0
11358,51.625992,1200.0,108.0,0.0
11359,51.626296,1200.0,108.0,0.0
11360,51.6362,1200.0,108.0,0.0
11361,51.636504,1200.0,108.0,0.0
11362,51.64576,1199.75,108.0,0.0
11363,51.647528,1199.75,108.0,0.0
11364,51.6564,1200.5,108.0,0.0
11365,51.657596,1200.5,108.0,0.0
11366,51.665968,1200.5,108.0,0.0
11367,51.666352,1200.5,108.0,0.0
11368,51.676552,1200.5,108.0,0.0
11369,51.677896,1200.5,108.0,0.0
11370,51.6858,1200.25,108.0,0.0
11371,51.686276,1200.25,108.0,0.0
11372,51.696196,1200.25,108.0,0.0
11373,51.697124,1200.25,108.0,0.0
11374,51.7056,1200.75,108.0,0.0
11375,51.706004,1200.75,108.0,0.0
11376,51.711452,1200.5,108.0,0.0
11377,51.711744,1200.5,108.0,0.0
11378,51.71652,1200.5,107.0,0.0
11379,51.717392,1200.5,107.0,0.0
11380,51.725892,1200.25,107.0,0.0
11381,51.72618,1200.25,107.0,0.0
11382,51.736152,1200.0,107.0,0.0
11383,51.737016,1200.0,107.0,0.0
11384,51.745752,1200.0,107.0,0.0
11385,51.746224,1200.0,107.0,0.0
11386,51.756464,1200.75,107.0,0.0
11387,51.75704,1200.75,107.0,0.0
11388,51.76606,1200.5,107.0,0.0
11389,51.766376,1200.5,107.0,0.0
11390,51.77652,1200.5,107.0,0.0
11391,51.777112,1200.5,107.0,0.0
11392,51.785728,1200.25,107.0,0.0
11393,51.786032,1200.25,107.0,0.0
11394,51.79608,1200.5,107.0,0.0
11395,51.796384,1200.5,107.0,0.0
11396,51.805708,1200.5,107.0,0.0
11397,51.805996,1200.5,107.0,0.0
11398,51.811624,1200.0,107.0,0.0
11399,51.811916,1200.0,107.0,0.0
11400,51.816552,1200.0,104.0,0.0
11401,51.817136,1200.0,104.0,0.0
11402,51.825688,1199.75,104.0,0.0
11403,51.825976,1199.75,104.0,0.0
11404,51.836184,1199.5,104.0,0.0
11405,51.836476,1199.5,104.0,0.0
11406,51.846128,1199.5,104.0,0.0
11407,51.846432,1199.5,104.0,0.0
11408,51.856572,1200.25,104.0,0.0
11409,51.857144,1200.25,104.0,0.0
11410,51.865944,1200.25,104.0,0.0
11411,51.866484,1200.25,104.0,0.0
11412,51.876488,1200.5,104.0,0.0
11413,51.876792,1200.5,104.0,0.0
11414,51.88576,1200.25,104.0,0.0
11415,51.886048,1200.25,104.0,0.0
11416,51.896124,1200.0,104.0,0.0
11417,51.896416,1200.0,104.0,0.0
11418,51.905648,1200.25,104.0,0.0
11419,51.905936,1200.25,104.0,0.0
11420,51.911448,1200.0,104.0,0.0
11421,51.911744,1200.0,104.0,0.0
11422,51.916576,1200.0,102.0,0.0
11423,51.917168,1200.0,102.0,0.0
11424,51.926072,1199.75,102.0,0.0
11425,51.92636,1199.75,102.0,0.0
11426,51.9362,1199.25,102.0,0.0
11427,51.9365,1199.25,102.0,0.0
11428,51.94576,1199.25,102.0,0.0
11429,51.94606,1199.25,102.0,0.0
11430,51.956572,1200.5,102.0,0.0
11431,51.957712,1200.5,102.0,0.0
11432,51.966116,1200.0,102.0,0.0
11433,51.9664,1200.0,102.0,0.0
11434,51.976496,1200.0,102.0,0.0
11435,51.977076,1200.0,102.0,0.0
11436,51.985612,1200.0,102.0,0.0
11437,51.9859,1200.0,102.0,0.0
11438,51.996088,1200.5,102.0,0.0
11439,51.997244,1200.5,102.0,0.0
11440,52.005724,1200.75,102.0,0.0
11441,52.00624,1200.75,102.0,0.0
11442,52.011456,1200.25,102.0,0.0
11443,52.011744,1200.25,102.0,0.0
11444,52.016684,1200.25,100.0,0.0
11445,52.017248,1200.25,100.0,0.0
11446,52.025836,1200.25,100.0,0.0
11447,52.02612,1200.25,100.0,0.0
11448,52.036132,1200.0,100.0,0.0
11449,52.036428,1200.0,100.0,0.0
11450,52.046052,1199.75,100.0,0.0
11451,52.046348,1199.75,100.0,0.0
11452,52.056512,1200.0,100.0,0.0
11453,52.057088,1200.0,100.0,0.0
11454,52.06608,1200.0,100.0,0.0
11455,52.066368,1200.0,100.0,0.0
11456,52.076536,1200.25,100.0,0.0
11457,52.07684,1200.25,100.0,0.0
11458,52.085776,1200.5,100.0,0.0
11459,52.08608,1200.5,100.0,0.0
11460,52.096132,1200.25,100.0,0.0
11461,52.097056,1200.25,100.0,0.0
11462,52.105624,1200.25,100.0,0.0
11463,52.105912,1200.25,100.0,0.0
11464,52.11158,1200.0,100.0,0.0
11465,52.111876,1200.0,100.0,0.0
11466,52.11662,1200.0,98.0,0.0
11467,52.1172,1200.0,98.0,0.0
11468,52.125844,1200.25,98.0,0.0
11469,52.126128,1200.25,98.0,0.0
11470,52.136188,1199.75,98.0,0.0
11471,52.136484,1199.75,98.0,0.0
11472,52.145776,1199.25,98.0,0.0
11473,52.146076,1199.25,98.0,0.0
11474,52.156464,1200.25,98.0,0.0
11475,52.15704,1200.25,98.0,0.0
11476,52.166132,1200.25,98.0,0.0
11477,52.166416,1200.25,98.0,0.0
11478,52.176544,1200.25,98.0,0.0
11479,52.176848,1200.25,98.0,0.0
11480,52.185636,1199.75,98.0,0.0
11481,52.185916,1199.75,98.0,0.0
11482,52.196088,1199.75,98.0,0.0
11483,52.196392,1199.75,98.0,0.0
11484,52.205632,1200.0,98.0,0.0
11485,52.20592,1200.0,98.0,0.0
11486,52.21148,1200.0,98.0,0.0
11487,52.211776,1200.0,98.0,0.0
11488,52.216592,1200.0,96.0,0.0
11489,52.217176,1200.0,96.0,0.0
11490,52.225868,1199.75,96.0,0.0
11491,52.226144,1199.75,96.0,0.0
11492,52.236196,1199.75,96.0,0.0
11493,52.236616,1199.75,96.0,0.0
11494,52.245776,1199.75,96.0,0.0
11495,52.246068,1199.75,96.0,0.0
11496,52.256512,1200.5,96.0,0.0
11497,52.257088,1200.5,96.0,0.0
11498,52.266048,1200.25,96.0,0.0
11499,52.26718,1200.25,96.0,0.0
11500,52.276944,1200.5,96.0,0.0
11501,52.277608,1200.5,96.0,0.0
11502,52.285628,1200.25,96.0,0.0
11503,52.285916,1200.25,96.0,0.0
11504,52.296228,1200.5,96.0,0.0
11505,52.296524,1200.5,96.0,0.0
11506,52.305632,1200.5,96.0,0.0
11507,52.30592,1200.5,96.0,0.0
11508,52.311464,1200.0,96.0,0.0
11509,52.31176,1200.0,96.0,0.0
11510,52.31656,1200.0,95.0,0.0
11511,52.317428,1200.0,95.0,0.0
11512,52.325816,1199.75,95.0,0.0
11513,52.326104,1199.75,95.0,0.0
11514,52.336476,1199.75,95.0,0.0
11515,52.3376,1199.75,95.0,0.0
11516,52.345776,1199.25,95.0,0.0
11517,52.346068,1199.25,95.0,0.0
11518,52.35652,1200.0,95.0,0.0
11519,52.357096,1200.0,95.0,0.0
11520,52.36604,1200.25,95.0,0.0
11521,52.366328,1200.25,95.0,0.0
11522,52.376468,1200.25,95.0,0.0
11523,52.376772,1200.25,95.0,0.0
11524,52.385948,1200.0,95.0,0.0
11525,52.386248,1200.0,95.0,0.0
11526,52.39612,1200.0,95.0,0.0
11527,52.396416,1200.0,95.0,0.0
11528,52.40564,1200.5,95.0,0.0
11529,52.405928,1200.5,95.0,0.0
11530,52.41168,1200.0,95.0,0.0
11531,52.411964,1200.0,95.0,0.0
11532,52.416864,1200.0,92.0,0.0
11533,52.417708,1200.0,92.0,0.0
11534,52.42576,1200.0,92.0,0.0
11535,52.426048,1200.0,92.0,0.0
11536,52.436172,1199.75,92.0,0.0
11537,52.436476,1199.75,92.0,0.0
11538,52.445864,1199.25,92.0,0.0
11539,52.446176,1199.25,92.0,0.0
11540,52.456528,1200.25,92.0,0.0
11541,52.457104,1200.25,92.0,0.0
11542,52.466048,1200.0,92.0,0.0
11543,52.466532,1200.0,92.0,0.0
11544,52.476648,1199.75,92.0,0.0
11545,52.476944,1199.75,92.0,0.0
11546,52.48566,1199.75,92.0,0.0
11547,52.485948,1199.75,92.0,0.0
11548,52.496144,1200.0,92.0,0.0
11549,52.496448,1200.0,92.0,0.0
11550,52.50568,1200.0,92.0,0.0
11551,52.505968,1200.0,92.0,0.0
11552,52.511464,1199.5,92.0,0.0
11553,52.51176,1199.5,92.0,0.0
11554,52.516608,1199.5,91.0,0.0
11555,52.51748,1199.5,91.0,0.0
11556,52.525908,1199.25,91.0,0.0
11557,52.526192,1199.25,91.0,0.0
11558,52.53624,1199.0,91.0,0.0
11559,52.53654,1199.0,91.0,0.0
11560,52.54578,1199.0,91.0,0.0
11561,52.546272,1199.0,91.0,0.0
11562,52.556588,1199.75,91.0,0.0
11563,52.55716,1199.75,91.0,0.0
11564,52.566088,1199.5,91.0,0.0
11565,52.566384,1199.5,91.0,0.0
11566,52.576568,1199.75,91.0,0.0
11567,52.576872,1199.75,91.0,0.0
11568,52.585644,1199.75,91.0,0.0
11569,52.585928,1199.75,91.0,0.0
11570,52.59616,1199.75,91.0,0.0
11571,52.596464,1199.75,91.0,0.0
11572,52.605656,1199.75,91.0,0.0
11573,52.605944,1199.75,91.0,0.0
11574,52.611472,1199.75,91.0,0.0
11575,52.611768,1199.75,91.0,0.0
11576,52.616616,1199.75,88.0,0.0
11577,52.617192,1199.75,88.0,0.0
11578,52.626128,1199.5,88.0,0.0
11579,52.626424,1199.5,88.0,0.0
11580,52.636228,1199.25,88.0,0.0
11581,52.636524,1199.25,88.0,0.0
11582,52.645788,1199.0,88.0,0.0
11583,52.6461,1199.0,88.0,0.0
11584,52.656644,1200.0,88.0,0.0
11585,52.657496,1200.0,88.0,0.0
11586,52.666024,1200.0,88.0,0.0
11587,52.666572,1200.0,88.0,0.0
11588,52.676936,1200.25,88.0,0.0
11589,52.677516,1200.25,88.0,0.0
11590,52.685684,1200.25,88.0,0.0
11591,52.686264,1200.25,88.0,0.0
11592,52.696144,1200.25,88.0,0.0
11593,52.696448,1200.25,88.0,0.0
11594,52.705648,1200.5,88.0,0.0
11595,52.705936,1200.5,88.0,0.0
11596,52.711652,1200.25,88.0,0.0
11597,52.71194,1200.25,88.0,0.0
11598,52.716584,1200.25,88.0,0.0
11599,52.717452,1200.25,88.0,0.0
11600,52.72604,1200.0,88.0,0.0
11601,52.726332,1200.0,88.0,0.0
11602,52.736228,1199.75,88.0,0.0
11603,52.73708,1199.75,88.0,0.0
11604,52.74588,1199.75,88.0,0.0
11605,52.746176,1199.75,88.0,0.0
11606,52.756676,1200.75,88.0,0.0
11607,52.757528,1200.75,88.0,0.0
11608,52.766064,1200.25,88.0,0.0
11609,52.766344,1200.25,88.0,0.0
11610,52.776552,1200.25,88.0,0.0
11611,52.777132,1200.25,88.0,0.0
11612,52.78566,1200.25,88.0,0.0
11613,52.785944,1200.25,88.0,0.0
11614,52.796128,1200.5,88.0,0.0
11615,52.796432,1200.5,88.0,0.0
11616,52.80578,1200.5,88.0,0.0
11617,52.806064,1200.5,88.0,0.0
11618,52.811488,1200.0,88.0,0.0
11619,52.811784,1200.0,88.0,0.0
11620,52.816684,1200.0,84.0,0.0
11621,52.81724,1200.0,84.0,0.0
11622,52.82576,1200.0,84.0,0.0
11623,52.826056,1200.0,84.0,0.0
11624,52.83618,1200.0,84.0,0.0
11625,52.83676,1200.0,84.0,0.0
11626,52.845788,1199.75,84.0,0.0
11627,52.84636,1199.75,84.0,0.0
11628,52.856716,1200.25,84.0,0.0
11629,52.85756,1200.25,84.0,0.0
11630,52.866072,1200.25,84.0,0.0
11631,52.86636,1200.25,84.0,0.0
11632,52.876616,1200.5,84.0,0.0
11633,52.87692,1200.5,84.0,0.0
11634,52.885792,1200.25,84.0,0.0
11635,52.886076,1200.25,84.0,0.0
11636,52.896252,1200.5,84.0,0.0
11637,52.896544,1200.5,84.0,0.0
11638,52.905696,1200.75,84.0,0.0
11639,52.905984,1200.75,84.0,0.0
11640,52.91148,1200.25,84.0,0.0
11641,52.911776,1200.25,84.0,0.0
11642,52.91664,1200.25,84.0,0.0
11643,52.917772,1200.25,84.0,0.0
11644,52.925932,1200.25,84.0,0.0
11645,52.926216,1200.25,84.0,0.0
11646,52.936228,1199.75,84.0,0.0
11647,52.936524,1199.75,84.0,0.0
11648,52.945796,1199.5,84.0,0.0
11649,52.946092,1199.5,84.0,0.0
11650,52.95652,1200.75,84.0,0.0
11651,52.957104,1200.75,84.0,0.0
11652,52.966152,1200.75,84.0,0.0
11653,52.966432,1200.75,84.0,0.0
11654,52.97656,1200.5,84.0,0.0
11655,52.97686,1200.5,84.0,0.0
11656,52.985748,1200.25,84.0,0.0
11657,52.986036,1200.25,84.0,0.0
11658,52.996168,1200.5,84.0,0.0
11659,52.997408,1200.5,84.0,0.0
11660,53.00568,1201.0,84.0,0.0
11661,53.006032,1201.0,84.0,0.0
11662,53.011644,1200.0,84.0,0.0
11663,53.01194,1200.0,84.0,0.0
11664,53.016616,1200.0,80.0,0.0
11665,53.0172,1200.0,80.0,0.0
11666,53.025912,1199.75,80.0,0.0
11667,53.0262,1199.75,80.0,0.0
11668,53.03632,1200.0,80.0,0.0
11669,53.036612,1200.0,80.0,0.0
11670,53.045888,1199.75,80.0,0.0
11671,53.04618,1199.75,80.0,0.0
11672,53.056552,1200.5,80.0,0.0
11673,53.057128,1200.5,80.0,0.0
11674,53.066056,1200.5,80.0,0.0
11675,53.066408,1200.5,80.0,0.0
11676,53.076616,1200.75,80.0,0.0
11677,53.07692,1200.75,80.0,0.0
11678,53.086036,1200.75,80.0,0.0
11679,53.08632,1200.75,80.0,0.0
11680,53.096244,1200.75,80.0,0.0
11681,53.096544,1200.75,80.0,0.0
11682,53.105672,1200.75,80.0,0.0
11683,53.10596,1200.75,80.0,0.0
11684,53.111512,1200.25,80.0,0.0
11685,53.111808,1200.25,80.0,0.0
11686,53.116616,1200.25,79.0,0.0
11687,53.117208,1200.25,79.0,0.0
11688,53.12584,1200.5,79.0,0.0
11689,53.126128,1200.5,79.0,0.0
11690,53.13644,1200.25,79.0,0.0
11691,53.137024,1200.25,79.0,0.0
11692,53.145812,1199.75,79.0,0.0
11693,53.146116,1199.75,79.0,0.0
11694,53.156536,1200.75,79.0,0.0
11695,53.157108,1200.75,79.0,0.0
11696,53.166136,1201.0,79.0,0.0
11697,53.166424,1201.0,79.0,0.0
11698,53.176492,1201.0,79.0,0.0
11699,53.176784,1201.0,79.0,0.0
11700,53.18596,1200.5,79.0,0.0
11701,53.18624,1200.5,79.0,0.0
11702,53.196176,1200.75,79.0,0.0
11703,53.19648,1200.75,79.0,0.0
11704,53.205696,1201.0,79.0,0.0
11705,53.205984,1201.0,79.0,0.0
11706,53.211488,1200.75,79.0,0.0
11707,53.211784,1200.75,79.0,0.0
11708,53.216944,1200.75,77.0,0.0
11709,53.217532,1200.75,77.0,0.0
11710,53.2258,1200.75,77.0,0.0
11711,53.226088,1200.75,77.0,0.0
11712,53.2364,1200.25,77.0,0.0
11713,53.236988,1200.25,77.0,0.0
11714,53.245804,1200.25,77.0,0.0
11715,53.2461,1200.25,77.0,0.0
11716,53.25656,1201.0,77.0,0.0
11717,53.257136,1201.0,77.0,0.0
11718,53.266268,1200.75,77.0,0.0
11719,53.270808,1200.75,77.0,0.0
11720,53.276592,1200.75,77.0,0.0
11721,53.27718,1200.75,77.0,0.0
11722,53.28584,1200.75,77.0,0.0
11723,53.286116,1200.75,77.0,0.0
11724,53.2962,1200.75,77.0,0.0
11725,53.296504,1200.75,77.0,0.0
11726,53.305712,1200.75,77.0,0.0
11727,53.305992,1200.75,77.0,0.0
11728,53.311652,1200.0,77.0,0.0
11729,53.311944,1200.0,77.0,0.0
11730,53.316608,1200.0,75.0,0.0
11731,53.317476,1200.0,75.0,0.0
11732,53.325856,1200.0,75.0,0.0
11733,53.326144,1200.0,75.0,0.0
11734,53.336688,1200.0,75.0,0.0
11735,53.337544,1200.0,75.0,0.0
11736,53.345896,1200.0,75.0,0.0
11737,53.346196,1200.0,75.0,0.0
11738,53.356504,1200.5,75.0,0.0
11739,53.357076,1200.5,75.0,0.0
11740,53.366368,1200.5,75.0,0.0
11741,53.366904,1200.5,75.0,0.0
11742,53.376564,1200.75,75.0,0.0
11743,53.376868,1200.75,75.0,0.0
11744,53.386068,1200.5,75.0,0.0
11745,53.386352,1200.5,75.0,0.0
11746,53.396208,1200.25,75.0,0.0
11747,53.396504,1200.25,75.0,0.0
11748,53.405696,1200.75,75.0,0.0
11749,53.406032,1200.75,75.0,0.0
11750,53.411488,1200.0,75.0,0.0
11751,53.411784,1200.0,75.0,0.0
11752,53.416804,1200.0,73.0,0.0
11753,53.417648,1200.0,73.0,0.0
11754,53.425896,1200.0,73.0,0.0
11755,53.426192,1200.0,73.0,0.0
11756,53.436392,1199.5,73.0,0.0
11757,53.436696,1199.5,73.0,0.0
11758,53.445804,1199.25,73.0,0.0
11759,53.44622,1199.25,73.0,0.0
11760,53.456568,1200.25,73.0,0.0
11761,53.45714,1200.25,73.0,0.0
11762,53.466032,1200.25,73.0,0.0
11763,53.466308,1200.25,73.0,0.0
11764,53.47676,1200.25,73.0,0.0
11765,53.477088,1200.25,73.0,0.0
11766,53.485832,1200.0,73.0,0.0
11767,53.486116,1200.0,73.0,0.0
11768,53.4963,1200.25,73.0,0.0
11769,53.496592,1200.25,73.0,0.0
11770,53.505752,1200.75,73.0,0.0
11771,53.506032,1200.75,73.0,0.0
11772,53.511504,1200.25,73.0,0.0
11773,53.5118,1200.25,73.0,0.0
11774,53.516616,1200.25,73.0,0.0
11775,53.517484,1200.25,73.0,0.0
11776,53.525896,1199.75,73.0,0.0
11777,53.526184,1199.75,73.0,0.0
11778,53.536408,1200.0,73.0,0.0
11779,53.536712,1200.0,73.0,0.0
11780,53.545812,1199.75,73.0,0.0
11781,53.546968,1199.75,73.0,0.0
11782,53.556576,1200.25,73.0,0.0
11783,53.557148,1200.25,73.0,0.0
11784,53.5662,1200.0,73.0,0.0
11785,53.566488,1200.0,73.0,0.0
11786,53.5765,1200.0,73.0,0.0
11787,53.5768,1200.0,73.0,0.0
11788,53.585864,1200.0,73.0,0.0
11789,53.586148,1200.0,73.0,0.0
11790,53.596364,1200.0,73.0,0.0
11791,53.59724,1200.0,73.0,0.0
11792,53.605744,1200.25,73.0,0.0
11793,53.606032,1200.25,73.0,0.0
11794,53.611676,1200.0,73.0,0.0
11795,53.61196,1200.0,73.0,0.0
11796,53.616656,1200.0,71.0,0.0
11797,53.617248,1200.0,71.0,0.0
11798,53.625816,1200.0,71.0,0.0
11799,53.626108,1200.0,71.0,0.0
11800,53.6364,1200.0,71.0,0.0
11801,53.63698,1200.0,71.0,0.0
11802,53.64592,1200.0,71.0,0.0
11803,53.646508,1200.0,71.0,0.0
11804,53.656476,1200.5,71.0,0.0
11805,53.657052,1200.5,71.0,0.0
11806,53.666044,1200.25,71.0,0.0
11807,53.66656,1200.25,71.0,0.0
11808,53.676776,1200.5,71.0,0.0
11809,53.677408,1200.5,71.0,0.0
11810,53.685952,1200.25,71.0,0.0
11811,53.68624,1200.25,71.0,0.0
11812,53.696272,1200.25,71.0,0.0
11813,53.696568,1200.25,71.0,0.0
11814,53.705712,1200.5,71.0,0.0
11815,53.706072,1200.5,71.0,0.0
11816,53.711496,1200.25,71.0,0.0
11817,53.71178,1200.25,71.0,0.0
11818,53.716584,1200.25,70.0,0.0
11819,53.717456,1200.25,70.0,0.0
11820,53.726004,1199.5,70.0,0.0
11821,53.726296,1199.5,70.0,0.0
11822,53.736368,1199.0,70.0,0.0
11823,53.73666,1199.0,70.0,0.0
11824,53.74582,1199.0,70.0,0.0
11825,53.74622,1199.0,70.0,0.0
11826,53.7566,1200.0,70.0,0.0
11827,53.757172,1200.0,70.0,0.0
11828,53.766144,1200.0,70.0,0.0
11829,53.766432,1200.0,70.0,0.0
11830,53.77658,1200.25,70.0,0.0
11831,53.77716,1200.25,70.0,0.0
11832,53.785828,1200.25,70.0,0.0
11833,53.786116,1200.25,70.0,0.0
11834,53.796176,1200.0,70.0,0.0
11835,53.79648,1200.0,70.0,0.0
11836,53.805728,1200.25,70.0,0.0
11837,53.806016,1200.25,70.0,0.0
11838,53.811512,1199.5,70.0,0.0
11839,53.811808,1199.5,70.0,0.0
11840,53.816784,1199.5,67.0,0.0
11841,53.81736,1199.5,67.0,0.0
11842,53.825764,1199.75,67.0,0.0
11843,53.826052,1199.75,67.0,0.0
11844,53.836364,1199.5,67.0,0.0
11845,53.83666,1199.5,67.0,0.0
11846,53.846112,1199.5,67.0,0.0
11847,53.84694,1199.5,67.0,0.0
11848,53.856756,1200.0,67.0,0.0
11849,53.8576,1200.0,67.0,0.0
11850,53.866012,1200.0,67.0,0.0
11851,53.86652,1200.0,67.0,0.0
11852,53.876848,1200.25,67.0,0.0
11853,53.87722,1200.25,67.0,0.0
11854,53.88596,1200.25,67.0,0.0
11855,53.886248,1200.25,67.0,0.0
11856,53.896192,1200.25,67.0,0.0
11857,53.896488,1200.25,67.0,0.0
11858,53.905728,1200.25,67.0,0.0
11859,53.906016,1200.25,67.0,0.0
11860,53.911664,1200.0,67.0,0.0
11861,53.91196,1200.0,67.0,0.0
11862,53.916812,1200.0,66.0,0.0
11863,53.917664,1200.0,66.0,0.0
11864,53.925872,1200.0,66.0,0.0
11865,53.92616,1200.0,66.0,0.0
11866,53.9364,1199.5,66.0,0.0
11867,53.936972,1199.5,66.0,0.0
11868,53.945924,1199.25,66.0,0.0
11869,53.94632,1199.25,66.0,0.0
11870,53.956576,1200.25,66.0,0.0
11871,53.957156,1200.25,66.0,0.0
11872,53.96616,1200.25,66.0,0.0
11873,53.966448,1200.25,66.0,0.0
11874,53.976672,1200.25,66.0,0.0
11875,53.977252,1200.25,66.0,0.0
11876,53.985836,1200.25,66.0,0.0
11877,53.986124,1200.25,66.0,0.0
11878,53.996232,1200.25,66.0,0.0
11879,53.996528,1200.25,66.0,0.0
11880,54.005832,1200.5,66.0,0.0
11881,54.006192,1200.5,66.0,0.0
11882,54.011552,1200.25,66.0,0.0
11883,54.011848,1200.25,66.0,0.0
11884,54.016812,1200.25,63.0,0.0
11885,54.017376,1200.25,63.0,0.0
11886,54.02578,1200.0,63.0,0.0
11887,54.026068,1200.0,63.0,0.0
11888,54.03638,1200.0,63.0,0.0
11889,54.036684,1200.0,63.0,0.0
11890,54.045828,1200.25,63.0,0.0
11891,54.046688,1200.25,63.0,0.0
11892,54.056672,1201.0,63.0,0.0
11893,54.057516,1201.0,63.0,0.0
11894,54.065944,1200.25,63.0,0.0
11895,54.06634,1200.25,63.0,0.0
11896,54.076808,1200.25,63.0,0.0
11897,54.077112,1200.25,63.0,0.0
11898,54.08586,1200.5,63.0,0.0
11899,54.086148,1200.5,63.0,0.0
11900,54.096296,1200.75,63.0,0.0
11901,54.096592,1200.75,63.0,0.0
11902,54.1058,1200.5,63.0,0.0
11903,54.106088,1200.5,63.0,0.0
11904,54.111504,1200.25,63.0,0.0
11905,54.111796,1200.25,63.0,0.0
11906,54.116524,1200.25,62.0,0.0
11907,54.117392,1200.25,62.0,0.0
11908,54.125896,1200.25,62.0,0.0
11909,54.126184,1200.25,62.0,0.0
11910,54.136424,1200.0,62.0,0.0
11911,54.137004,1200.0,62.0,0.0
11912,54.145844,1199.75,62.0,0.0
11913,54.146416,1199.75,62.0,0.0
11914,54.156664,1201.0,62.0,0.0
11915,54.157516,1201.0,62.0,0.0
11916,54.166208,1200.75,62.0,0.0
11917,54.166496,1200.75,62.0,0.0
11918,54.176504,1201.0,62.0,0.0
11919,54.176808,1201.0,62.0,0.0
11920,54.185828,1200.75,62.0,0.0
11921,54.186116,1200.75,62.0,0.0
11922,54.196248,1200.5,62.0,0.0
11923,54.196552,1200.5,62.0,0.0
11924,54.205808,1200.5,62.0,0.0
11925,54.206096,1200.5,62.0,0.0
11926,54.211716,1200.5,62.0,0.0
11927,54.212008,1200.5,62.0,0.0
11928,54.216664,1200.5,62.0,0.0
11929,54.217228,1200.5,62.0,0.0
11930,54.225772,1200.0,62.0,0.0
11931,54.22606,1200.0,62.0,0.0
11932,54.23644,1199.75,62.0,0.0
11933,54.237036,1199.75,62.0,0.0
11934,54.245932,1199.75,62.0,0.0
11935,54.246504,1199.75,62.0,0.0
11936,54.256624,1200.75,62.0,0.0
11937,54.257196,1200.75,62.0,0.0
11938,54.265928,1200.25,62.0,0.0
11939,54.27448,1200.25,62.0,0.0
11940,54.276552,1200.25,62.0,0.0
11941,54.281576,1200.25,62.0,0.0
11942,54.285936,1200.5,62.0,0.0
11943,54.28622,1200.5,62.0,0.0
11944,54.296272,1200.5,62.0,0.0
11945,54.296576,1200.5,62.0,0.0
11946,54.305776,1201.0,62.0,0.0
11947,54.306064,1201.0,62.0,0.0
11948,54.31152,1200.25,62.0,0.0
11949,54.311812,1200.25,62.0,0.0
11950,54.316516,1200.25,58.0,0.0
11951,54.317384,1200.25,58.0,0.0
11952,54.325952,1199.75,58.0,0.0
11953,54.32624,1199.75,58.0,0.0
11954,54.336732,1200.0,58.0,0.0
11955,54.337584,1200.0,58.0,0.0
11956,54.34584,1200.0,58.0,0.0
11957,54.346136,1200.0,58.0,0.0
11958,54.35664,1200.5,58.0,0.0
11959,54.357492,1200.5,58.0,0.0
11960,54.366068,1200.0,58.0,0.0
11961,54.366364,1200.0,58.0,0.0
11962,54.376512,1200.25,58.0,0.0
11963,54.376816,1200.25,58.0,0.0
11964,54.386244,1200.0,58.0,0.0
11965,54.386532,1200.0,58.0,0.0
11966,54.3962,1199.75,58.0,0.0
11967,54.39652,1199.75,58.0,0.0
11968,54.405768,1200.25,58.0,0.0
11969,54.406052,1200.25,58.0,0.0
11970,54.411536,1200.0,58.0,0.0
11971,54.41182,1200.0,58.0,0.0
11972,54.416808,1200.0,57.0,0.0
11973,54.41766,1200.0,57.0,0.0
11974,54.425844,1200.0,57.0,0.0
11975,54.426132,1200.0,57.0,0.0
11976,54.43638,1200.0,57.0,0.0
11977,54.43696,1200.0,57.0,0.0
11978,54.44584,1200.0,57.0,0.0
11979,54.446236,1200.0,57.0,0.0
11980,54.45664,1200.5,57.0,0.0
11981,54.457212,1200.5,57.0,0.0
11982,54.465888,1200.25,57.0,0.0
11983,54.466176,1200.25,57.0,0.0
11984,54.476776,1200.25,57.0,0.0
11985,54.477072,1200.25,57.0,0.0
11986,54.486056,1200.0,57.0,0.0
11987,54.486344,1200.0,57.0,0.0
11988,54.49628,1200.0,57.0,0.0
11989,54.496576,1200.0,57.0,0.0
11990,54.505784,1200.25,57.0,0.0
11991,54.506072,1200.25,57.0,0.0
11992,54.511696,1200.0,57.0,0.0
11993,54.511984,1200.0,57.0,0.0
11994,54.51668,1200.0,57.0,0.0
11995,54.517536,1200.0,57.0,0.0
11996,54.525852,1199.25,57.0,0.0
11997,54.52614,1199.25,57.0,0.0
11998,54.536488,1199.25,57.0,0.0
11999,54.537068,1199.25,57.0,0.0
12000,54.545948,1199.5,57.0,0.0
12001,54.546324,1199.5,57.0,0.0
12002,54.556672,1200.5,57.0,0.0
12003,54.557524,1200.5,57.0,0.0
12004,54.566272,1200.25,57.0,0.0
12005,54.56656,1200.25,57.0,0.0
12006,54.576332,1200.5,57.0,0.0
12007,54.576636,1200.5,57.0,0.0
12008,54.585992,1200.5,57.0,0.0
12009,54.586276,1200.5,57.0,0.0
12010,54.59628,1200.5,57.0,0.0
12011,54.596576,1200.5,57.0,0.0
12012,54.605752,1200.5,57.0,0.0
12013,54.606036,1200.5,57.0,0.0
12014,54.611544,1200.0,57.0,0.0
12015,54.611828,1200.0,57.0,0.0
12016,54.616752,1200.0,52.0,0.0
12017,54.617316,1200.0,52.0,0.0
12018,54.625788,1199.75,52.0,0.0
12019,54.626072,1199.75,52.0,0.0
12020,54.636488,1199.75,52.0,0.0
12021,54.637068,1199.75,52.0,0.0
12022,54.646144,1199.5,52.0,0.0
12023,54.646448,1199.5,52.0,0.0
12024,54.6565,1200.25,52.0,0.0
12025,54.657072,1200.25,52.0,0.0
12026,54.665952,1200.0,52.0,0.0
12027,54.666352,1200.0,52.0,0.0
12028,54.676872,1199.5,52.0,0.0
12029,54.677668,1199.5,52.0,0.0
12030,54.685976,1199.25,52.0,0.0
12031,54.68626,1199.25,52.0,0.0
12032,54.696304,1198.5,52.0,0.0
12033,54.696608,1198.5,52.0,0.0
12034,54.70576,1198.25,52.0,0.0
12035,54.706044,1198.25,52.0,0.0
12036,54.711632,1198.0,52.0,0.0
12037,54.711928,1198.0,52.0,0.0
12038,54.71658,1198.0,52.0,0.0
12039,54.717448,1198.0,52.0,0.0
12040,54.726048,1197.25,52.0,0.0
12041,54.726328,1197.25,52.0,0.0
12042,54.736436,1196.5,52.0,0.0
12043,54.737288,1196.5,52.0,0.0
12044,54.74584,1196.25,52.0,0.0
12045,54.74656,1196.25,52.0,0.0
12046,54.756624,1197.0,52.0,0.0
12047,54.757204,1197.0,52.0,0.0
12048,54.766016,1196.25,52.0,0.0
12049,54.766304,1196.25,52.0,0.0
12050,54.776512,1195.75,52.0,0.0
12051,54.777104,1195.75,52.0,0.0
12052,54.786048,1195.5,52.0,0.0
12053,54.786344,1195.5,52.0,0.0
12054,54.796288,1195.5,52.0,0.0
12055,54.7966,1195.5,52.0,0.0
12056,54.805816,1195.75,52.0,0.0
12057,54.806092,1195.75,52.0,0.0
12058,54.811696,1195.0,52.0,0.0
12059,54.811992,1195.0,52.0,0.0
12060,54.816728,1195.0,51.0,0.0
12061,54.817292,1195.0,51.0,0.0
12062,54.826064,1195.0,51.0,0.0
12063,54.826352,1195.0,51.0,0.0
12064,54.836388,1195.0,51.0,0.0
12065,54.83668,1195.0,51.0,0.0
12066,54.845948,1194.75,51.0,0.0
12067,54.84624,1194.75,51.0,0.0
12068,54.856784,1195.25,51.0,0.0
12069,54.857628,1195.25,51.0,0.0
12070,54.865944,1195.0,51.0,0.0
12071,54.866352,1195.0,51.0,0.0
12072,54.87676,1195.25,51.0,0.0
12073,54.87706,1195.25,51.0,0.0
12074,54.886,1195.25,51.0,0.0
12075,54.886276,1195.25,51.0,0.0
12076,54.89624,1195.25,51.0,0.0
12077,54.896532,1195.25,51.0,0.0
12078,54.905784,1195.0,51.0,0.0
12079,54.906128,1195.0,51.0,0.0
12080,54.911608,1195.0,51.0,0.0
12081,54.9119,1195.0,51.0,0.0
12082,54.91658,1195.0,48.0,0.0
12083,54.917168,1195.0,48.0,0.0
12084,54.926148,1195.0,48.0,0.0
12085,54.926432,1195.0,48.0,0.0
12086,54.936404,1194.75,48.0,0.0
12087,54.936984,1194.75,48.0,0.0
12088,54.945848,1194.75,48.0,0.0
12089,54.946152,1194.75,48.0,0.0
12090,54.956596,1195.5,48.0,0.0
12091,54.957176,1195.5,48.0,0.0
12092,54.966024,1195.75,48.0,0.0
12093,54.966304,1195.75,48.0,0.0
12094,54.976764,1196.0,48.0,0.0
12095,54.977068,1196.0,48.0,0.0
12096,54.986128,1196.0,48.0,0.0
12097,54.986416,1196.0,48.0,0.0
12098,54.996272,1196.25,48.0,0.0
12099,54.996852,1196.25,48.0,0.0
12100,55.005816,1196.25,48.0,0.0
12101,55.006272,1196.25,48.0,0.0
12102,55.01154,1196.25,48.0,0.0
12103,55.011836,1196.25,48.0,0.0
12104,55.016536,1196.25,46.0,0.0
12105,55.01712,1196.25,46.0,0.0
12106,55.02612,1195.75,46.0,0.0
12107,55.0264,1195.75,46.0,0.0
12108,55.036404,1195.5,46.0,0.0
12109,55.036976,1195.5,46.0,0.0
12110,55.046144,1195.75,46.0,0.0
12111,55.046448,1195.75,46.0,0.0
12112,55.056672,1196.5,46.0,0.0
12113,55.05752,1196.5,46.0,0.0
12114,55.065912,1196.25,46.0,0.0
12115,55.066188,1196.25,46.0,0.0
12116,55.076904,1196.75,46.0,0.0
12117,55.077208,1196.75,46.0,0.0
12118,55.08608,1197.0,46.0,0.0
12119,55.08652,1197.0,46.0,0.0
12120,55.096416,1197.25,46.0,0.0
12121,55.097,1197.25,46.0,0.0
12122,55.105824,1197.0,46.0,0.0
12123,55.106108,1197.0,46.0,0.0
12124,55.111416,1196.75,46.0,0.0
12125,55.11172,1196.75,46.0,0.0
12126,55.116504,1196.75,46.0,0.0
12127,55.11738,1196.75,46.0,0.0
12128,55.126244,1197.0,46.0,0.0
12129,55.126532,1197.0,46.0,0.0
12130,55.136616,1197.0,46.0,0.0
12131,55.1372,1197.0,46.0,0.0
12132,55.145964,1196.5,46.0,0.0
12133,55.146264,1196.5,46.0,0.0
12134,55.156664,1196.75,46.0,0.0
12135,55.157512,1196.75,46.0,0.0
12136,55.165968,1197.0,46.0,0.0
12137,55.166256,1197.0,46.0,0.0
12138,55.176632,1197.0,46.0,0.0
12139,55.176936,1197.0,46.0,0.0
12140,55.186064,1197.25,46.0,0.0
12141,55.18634,1197.25,46.0,0.0
12142,55.196376,1197.5,46.0,0.0
12143,55.197252,1197.5,46.0,0.0
12144,55.20584,1197.5,46.0,0.0
12145,55.206116,1197.5,46.0,0.0
12146,55.21144,1197.75,46.0,0.0
12147,55.211728,1197.75,46.0,0.0
12148,55.21656,1197.75,44.0,0.0
12149,55.217144,1197.75,44.0,0.0
12150,55.225868,1197.75,44.0,0.0
12151,55.226144,1197.75,44.0,0.0
12152,55.236452,1197.5,44.0,0.0
12153,55.237032,1197.5,44.0,0.0
12154,55.245864,1197.25,44.0,0.0
12155,55.24616,1197.25,44.0,0.0
12156,55.256556,1198.0,44.0,0.0
12157,55.257136,1198.0,44.0,0.0
12158,55.265904,1198.0,44.0,0.0
12159,55.267088,1198.0,44.0,0.0
12160,55.276912,1197.75,44.0,0.0
12161,55.277488,1197.75,44.0,0.0
12162,55.286128,1198.0,44.0,0.0
12163,55.286424,1198.0,44.0,0.0
12164,55.296328,1198.25,44.0,0.0
12165,55.296632,1198.25,44.0,0.0
12166,55.30584,1198.0,44.0,0.0
12167,55.306132,1198.0,44.0,0.0
12168,55.311392,1198.0,44.0,0.0
12169,55.311688,1198.0,44.0,0.0
12170,55.316504,1198.0,41.0,0.0
12171,55.317372,1198.0,41.0,0.0
12172,55.325924,1197.75,41.0,0.0
12173,55.326448,1197.75,41.0,0.0
12174,55.336796,1197.5,41.0,0.0
12175,55.337648,1197.5,41.0,0.0
12176,55.345864,1197.5,41.0,0.0
12177,55.34616,1197.5,41.0,0.0
12178,55.356636,1198.0,41.0,0.0
12179,55.357704,1198.0,41.0,0.0
12180,55.366008,1198.0,41.0,0.0
12181,55.366296,1198.0,41.0,0.0
12182,55.376552,1198.0,41.0,0.0
12183,55.376856,1198.0,41.0,0.0
12184,55.386152,1198.5,41.0,0.0
12185,55.38672,1198.5,41.0,0.0
12186,55.396336,1198.75,41.0,0.0
12187,55.39664,1198.75,41.0,0.0
12188,55.405856,1198.25,41.0,0.0
12189,55.40614,1198.25,41.0,0.0
12190,55.411408,1198.0,41.0,0.0
12191,55.411704,1198.0,41.0,0.0
12192,55.416584,1198.0,41.0,0.0
12193,55.417168,1198.0,41.0,0.0
12194,55.425932,1198.0,41.0,0.0
12195,55.426228,1198.0,41.0,0.0
12196,55.43646,1198.0,41.0,0.0
12197,55.43704,1198.0,41.0,0.0
12198,55.445952,1197.75,41.0,0.0
12199,55.447208,1197.75,41.0,0.0
12200,55.456668,1198.5,41.0,0.0
12201,55.457504,1198.5,41.0,0.0
12202,55.46592,1198.75,41.0,0.0
12203,55.46628,1198.75,41.0,0.0
12204,55.47656,1198.5,41.0,0.0
12205,55.476864,1198.5,41.0,0.0
12206,55.486096,1198.75,41.0,0.0
12207,55.486384,1198.75,41.0,0.0
12208,55.49636,1199.0,41.0,0.0
12209,55.496664,1199.0,41.0,0.0
12210,55.505856,1199.25,41.0,0.0
12211,55.50614,1199.25,41.0,0.0
12212,55.51144,1199.25,41.0,0.0
12213,55.511736,1199.25,41.0,0.0
12214,55.516528,1199.25,40.0,0.0
12215,55.517404,1199.25,40.0,0.0
12216,55.525976,1199.0,40.0,0.0
12217,55.52626,1199.0,40.0,0.0
12218,55.536624,1198.75,40.0,0.0
12219,55.537204,1198.75,40.0,0.0
12220,55.545872,1198.5,40.0,0.0
12221,55.546312,1198.5,40.0,0.0
12222,55.556652,1199.0,40.0,0.0
12223,55.557504,1199.0,40.0,0.0
12224,55.565984,1199.0,40.0,0.0
12225,55.566264,1199.0,40.0,0.0
12226,55.57656,1198.75,40.0,0.0
12227,55.576864,1198.75,40.0,0.0
12228,55.585972,1199.0,40.0,0.0
12229,55.586256,1199.0,40.0,0.0
12230,55.59636,1199.25,40.0,0.0
12231,55.597244,1199.25,40.0,0.0
12232,55.605828,1199.25,40.0,0.0
12233,55.606116,1199.25,40.0,0.0
12234,55.611408,1199.0,40.0,0.0
12235,55.611704,1199.0,40.0,0.0
12236,55.616496,1199.0,40.0,0.0
12237,55.617076,1199.0,40.0,0.0
12238,55.625816,1199.25,40.0,0.0
12239,55.626096,1199.25,40.0,0.0
12240,55.636696,1199.75,40.0,0.0
12241,55.637272,1199.75,40.0,0.0
12242,55.646168,1199.25,40.0,0.0
12243,55.64648,1199.25,40.0,0.0
12244,55.656628,1199.25,40.0,0.0
12245,55.657208,1199.25,40.0,0.0
12246,55.665916,1199.5,40.0,0.0
12247,55.666296,1199.5,40.0,0.0
12248,55.676648,1199.5,40.0,0.0
12249,55.676952,1199.5,40.0,0.0
12250,55.686088,1200.0,40.0,0.0
12251,55.686372,1200.0,40.0,0.0
12252,55.69636,1200.0,40.0,0.0
12253,55.696664,1200.0,40.0,0.0
12254,55.705836,1200.0,40.0,0.0
12255,55.706124,1200.0,40.0,0.0
12256,55.71144,1200.0,40.0,0.0
12257,55.711736,1200.0,40.0,0.0
12258,55.716536,1200.0,36.0,0.0
12259,55.717404,1200.0,36.0,0.0
12260,55.7259,1200.0,36.0,0.0
12261,55.726184,1200.0,36.0,0.0
12262,55.736696,1199.75,36.0,0.0
12263,55.737656,1199.75,36.0,0.0
12264,55.745968,1199.25,36.0,0.0
12265,55.746304,1199.25,36.0,0.0
12266,55.756676,1199.75,36.0,0.0
12267,55.757528,1199.75,36.0,0.0
12268,55.765984,1200.0,36.0,0.0
12269,55.766268,1200.0,36.0,0.0
12270,55.776648,1199.75,36.0,0.0
12271,55.777232,1199.75,36.0,0.0
12272,55.78602,1199.75,36.0,0.0
12273,55.7863,1199.75,36.0,0.0
12274,55.796368,1200.25,36.0,0.0
12275,55.797252,1200.25,36.0,0.0
12276,55.805976,1200.5,36.0,0.0
12277,55.806256,1200.5,36.0,0.0
12278,55.81148,1200.25,36.0,0.0
12279,55.811776,1200.25,36.0,0.0
12280,55.816504,1200.25,34.0,0.0
12281,55.817084,1200.25,34.0,0.0
12282,55.8259,1200.0,34.0,0.0
12283,55.826184,1200.0,34.0,0.0
12284,55.836524,1199.75,34.0,0.0
12285,55.837104,1199.75,34.0,0.0
12286,55.845888,1199.5,34.0,0.0
12287,55.846192,1199.5,34.0,0.0
12288,55.856832,1200.0,34.0,0.0
12289,55.857676,1200.0,34.0,0.0
12290,55.865924,1200.0,34.0,0.0
12291,55.866204,1200.0,34.0,0.0
12292,55.877,1199.75,34.0,0.0
12293,55.877304,1199.75,34.0,0.0
12294,55.88602,1200.25,34.0,0.0
12295,55.8863,1200.25,34.0,0.0
12296,55.896376,1200.5,34.0,0.0
12297,55.897236,1200.5,34.0,0.0
12298,55.905952,1200.25,34.0,0.0
12299,55.90624,1200.25,34.0,0.0
12300,55.911408,1200.25,34.0,0.0
12301,55.911704,1200.25,34.0,0.0
12302,55.916512,1200.25,33.0,0.0
12303,55.9171,1200.25,33.0,0.0
12304,55.9259,1200.25,33.0,0.0
12305,55.926184,1200.25,33.0,0.0
12306,55.936608,1200.25,33.0,0.0
12307,55.93718,1200.25,33.0,0.0
12308,55.945888,1199.75,33.0,0.0
12309,55.94646,1199.75,33.0,0.0
12310,55.956676,1200.25,33.0,0.0
12311,55.957528,1200.25,33.0,0.0
12312,55.965884,1200.5,33.0,0.0
12313,55.966296,1200.5,33.0,0.0
12314,55.976568,1200.25,33.0,0.0
12315,55.97686,1200.25,33.0,0.0
12316,55.985944,1200.0,33.0,0.0
12317,55.986232,1200.0,33.0,0.0
12318,55.996596,1200.25,33.0,0.0
12319,55.99748,1200.25,33.0,0.0
12320,56.005944,1200.5,33.0,0.0
12321,56.0065,1200.5,33.0,0.0
12322,56.011552,1200.0,33.0,0.0
12323,56.011848,1200.0,33.0,0.0
12324,56.01652,1200.0,33.0,0.0
12325,56.017092,1200.0,33.0,0.0
12326,56.0259,1199.75,33.0,0.0
12327,56.026176,1199.75,33.0,0.0
12328,56.036524,1199.75,33.0,0.0
12329,56.037104,1199.75,33.0,0.0
12330,56.045984,1199.5,33.0,0.0
12331,56.046288,1199.5,33.0,0.0
12332,56.056716,1199.75,33.0,0.0
12333,56.057568,1199.75,33.0,0.0
12334,56.065892,1200.0,33.0,0.0
12335,56.06618,1200.0,33.0,0.0
12336,56.076764,1199.75,33.0,0.0
12337,56.077336,1199.75,33.0,0.0
12338,56.086084,1200.0,33.0,0.0
12339,56.086364,1200.0,33.0,0.0
12340,56.096456,1200.5,33.0,0.0
12341,56.09704,1200.5,33.0,0.0
12342,56.105852,1200.5,33.0,0.0
12343,56.106204,1200.5,33.0,0.0
12344,56.111704,1200.0,33.0,0.0
12345,56.111988,1200.0,33.0,0.0
12346,56.116688,1200.0,33.0,0.0
12347,56.117552,1200.0,33.0,0.0
12348,56.125872,1199.75,33.0,0.0
12349,56.126152,1199.75,33.0,0.0
12350,56.13664,1199.75,33.0,0.0
12351,56.137516,1199.75,33.0,0.0
12352,56.145912,1199.5,33.0,0.0
12353,56.146304,1199.5,33.0,0.0
12354,56.156716,1199.75,33.0,0.0
12355,56.157568,1199.75,33.0,0.0
12356,56.165964,1199.75,33.0,0.0
12357,56.166252,1199.75,33.0,0.0
12358,56.176576,1199.75,33.0,0.0
12359,56.176876,1199.75,33.0,0.0
12360,56.186036,1200.0,33.0,0.0
12361,56.186312,1200.0,33.0,0.0
12362,56.196464,1200.25,33.0,0.0
12363,56.19734,1200.25,33.0,0.0
12364,56.2059,1200.25,33.0,0.0
12365,56.206188,1200.25,33.0,0.0
12366,56.211424,1200.25,33.0,0.0
12367,56.211744,1200.25,33.0,0.0
12368,56.216624,1200.25,33.0,0.0
12369,56.217208,1200.25,33.0,0.0
12370,56.226072,1200.25,33.0,0.0
12371,56.226356,1200.25,33.0,0.0
12372,56.236496,1200.0,33.0,0.0
12373,56.23708,1200.0,33.0,0.0
12374,56.246484,1199.25,33.0,0.0
12375,56.24764,1199.25,33.0,0.0
12376,56.25674,1199.75,33.0,0.0
12377,56.257584,1199.75,33.0,0.0
12378,56.265948,1200.0,33.0,0.0
12379,56.267088,1200.0,33.0,0.0
12380,56.276648,1199.75,33.0,0.0
12381,56.277976,1199.75,33.0,0.0
12382,56.28606,1200.0,33.0,0.0
12383,56.28642,1200.0,33.0,0.0
12384,56.296392,1200.0,33.0,0.0
12385,56.296964,1200.0,33.0,0.0
12386,56.30596,1200.0,33.0,0.0
12387,56.306244,1200.0,33.0,0.0
12388,56.311432,1200.25,33.0,0.0
12389,56.311716,1200.25,33.0,0.0
12390,56.316568,1200.25,33.0,0.0
12391,56.317436,1200.25,33.0,0.0
12392,56.326036,1200.0,33.0,0.0
12393,56.326324,1200.0,33.0,0.0
12394,56.336924,1200.0,33.0,0.0
12395,56.337572,1200.0,33.0,0.0
12396,56.345992,1199.75,33.0,0.0
12397,56.346288,1199.75,33.0,0.0
12398,56.35692,1200.0,33.0,0.0
12399,56.357764,1200.0,33.0,0.0
12400,56.36594,1199.75,33.0,0.0
12401,56.36622,1199.75,33.0,0.0
12402,56.376664,1199.75,33.0,0.0
12403,56.37696,1199.75,33.0,0.0
12404,56.3862,1200.0,33.0,0.0
12405,56.386488,1200.0,33.0,0.0
12406,56.3964,1200.25,33.0,0.0
12407,56.396996,1200.25,33.0,0.0
12408,56.405884,1199.75,33.0,0.0
12409,56.406164,1199.75,33.0,0.0
12410,56.4117,1199.75,33.0,0.0
12411,56.411996,1199.75,33.0,0.0
12412,56.416764,1199.75,33.0,0.0
12413,56.417616,1199.75,33.0,0.0
12414,56.425912,1200.25,33.0,0.0
12415,56.4262,1200.25,33.0,0.0
12416,56.436504,1200.25,33.0,0.0
12417,56.4368,1200.25,33.0,0.0
12418,56.445912,1199.5,33.0,0.0
12419,56.446352,1199.5,33.0,0.0
12420,56.456748,1199.75,33.0,0.0
12421,56.4576,1199.75,33.0,0.0
12422,56.465972,1200.5,33.0,0.0
12423,56.466252,1200.5,33.0,0.0
12424,56.476572,1200.5,33.0,0.0
12425,56.476884,1200.5,33.0,0.0
12426,56.48606,1200.25,33.0,0.0
12427,56.486344,1200.25,33.0,0.0
12428,56.496416,1200.25,33.0,0.0
12429,56.497272,1200.25,33.0,0.0
12430,56.5059,1200.5,33.0,0.0
12431,56.50618,1200.5,33.0,0.0
12432,56.511424,1200.5,33.0,0.0
12433,56.511716,1200.5,33.0,0.0
12434,56.51672,1200.5,33.0,0.0
12435,56.517584,1200.5,33.0,0.0
12436,56.525956,1200.25,33.0,0.0
12437,56.52624,1200.25,33.0,0.0
12438,56.536572,1200.0,33.0,0.0
12439,56.536876,1200.0,33.0,0.0
12440,56.545912,1199.5,33.0,0.0
12441,56.546616,1199.5,33.0,0.0
12442,56.556788,1200.0,33.0,0.0
12443,56.55764,1200.0,33.0,0.0
12444,56.565964,1200.25,33.0,0.0
12445,56.566252,1200.25,33.0,0.0
12446,56.576648,1200.25,33.0,0.0
12447,56.576944,1200.25,33.0,0.0
12448,56.585936,1200.5,33.0,0.0
12449,56.586216,1200.5,33.0,0.0
12450,56.596416,1200.75,33.0,0.0
12451,56.597012,1200.75,33.0,0.0
12452,56.605948,1200.75,33.0,0.0
12453,56.606236,1200.75,33.0,0.0
12454,56.61144,1200.25,33.0,0.0
12455,56.611732,1200.25,33.0,0.0
12456,56.616624,1200.25,33.0,0.0
12457,56.617204,1200.25,33.0,0.0
12458,56.62592,1200.25,33.0,0.0
12459,56.626404,1200.25,33.0,0.0
12460,56.636556,1200.0,33.0,0.0
12461,56.636856,1200.0,33.0,0.0
12462,56.646008,1200.0,33.0,0.0
12463,56.647572,1200.0,33.0,0.0
12464,56.656824,1200.5,33.0,0.0
12465,56.657672,1200.5,33.0,0.0
12466,56.66594,1200.5,33.0,0.0
12467,56.666488,1200.5,33.0,0.0
12468,56.676672,1200.0,33.0,0.0
12469,56.6779,1200.0,33.0,0.0
12470,56.685968,1200.75,33.0,0.0
12471,56.686296,1200.75,33.0,0.0
12472,56.696424,1201.0,33.0,0.0
12473,56.697576,1201.0,33.0,0.0
12474,56.705968,1200.5,33.0,0.0
12475,56.706244,1200.5,33.0,0.0
12476,56.7116,1200.5,33.0,0.0
12477,56.711896,1200.5,33.0,0.0
12478,56.716532,1200.5,33.0,0.0
12479,56.7174,1200.5,33.0,0.0
12480,56.72598,1201.0,33.0,0.0
12481,56.726264,1201.0,33.0,0.0
12482,56.736512,1200.75,33.0,0.0
12483,56.737392,1200.75,33.0,0.0
12484,56.745912,1199.75,33.0,0.0
12485,56.746212,1199.75,33.0,0.0
12486,56.756756,1200.5,33.0,0.0
12487,56.757608,1200.5,33.0,0.0
12488,56.766096,1200.75,33.0,0.0
12489,56.76694,1200.75,33.0,0.0
12490,56.77664,1200.25,33.0,0.0
12491,56.777236,1200.25,33.0,0.0
12492,56.785976,1200.5,33.0,0.0
12493,56.786256,1200.5,33.0,0.0
12494,56.796348,1200.5,33.0,0.0
12495,56.796652,1200.5,33.0,0.0
12496,56.805924,1200.25,33.0,0.0
12497,56.806212,1200.25,33.0,0.0
12498,56.81144,1200.25,33.0,0.0
12499,56.811732,1200.25,33.0,0.0
12500,56.816608,1200.25,33.0,0.0
12501,56.81718,1200.25,33.0,0.0
12502,56.825944,1200.25,33.0,0.0
12503,56.826232,1200.25,33.0,0.0
12504,56.836544,1200.25,33.0,0.0
12505,56.836848,1200.25,33.0,0.0
12506,56.846204,1200.0,33.0,0.0
12507,56.8465,1200.0,33.0,0.0
12508,56.85688,1200.75,33.0,0.0
12509,56.85772,1200.75,33.0,0.0
12510,56.865964,1201.0,33.0,0.0
12511,56.866324,1201.0,33.0,0.0
12512,56.87672,1200.5,33.0,0.0
12513,56.877572,1200.5,33.0,0.0
12514,56.885984,1200.5,33.0,0.0
12515,56.886264,1200.5,33.0,0.0
12516,56.896396,1201.25,33.0,0.0
12517,56.897264,1201.25,33.0,0.0
12518,56.905892,1201.0,33.0,0.0
12519,56.906176,1201.0,33.0,0.0
12520,56.911428,1200.5,33.0,0.0
12521,56.911724,1200.5,33.0,0.0
12522,56.916608,1200.5,33.0,0.0
12523,56.917196,1200.5,33.0,0.0
12524,56.926052,1200.5,33.0,0.0
12525,56.92634,1200.5,33.0,0.0
12526,56.936568,1200.25,33.0,0.0
12527,56.936872,1200.25,33.0,0.0
12528,56.945916,1199.5,33.0,0.0
12529,56.946212,1199.5,33.0,0.0
12530,56.956748,1200.0,33.0,0.0
12531,56.957608,1200.0,33.0,0.0
12532,56.966064,1200.25,33.0,0.0
12533,56.966348,1200.25,33.0,0.0
12534,56.976688,1200.25,33.0,0.0
12535,56.977276,1200.25,33.0,0.0
12536,56.986032,1200.75,33.0,0.0
12537,56.986312,1200.75,33.0,0.0
12538,56.996396,1201.0,33.0,0.0
12539,56.996984,1201.0,33.0,0.0
12540,57.005948,1200.75,33.0,0.0
12541,57.006316,1200.75,33.0,0.0
12542,57.01156,1200.75,33.0,0.0
12543,57.011856,1200.75,33.0,0.0
12544,57.016712,1200.75,33.0,0.0
12545,57.017288,1200.75,33.0,0.0
12546,57.026108,1200.75,33.0,0.0
12547,57.026396,1200.75,33.0,0.0
12548,57.03652,1200.25,33.0,0.0
12549,57.036824,1200.25,33.0,0.0
12550,57.045924,1199.75,33.0,0.0
12551,57.04622,1199.75,33.0,0.0
12552,57.056764,1200.75,33.0,0.0
12553,57.057616,1200.75,33.0,0.0
12554,57.066044,1200.75,33.0,0.0
12555,57.066332,1200.75,33.0,0.0
12556,57.076744,1200.0,33.0,0.0
12557,57.077048,1200.0,33.0,0.0
12558,57.086024,1200.25,33.0,0.0
12559,57.086312,1200.25,33.0,0.0
12560,57.096396,1200.5,33.0,0.0
12561,57.097256,1200.5,33.0,0.0
12562,57.10594,1200.75,33.0,0.0
12563,57.10622,1200.75,33.0,0.0
12564,57.111444,1200.5,33.0,0.0
12565,57.111732,1200.5,33.0,0.0
12566,57.11668,1200.5,33.0,0.0
12567,57.11754,1200.5,33.0,0.0
12568,57.126336,1200.0,33.0,0.0
12569,57.126624,1200.0,33.0,0.0
12570,57.136636,1200.25,33.0,0.0
12571,57.136928,1200.25,33.0,0.0
12572,57.145932,1200.0,33.0,0.0
12573,57.146236,1200.0,33.0,0.0
12574,57.156772,1200.25,33.0,0.0
12575,57.157624,1200.25,33.0,0.0
12576,57.16616,1200.25,33.0,0.0
12577,57.166448,1200.25,33.0,0.0
12578,57.176628,1200.0,33.0,0.0
12579,57.176932,1200.0,33.0,0.0
12580,57.186,1200.25,33.0,0.0
12581,57.186288,1200.25,33.0,0.0
12582,57.196404,1200.25,33.0,0.0
12583,57.196992,1200.25,33.0,0.0
12584,57.205924,1200.0,33.0,0.0
12585,57.206208,1200.0,33.0,0.0
12586,57.211488,1200.0,33.0,0.0
12587,57.21178,1200.0,33.0,0.0
12588,57.216656,1200.0,33.0,0.0
12589,57.217236,1200.0,33.0,0.0
12590,57.22614,1200.0,33.0,0.0
12591,57.226428,1200.0,33.0,0.0
12592,57.236568,1200.0,33.0,0.0
12593,57.237168,1200.0,33.0,0.0
12594,57.246024,1199.5,33.0,0.0
12595,57.24632,1199.5,33.0,0.0
12596,57.256736,1200.25,33.0,0.0
12597,57.257584,1200.25,33.0,0.0
12598,57.266012,1200.5,33.0,0.0
12599,57.270712,1200.5,33.0,0.0
12600,57.276728,1200.25,33.0,0.0
12601,57.277308,1200.25,33.0,0.0
12602,57.286072,1200.25,33.0,0.0
12603,57.28636,1200.25,33.0,0.0
12604,57.296412,1200.5,33.0,0.0
12605,57.297264,1200.5,33.0,0.0
12606,57.305956,1200.25,33.0,0.0
12607,57.306244,1200.25,33.0,0.0
12608,57.311584,1200.0,33.0,0.0
12609,57.31188,1200.0,33.0,0.0
12610,57.316616,1200.0,33.0,0.0
12611,57.317488,1200.0,33.0,0.0
12612,57.326052,1200.0,33.0,0.0
12613,57.326336,1200.0,33.0,0.0
12614,57.336856,1199.75,33.0,0.0
12615,57.337432,1199.75,33.0,0.0
12616,57.345932,1199.25,33.0,0.0
12617,57.346228,1199.25,33.0,0.0
12618,57.356772,1200.25,33.0,0.0
12619,57.357624,1200.25,33.0,0.0
12620,57.366092,1200.5,33.0,0.0
12621,57.36638,1200.5,33.0,0.0
12622,57.376636,1200.25,33.0,0.0
12623,57.37694,1200.25,33.0,0.0
12624,57.386256,1200.5,33.0,0.0
12625,57.38654,1200.5,33.0,0.0
12626,57.396412,1201.0,33.0,0.0
12627,57.397008,1201.0,33.0,0.0
12628,57.40594,1200.75,33.0,0.0
12629,57.406224,1200.75,33.0,0.0
12630,57.41146,1200.5,33.0,0.0
12631,57.411748,1200.5,33.0,0.0
12632,57.416648,1200.5,33.0,0.0
12633,57.417228,1200.5,33.0,0.0
12634,57.425944,1200.25,33.0,0.0
12635,57.426224,1200.25,33.0,0.0
12636,57.436544,1200.25,33.0,0.0
12637,57.43684,1200.25,33.0,0.0
12638,57.44594,1199.5,33.0,0.0
12639,57.446416,1199.5,33.0,0.0
12640,57.456752,1200.0,33.0,0.0
12641,57.4576,1200.0,33.0,0.0
12642,57.465988,1200.0,33.0,0.0
12643,57.466272,1200.0,33.0,0.0
12644,57.47676,1199.75,33.0,0.0
12645,57.477064,1199.75,33.0,0.0
12646,57.486088,1200.5,33.0,0.0
12647,57.486368,1200.5,33.0,0.0
12648,57.496452,1200.75,33.0,0.0
12649,57.49732,1200.75,33.0,0.0
12650,57.505948,1200.5,33.0,0.0
12651,57.506232,1200.5,33.0,0.0
12652,57.511452,1200.5,33.0,0.0
12653,57.511748,1200.5,33.0,0.0
12654,57.516664,1200.5,33.0,0.0
12655,57.517252,1200.5,33.0,0.0
12656,57.526248,1200.5,33.0,0.0
12657,57.526536,1200.5,33.0,0.0
12658,57.536676,1200.25,33.0,0.0
12659,57.536976,1200.25,33.0,0.0
12660,57.546024,1199.75,33.0,0.0
12661,57.546596,1199.75,33.0,0.0
12662,57.55676,1200.5,33.0,0.0
12663,57.557616,1200.5,33.0,0.0
12664,57.566068,1200.75,33.0,0.0
12665,57.566348,1200.75,33.0,0.0
12666,57.576776,1200.0,33.0,0.0
12667,57.577072,1200.0,33.0,0.0
12668,57.586008,1199.75,33.0,0.0
12669,57.586296,1199.75,33.0,0.0
12670,57.596428,1200.25,33.0,0.0
12671,57.597016,1200.25,33.0,0.0
12672,57.605948,1200.25,33.0,0.0
12673,57.606232,1200.25,33.0,0.0
12674,57.611756,1200.0,33.0,0.0
12675,57.612048,1200.0,33.0,0.0
12676,57.616656,1200.0,33.0,0.0
12677,57.617228,1200.0,33.0,0.0
12678,57.626024,1199.75,33.0,0.0
12679,57.626444,1199.75,33.0,0.0
12680,57.636824,1200.0,33.0,0.0
12681,57.637136,1200.0,33.0,0.0
12682,57.645964,1199.75,33.0,0.0
12683,57.646276,1199.75,33.0,0.0
12684,57.6566,1200.0,33.0,0.0
12685,57.65718,1200.0,33.0,0.0
12686,57.665976,1200.0,33.0,0.0
12687,57.666256,1200.0,33.0,0.0
12688,57.676808,1199.75,33.0,0.0
12689,57.67738,1199.75,33.0,0.0
12690,57.686096,1200.0,33.0,0.0
12691,57.686384,1200.0,33.0,0.0
12692,57.696436,1200.5,33.0,0.0
12693,57.697296,1200.5,33.0,0.0
12694,57.705928,1200.0,33.0,0.0
12695,57.706216,1200.0,33.0,0.0
12696,57.711452,1200.0,33.0,0.0
12697,57.711748,1200.0,33.0,0.0
12698,57.716628,1200.0,33.0,0.0
12699,57.717504,1200.0,33.0,0.0
12700,57.726532,1199.75,33.0,0.0
12701,57.72682,1199.75,33.0,0.0
12702,57.736824,1199.75,33.0,0.0
12703,57.73746,1199.75,33.0,0.0
12704,57.745948,1199.25,33.0,0.0
12705,57.746244,1199.25,33.0,0.0
12706,57.756844,1199.75,33.0,0.0
12707,57.757696,1199.75,33.0,0.0
12708,57.766084,1200.0,33.0,0.0
12709,57.766364,1200.0,33.0,0.0
12710,57.776636,1200.0,33.0,0.0
12711,57.777216,1200.0,33.0,0.0
12712,57.786064,1200.0,33.0,0.0
12713,57.786344,1200.0,33.0,0.0
12714,57.796428,1200.0,33.0,0.0
12715,57.797024,1200.0,33.0,0.0
12716,57.80598,1200.25,33.0,0.0
12717,57.806264,1200.25,33.0,0.0
12718,57.8116,1200.25,33.0,0.0
12719,57.811896,1200.25,33.0,0.0
12720,57.816652,1200.25,33.0,0.0
12721,57.817228,1200.25,33.0,0.0
12722,57.825984,1199.75,33.0,0.0
12723,57.826272,1199.75,33.0,0.0
12724,57.836692,1199.5,33.0,0.0
12725,57.836992,1199.5,33.0,0.0
12726,57.845988,1199.25,33.0,0.0
12727,57.847848,1199.25,33.0,0.0
12728,57.856944,1199.75,33.0,0.0
12729,57.857784,1199.75,33.0,0.0
12730,57.866,1200.0,33.0,0.0
12731,57.866344,1200.0,33.0,0.0
12732,57.876716,1199.75,33.0,0.0
12733,57.877928,1199.75,33.0,0.0
12734,57.886072,1200.0,33.0,0.0
12735,57.886352,1200.0,33.0,0.0
12736,57.89646,1200.5,33.0,0.0
12737,57.8976,1200.5,33.0,0.0
12738,57.905964,1200.75,33.0,0.0
12739,57.906248,1200.75,33.0,0.0
12740,57.911772,1200.25,33.0,0.0
12741,57.912064,1200.25,33.0,0.0
12742,57.916696,1200.25,33.0,0.0
12743,57.917832,1200.25,33.0,0.0
12744,57.926008,1200.5,33.0,0.0
12745,57.926288,1200.5,33.0,0.0
12746,57.93678,1200.5,33.0,0.0
12747,57.937084,1200.5,33.0,0.0
12748,57.945972,1200.25,33.0,0.0
12749,57.946276,1200.25,33.0,0.0
12750,57.956768,1200.25,33.0,0.0
12751,57.957612,1200.25,33.0,0.0
12752,57.966084,1200.5,33.0,0.0
12753,57.96636,1200.5,33.0,0.0
12754,57.97666,1200.25,33.0,0.0
12755,57.977104,1200.25,33.0,0.0
12756,57.98604,1200.5,33.0,0.0
12757,57.98632,1200.5,33.0,0.0
12758,57.9964,1200.75,33.0,0.0
12759,57.996992,1200.75,33.0,0.0
12760,58.006052,1200.5,33.0,0.0
12761,58.00638,1200.5,33.0,0.0
12762,58.011608,1200.5,33.0,0.0
12763,58.0119,1200.5,33.0,0.0
12764,58.016736,1200.5,33.0,0.0
12765,58.0173,1200.5,33.0,0.0
12766,58.025936,1200.75,33.0,0.0
12767,58.026212,1200.75,33.0,0.0
12768,58.036804,1200.75,33.0,0.0
12769,58.037108,1200.75,33.0,0.0
12770,58.045956,1200.25,33.0,0.0
12771,58.046252,1200.25,33.0,0.0
12772,58.056792,1201.25,33.0,0.0
12773,58.057636,1201.25,33.0,0.0
12774,58.06606,1201.5,33.0,0.0
12775,58.066336,1201.5,33.0,0.0
12776,58.07706,1201.0,33.0,0.0
12777,58.077792,1201.0,33.0,0.0
12778,58.086244,1201.0,33.0,0.0
12779,58.086532,1201.0,33.0,0.0
12780,58.096416,1201.5,33.0,0.0
12781,58.09728,1201.5,33.0,0.0
12782,58.105952,1201.25,33.0,0.0
12783,58.106232,1201.25,33.0,0.0
12784,58.11146,1200.75,33.0,0.0
12785,58.111752,1200.75,33.0,0.0
12786,58.11662,1200.75,33.0,0.0
12787,58.117488,1200.75,33.0,0.0
12788,58.12622,1200.5,33.0,0.0
12789,58.1265,1200.5,33.0,0.0
12790,58.13682,1200.5,33.0,0.0
12791,58.137124,1200.5,33.0,0.0
12792,58.145964,1199.75,33.0,0.0
12793,58.146276,1199.75,33.0,0.0
12794,58.156832,1200.25,33.0,0.0
12795,58.157688,1200.25,33.0,0.0
12796,58.166132,1200.5,33.0,0.0
12797,58.16642,1200.5,33.0,0.0
12798,58.176724,1200.25,33.0,0.0
12799,58.177856,1200.25,33.0,0.0
12800,58.18622,1200.5,33.0,0.0
12801,58.186504,1200.5,33.0,0.0
12802,58.196452,1201.25,33.0,0.0
12803,58.197048,1201.25,33.0,0.0
12804,58.20596,1200.5,33.0,0.0
12805,58.20624,1200.5,33.0,0.0
12806,58.211608,1200.25,33.0,0.0
12807,58.2119,1200.25,33.0,0.0
12808,58.216676,1200.25,33.0,0.0
12809,58.21726,1200.25,33.0,0.0
12810,58.226172,1200.25,33.0,0.0
12811,58.226456,1200.25,33.0,0.0
12812,58.236788,1200.25,33.0,0.0
12813,58.237376,1200.25,33.0,0.0
12814,58.246004,1199.75,33.0,0.0
12815,58.246308,1199.75,33.0,0.0
12816,58.256768,1200.5,33.0,0.0
12817,58.25762,1200.5,33.0,0.0
12818,58.26604,1200.75,33.0,0.0
12819,58.270416,1200.75,33.0,0.0
12820,58.277168,1200.5,33.0,0.0
12821,58.2782,1200.5,33.0,0.0
12822,58.286192,1200.25,33.0,0.0
12823,58.28648,1200.25,33.0,0.0
12824,58.296416,1200.25,33.0,0.0
12825,58.297,1200.25,33.0,0.0
12826,58.305968,1200.5,33.0,0.0
12827,58.306248,1200.5,33.0,0.0
12828,58.311508,1200.5,33.0,0.0
12829,58.3118,1200.5,33.0,0.0
12830,58.316668,1200.5,0.0,0.0
12831,58.317256,1200.5,0.0,0.0
12832,58.326268,1200.25,0.0,0.0
12833,58.326556,1200.25,0.0,0.0
12834,58.337068,1200.25,0.0,0.0
12835,58.33764,1200.25,0.0,0.0
12836,58.346248,1200.0,0.0,0.0
12837,58.346552,1200.0,0.0,0.0
12838,58.356768,1200.5,0.0,0.0
12839,58.35762,1200.5,0.0,0.0
12840,58.366048,1200.5,0.0,0.0
12841,58.366328,1200.5,0.0,0.0
12842,58.37674,1200.0,0.0,0.0
12843,58.377312,1200.0,0.0,0.0
12844,58.386408,1200.25,0.0,0.0
12845,58.386972,1200.25,0.0,0.0
12846,58.396468,1200.5,0.0,0.0
12847,58.397064,1200.5,0.0,0.0
12848,58.405984,1200.5,0.0,0.0
12849,58.406264,1200.5,0.0,0.0
12850,58.411632,1200.25,0.0,0.0
12851,58.411924,1200.25,0.0,0.0
12852,58.417004,1200.25,0.0,0.0
12853,58.417856,1200.25,0.0,0.0
12854,58.426244,1200.25,0.0,0.0
12855,58.426532,1200.25,0.0,0.0
12856,58.436688,1200.25,0.0,0.0
12857,58.436992,1200.25,0.0,0.0
12858,58.446248,1200.0,0.0,0.0
12859,58.447112,1200.0,0.0,0.0
12860,58.45684,1200.25,0.0,0.0
12861,58.457688,1200.25,0.0,0.0
12862,58.466064,1200.25,0.0,0.0
12863,58.466376,1200.25,0.0,0.0
12864,58.477216,1200.5,0.0,0.0
12865,58.47768,1200.5,0.0,0.0
12866,58.486176,1200.75,0.0,0.0
12867,58.486456,1200.75,0.0,0.0
12868,58.496464,1200.75,0.0,0.0
12869,58.497336,1200.75,0.0,0.0
12870,58.506008,1200.5,0.0,0.0
12871,58.506288,1200.5,0.0,0.0
12872,58.511776,1200.5,0.0,0.0
12873,58.512072,1200.5,0.0,0.0
12874,58.516668,1200.5,,
12875,58.517256,1200.5,,
